Runs Scored,Wickets Lost,Got All Out,Runs Conceded,Opponent Wickets Taken,Opponent All Out,Total Runs Scored,Balls Faced,R0,W0,R1,W1,Target,ClusterID,Non Home Runs,Home,Current_NHR,Predicted_NHR,Abs_Error
222.621,7.38389,0.393365,235.517,7.54976,0.336493,0,1,172,2,28,2,272,0,0,0,21,16.5605,4.43947
222.621,7.38389,0.393365,235.517,7.54976,0.336493,0,5,119,6,16,1,0,1,0,0,10,10.8325,-0.832481
223.373,7.09016,0.344262,227.578,7.47541,0.385246,111,135,183,2,35,0,0,0,47,0,16,18.1987,-2.19873
237.176,7.17647,0.289593,230.633,7.45701,0.384615,0,0,181,4,32,1,320,1,0,1,11,15.0658,-4.06582
237.176,7.17647,0.289593,230.633,7.45701,0.384615,0,0,139,4,23,0,0,0,0,1,22,16.2328,5.7672
237.176,7.17647,0.289593,230.633,7.45701,0.384615,0,0,176,5,35,1,319,0,0,1,27,16.7106,10.2894
237.176,7.17647,0.289593,230.633,7.45701,0.384615,0,0,176,5,35,1,319,0,0,1,27,16.7106,10.2894
242.378,7.15058,0.339768,244.568,7.12741,0.30888,3,6,160,5,18,2,256,1,3,0,15,15.5097,-0.509671
217.33,7.15909,0.3125,225.278,7.57386,0.380682,0,0,129,3,19,0,0,1,0,1,10,14.2854,-4.2854
237.176,7.17647,0.289593,230.633,7.45701,0.384615,8,10,122,4,12,3,0,1,4,0,13,10.0301,2.96987
233.745,7.39674,0.36413,227.951,7.30435,0.353261,86,113,147,4,26,0,210,4,50,0,3,10.8003,-7.80027
242.378,7.15058,0.339768,244.568,7.12741,0.30888,0,0,104,4,20,0,0,1,0,0,7,11.4646,-4.46464
212.077,7.5,0.380282,227.704,6.97887,0.316901,46,59,101,4,23,0,0,4,30,0,9,13.78,-4.78001
223.373,7.09016,0.344262,227.578,7.47541,0.385246,38,45,178,1,28,1,0,4,28,0,19,18.1127,0.887297
239.627,7.69737,0.372807,232.079,7.23246,0.337719,58,57,230,2,44,0,0,4,26,0,22,19.3704,2.62955
234.274,7.4,0.373684,232.363,7.33158,0.342105,0,0,216,3,28,1,378,1,0,0,10,13.6949,-3.69487
223.373,7.09016,0.344262,227.578,7.47541,0.385246,28,49,128,5,27,0,0,1,24,0,18,18.9225,-0.922451
219.527,7.65455,0.290909,202.727,7.56364,0.4,0,0,120,4,18,2,267,3,0,0,27,18.7188,8.28117
223.373,7.09016,0.344262,227.578,7.47541,0.385246,70,103,177,2,27,1,0,4,56,0,30,18.9932,11.0068
217.33,7.15909,0.3125,225.278,7.57386,0.380682,2,7,127,4,25,3,304,3,2,1,13,12.8514,0.148577
217.33,7.15909,0.3125,225.278,7.57386,0.380682,0,0,127,4,25,3,304,1,0,1,13,13.1952,-0.195174
223.373,7.09016,0.344262,227.578,7.47541,0.385246,1,2,152,3,21,1,0,4,1,0,17,19.0105,-2.01045
234.274,7.4,0.373684,232.363,7.33158,0.342105,1,12,121,6,12,2,252,3,1,0,15,13.469,1.53102
239.627,7.69737,0.372807,232.079,7.23246,0.337719,0,0,164,2,30,0,248,4,0,0,12,16.707,-4.70697
233.745,7.39674,0.36413,227.951,7.30435,0.353261,19,46,150,4,14,1,0,0,19,0,25,15.1486,9.85138
234.274,7.4,0.373684,232.363,7.33158,0.342105,11,14,182,1,32,1,0,4,7,0,20,18.7677,1.23231
217.33,7.15909,0.3125,225.278,7.57386,0.380682,5,6,200,7,15,1,357,1,5,1,15,11.3666,3.63339
237.176,7.17647,0.289593,230.633,7.45701,0.384615,21,60,105,6,17,0,144,4,17,0,3,8.1472,-5.1472
223.373,7.09016,0.344262,227.578,7.47541,0.385246,2,8,150,3,15,1,220,4,2,0,23,15.196,7.80398
239.627,7.69737,0.372807,232.079,7.23246,0.337719,58,73,182,3,26,0,227,4,42,0,5,10.0664,-5.06639
237.176,7.17647,0.289593,230.633,7.45701,0.384615,0,0,109,5,13,3,0,3,0,0,5,6.26356,-1.26356
217.33,7.15909,0.3125,225.278,7.57386,0.380682,52,59,112,3,31,1,0,4,30,1,24,17.8538,6.14616
217.33,7.15909,0.3125,225.278,7.57386,0.380682,4,7,112,3,31,1,0,4,4,1,24,17.8538,6.14616
237.176,7.17647,0.289593,230.633,7.45701,0.384615,4,10,176,5,24,1,301,1,4,0,21,15.8026,5.19735
234.274,7.4,0.373684,232.363,7.33158,0.342105,8,41,107,8,7,0,0,1,4,0,6,5.61379,0.386213
212.077,7.5,0.380282,227.704,6.97887,0.316901,0,0,129,2,24,1,0,1,0,1,15,15.3285,-0.328457
212.077,7.5,0.380282,227.704,6.97887,0.316901,0,0,129,2,24,1,0,1,0,1,15,15.3285,-0.328457
234.274,7.4,0.373684,232.363,7.33158,0.342105,16,19,127,6,29,1,0,0,8,1,12,14.7124,-2.71237
233.745,7.39674,0.36413,227.951,7.30435,0.353261,67,73,109,6,42,1,0,4,31,0,20,17.2789,2.7211
239.627,7.69737,0.372807,232.079,7.23246,0.337719,35,54,141,4,20,1,219,4,23,1,12,15.621,-3.62102
239.627,7.69737,0.372807,232.079,7.23246,0.337719,91,96,163,3,41,0,291,4,61,1,26,19.5851,6.41489
237.176,7.17647,0.289593,230.633,7.45701,0.384615,6,8,144,3,31,1,0,4,2,0,15,17.8244,-2.82439
237.176,7.17647,0.289593,230.633,7.45701,0.384615,84,130,151,2,29,1,0,4,52,0,23,18.119,4.88098
233.745,7.39674,0.36413,227.951,7.30435,0.353261,17,39,100,5,25,0,0,0,17,0,23,17.0661,5.93393
233.745,7.39674,0.36413,227.951,7.30435,0.353261,76,118,175,3,16,1,0,4,48,0,17,16.8562,0.143753
233.745,7.39674,0.36413,227.951,7.30435,0.353261,0,0,175,3,16,1,0,0,0,0,17,16.3321,0.667902
233.745,7.39674,0.36413,227.951,7.30435,0.353261,3,6,175,3,16,1,0,0,3,0,17,16.3687,0.631317
233.745,7.39674,0.36413,227.951,7.30435,0.353261,0,0,175,3,16,1,0,1,0,0,17,16.3321,0.667902
233.745,7.39674,0.36413,227.951,7.30435,0.353261,0,0,153,3,23,0,271,0,0,0,16,16.1361,-0.136076
233.745,7.39674,0.36413,227.951,7.30435,0.353261,0,0,153,3,23,0,271,0,0,0,16,16.1361,-0.136076
237.176,7.17647,0.289593,230.633,7.45701,0.384615,0,0,141,4,27,0,0,1,0,0,18,16.6287,1.37132
223.373,7.09016,0.344262,227.578,7.47541,0.385246,94,119,184,3,28,0,0,4,48,0,18,17.9554,0.0446358
212.077,7.5,0.380282,227.704,6.97887,0.316901,0,4,100,7,8,2,286,3,0,0,2,5.52363,-3.52363
218.438,7.70625,0.4,211.106,7.05,0.325,14,38,127,8,16,0,0,3,14,0,7,10.3346,-3.33459
218.438,7.70625,0.4,211.106,7.05,0.325,18,29,125,3,24,0,0,3,10,0,13,15.1576,-2.15765
212.077,7.5,0.380282,227.704,6.97887,0.316901,0,0,111,5,9,2,232,3,0,0,6,10.5031,-4.50306
212.077,7.5,0.380282,227.704,6.97887,0.316901,0,2,111,5,9,2,232,3,0,0,6,10.5031,-4.50306
233.745,7.39674,0.36413,227.951,7.30435,0.353261,82,101,129,6,27,1,0,4,38,0,14,15.3101,-1.3101
233.745,7.39674,0.36413,227.951,7.30435,0.353261,0,0,129,6,27,1,0,3,0,0,14,14.6637,-0.663712
222.621,7.38389,0.393365,235.517,7.54976,0.336493,0,0,147,5,24,0,254,4,0,0,18,15.7434,2.25657
217.33,7.15909,0.3125,225.278,7.57386,0.380682,56,77,137,4,23,0,0,4,36,0,18,16.7128,1.28724
217.33,7.15909,0.3125,225.278,7.57386,0.380682,0,0,137,4,23,0,0,1,0,0,18,15.1884,2.81164
239.627,7.69737,0.372807,232.079,7.23246,0.337719,83,119,139,4,17,0,235,0,43,0,15,18.901,-3.90097
237.176,7.17647,0.289593,230.633,7.45701,0.384615,19,31,123,5,15,2,0,4,15,0,11,13.3286,-2.32859
237.176,7.17647,0.289593,230.633,7.45701,0.384615,0,0,123,5,15,2,0,1,0,0,11,13.1309,-2.13087
234.274,7.4,0.373684,232.363,7.33158,0.342105,0,0,117,4,25,1,0,1,0,0,19,15.6633,3.3367
233.745,7.39674,0.36413,227.951,7.30435,0.353261,54,93,143,3,20,1,0,4,30,0,14,17.7246,-3.7246
222.621,7.38389,0.393365,235.517,7.54976,0.336493,50,64,159,4,21,1,275,4,34,0,18,18.4422,-0.442177
222.621,7.38389,0.393365,235.517,7.54976,0.336493,0,0,159,4,21,1,275,4,0,0,18,18.0981,-0.0981407
242.378,7.15058,0.339768,244.568,7.12741,0.30888,10,36,133,5,11,0,0,4,10,1,16,14.5719,1.42808
217.33,7.15909,0.3125,225.278,7.57386,0.380682,80,103,162,1,27,0,0,4,30,0,20,17.0573,2.94273
237.176,7.17647,0.289593,230.633,7.45701,0.384615,42,61,158,4,26,1,273,4,30,0,18,16.8109,1.18906
237.176,7.17647,0.289593,230.633,7.45701,0.384615,0,0,158,4,26,1,273,1,0,0,18,16.5147,1.48526
242.378,7.15058,0.339768,244.568,7.12741,0.30888,48,64,139,3,27,0,0,4,28,1,11,18.0962,-7.09618
239.627,7.69737,0.372807,232.079,7.23246,0.337719,18,17,168,3,25,0,250,4,6,0,10,13.2928,-3.29278
234.274,7.4,0.373684,232.363,7.33158,0.342105,53,69,138,3,29,0,0,4,37,0,22,18.9609,3.03914
217.33,7.15909,0.3125,225.278,7.57386,0.380682,8,7,192,2,36,1,259,4,4,0,6,6.67029,-0.670289
217.33,7.15909,0.3125,225.278,7.57386,0.380682,0,0,192,2,36,1,259,4,0,0,6,6.67029,-0.670289
234.274,7.4,0.373684,232.363,7.33158,0.342105,40,59,199,3,28,1,0,4,36,1,20,18.1024,1.89755
234.274,7.4,0.373684,232.363,7.33158,0.342105,5,9,199,3,28,1,0,0,5,1,20,17.322,2.67798
222.621,7.38389,0.393365,235.517,7.54976,0.336493,53,85,197,3,25,1,0,4,37,0,17,18.2597,-1.25969
233.745,7.39674,0.36413,227.951,7.30435,0.353261,97,105,183,2,35,1,0,4,43,1,12,17.9084,-5.90843
223.373,7.09016,0.344262,227.578,7.47541,0.385246,32,70,148,3,24,0,0,4,24,0,15,18.7821,-3.78205
223.373,7.09016,0.344262,227.578,7.47541,0.385246,48,78,148,3,24,0,0,4,28,0,15,18.4364,-3.43636
233.745,7.39674,0.36413,227.951,7.30435,0.353261,16,8,189,3,35,1,337,4,2,1,16,17.3824,-1.38242
239.627,7.69737,0.372807,232.079,7.23246,0.337719,105,135,184,1,36,1,0,4,61,0,17,18.5257,-1.52572
239.627,7.69737,0.372807,232.079,7.23246,0.337719,0,0,184,1,36,1,0,4,0,0,17,19.088,-2.08798
233.745,7.39674,0.36413,227.951,7.30435,0.353261,116,97,225,5,22,0,347,4,34,1,15,14.9891,0.0108786
234.274,7.4,0.373684,232.363,7.33158,0.342105,76,119,145,4,14,1,202,3,56,1,15,13.8677,1.13229
242.378,7.15058,0.339768,244.568,7.12741,0.30888,0,0,175,1,27,2,0,0,0,0,19,15.7633,3.2367
239.627,7.69737,0.372807,232.079,7.23246,0.337719,38,51,143,5,29,0,0,4,22,0,16,19.0433,-3.04328
239.627,7.69737,0.372807,232.079,7.23246,0.337719,26,28,122,6,32,0,0,1,12,0,11,15.7035,-4.70354
242.378,7.15058,0.339768,244.568,7.12741,0.30888,58,83,138,5,20,2,214,1,38,0,10,13.9696,-3.96957
234.274,7.4,0.373684,232.363,7.33158,0.342105,2,4,239,2,58,1,0,1,2,1,20,17.3785,2.62155
217.33,7.15909,0.3125,225.278,7.57386,0.380682,7,19,81,6,16,0,0,1,7,0,10,11.4616,-1.46163
222.621,7.38389,0.393365,235.517,7.54976,0.336493,0,0,92,5,10,0,152,1,0,1,14,14.8554,-0.855404
222.621,7.38389,0.393365,235.517,7.54976,0.336493,70,119,105,5,18,0,0,3,58,1,17,16.7473,0.252678
222.621,7.38389,0.393365,235.517,7.54976,0.336493,8,21,105,5,18,0,0,4,8,1,17,15.1384,1.8616
222.621,7.38389,0.393365,235.517,7.54976,0.336493,0,0,105,5,18,0,0,1,0,1,17,14.9474,2.05265
237.176,7.17647,0.289593,230.633,7.45701,0.384615,46,70,132,2,17,1,0,4,38,1,25,19.0416,5.95842
237.176,7.17647,0.289593,230.633,7.45701,0.384615,1,1,145,5,10,3,279,1,1,1,17,17.5653,-0.56535
237.176,7.17647,0.289593,230.633,7.45701,0.384615,3,6,146,7,12,2,290,3,3,1,11,4.11269,6.88731
237.176,7.17647,0.289593,230.633,7.45701,0.384615,2,8,146,7,12,2,290,3,2,1,11,4.11269,6.88731
242.378,7.15058,0.339768,244.568,7.12741,0.30888,16,23,94,6,21,1,289,1,12,0,9,11.3322,-2.3322
242.378,7.15058,0.339768,244.568,7.12741,0.30888,29,30,185,2,31,0,0,4,17,0,16,18.3068,-2.30678
237.176,7.17647,0.289593,230.633,7.45701,0.384615,0,0,187,5,23,1,330,1,0,1,12,16.2883,-4.28828
237.176,7.17647,0.289593,230.633,7.45701,0.384615,54,70,153,3,32,1,0,4,40,1,27,19.8858,7.1142
242.378,7.15058,0.339768,244.568,7.12741,0.30888,0,0,116,4,20,2,0,3,0,0,17,11.1416,5.85843
242.378,7.15058,0.339768,244.568,7.12741,0.30888,46,43,189,2,31,0,0,4,18,0,12,17.8408,-5.84083
242.378,7.15058,0.339768,244.568,7.12741,0.30888,0,0,189,2,31,0,0,4,0,0,12,18.2702,-6.2702
242.378,7.15058,0.339768,244.568,7.12741,0.30888,0,0,200,3,20,1,317,0,0,0,16,14.6457,1.35433
212.077,7.5,0.380282,227.704,6.97887,0.316901,8,9,114,3,38,1,0,4,4,0,15,15.4867,-0.486673
212.077,7.5,0.380282,227.704,6.97887,0.316901,46,59,114,3,38,1,0,4,34,0,15,15.4867,-0.486673
218.438,7.70625,0.4,211.106,7.05,0.325,20,16,168,3,22,1,218,3,8,1,6,4.79357,1.20643
218.438,7.70625,0.4,211.106,7.05,0.325,22,35,133,5,17,0,0,1,14,1,16,16.7644,-0.764402
218.438,7.70625,0.4,211.106,7.05,0.325,0,0,133,5,17,0,0,1,0,1,16,16.3511,-0.351131
212.077,7.5,0.380282,227.704,6.97887,0.316901,0,0,131,2,18,2,0,1,0,0,11,13.1892,-2.18915
218.438,7.70625,0.4,211.106,7.05,0.325,0,2,111,4,12,2,194,3,0,1,16,12.3948,3.60523
217.33,7.15909,0.3125,225.278,7.57386,0.380682,77,86,197,4,24,0,269,4,31,0,1,5.65505,-4.65505
217.33,7.15909,0.3125,225.278,7.57386,0.380682,13,32,151,8,21,0,342,3,9,0,2,7.73206,-5.73206
217.33,7.15909,0.3125,225.278,7.57386,0.380682,0,0,151,8,21,0,342,1,0,0,2,8.58544,-6.58544
223.373,7.09016,0.344262,227.578,7.47541,0.385246,70,103,151,4,21,1,0,4,28,0,15,18.1811,-3.18109
223.373,7.09016,0.344262,227.578,7.47541,0.385246,8,12,150,5,24,1,0,1,4,0,18,15.5754,2.42463
223.373,7.09016,0.344262,227.578,7.47541,0.385246,0,0,129,5,25,0,0,1,0,0,20,15.5452,4.45483
242.378,7.15058,0.339768,244.568,7.12741,0.30888,7,5,171,3,38,1,0,1,3,0,19,16.5293,2.47069
218.438,7.70625,0.4,211.106,7.05,0.325,8,8,138,5,23,1,285,1,4,1,9,13.9061,-4.90611
218.438,7.70625,0.4,211.106,7.05,0.325,0,0,138,5,23,1,285,1,0,1,9,13.5621,-4.56207
223.373,7.09016,0.344262,227.578,7.47541,0.385246,20,21,164,3,30,0,0,4,16,1,16,18.8626,-2.86257
237.176,7.17647,0.289593,230.633,7.45701,0.384615,11,14,135,5,24,1,0,0,11,0,21,15.8973,5.1027
237.176,7.17647,0.289593,230.633,7.45701,0.384615,55,61,143,2,33,0,212,4,33,0,12,13,-1
233.745,7.39674,0.36413,227.951,7.30435,0.353261,0,0,151,3,26,1,0,0,0,0,13,17.3156,-4.31556
239.627,7.69737,0.372807,232.079,7.23246,0.337719,0,0,113,6,21,1,0,3,0,1,5,12.143,-7.14304
223.373,7.09016,0.344262,227.578,7.47541,0.385246,72,102,132,5,17,2,237,4,56,0,9,16.8031,-7.80306
239.627,7.69737,0.372807,232.079,7.23246,0.337719,65,96,116,6,30,0,0,4,41,1,24,17.5362,6.46375
223.373,7.09016,0.344262,227.578,7.47541,0.385246,82,130,134,2,25,2,0,4,62,0,21,18.1168,2.88321
242.378,7.15058,0.339768,244.568,7.12741,0.30888,3,5,171,5,33,1,318,1,3,0,21,16.0193,4.9807
223.373,7.09016,0.344262,227.578,7.47541,0.385246,0,7,117,7,16,1,0,0,0,0,20,10.7132,9.28676
239.627,7.69737,0.372807,232.079,7.23246,0.337719,2,5,153,8,16,1,222,1,2,1,12,4.43035,7.56965
239.627,7.69737,0.372807,232.079,7.23246,0.337719,4,5,149,5,23,1,0,1,4,1,20,15.7631,4.23687
242.378,7.15058,0.339768,244.568,7.12741,0.30888,98,104,161,3,31,0,240,4,66,0,14,14.1001,-0.100136
239.627,7.69737,0.372807,232.079,7.23246,0.337719,24,49,153,5,23,0,259,0,20,1,23,16.9268,6.07325
219.527,7.65455,0.290909,202.727,7.56364,0.4,2,21,92,6,7,0,0,1,2,1,21,12.6443,8.35574
218.438,7.70625,0.4,211.106,7.05,0.325,1,8,132,8,22,1,235,3,1,0,1,3.88308,-2.88308
218.438,7.70625,0.4,211.106,7.05,0.325,0,0,87,5,18,2,0,1,0,0,11,8.98316,2.01684
237.176,7.17647,0.289593,230.633,7.45701,0.384615,79,88,145,3,41,0,0,4,39,1,22,19.7266,2.27339
233.745,7.39674,0.36413,227.951,7.30435,0.353261,25,29,136,5,29,1,308,1,17,0,3,15.2747,-12.2747
233.745,7.39674,0.36413,227.951,7.30435,0.353261,27,29,124,4,27,0,0,0,17,0,18,16.2003,1.79974
237.176,7.17647,0.289593,230.633,7.45701,0.384615,0,0,125,6,22,1,267,1,0,1,16,15.2317,0.768256
237.176,7.17647,0.289593,230.633,7.45701,0.384615,46,55,132,3,39,0,0,4,38,1,20,19.7581,0.241913
234.274,7.4,0.373684,232.363,7.33158,0.342105,20,22,168,5,21,1,276,1,12,0,14,17.0931,-3.09314
234.274,7.4,0.373684,232.363,7.33158,0.342105,0,0,138,7,17,1,297,1,0,0,5,7.11898,-2.11898
239.627,7.69737,0.372807,232.079,7.23246,0.337719,30,36,172,4,29,0,0,4,14,0,22,17.856,4.14399
239.627,7.69737,0.372807,232.079,7.23246,0.337719,66,65,172,4,29,0,0,4,26,0,22,18.2616,3.73836
242.378,7.15058,0.339768,244.568,7.12741,0.30888,1,3,160,8,10,1,307,3,1,1,11,4.31051,6.68949
242.378,7.15058,0.339768,244.568,7.12741,0.30888,39,65,160,8,10,1,307,4,29,1,11,6.11566,4.88434
242.378,7.15058,0.339768,244.568,7.12741,0.30888,1,8,161,4,19,3,291,1,1,1,17,15.1655,1.83447
242.378,7.15058,0.339768,244.568,7.12741,0.30888,73,119,140,1,28,1,0,4,49,1,18,17.1496,0.850384
239.627,7.69737,0.372807,232.079,7.23246,0.337719,54,65,181,4,26,0,292,4,36,0,25,18.0949,6.90514
242.378,7.15058,0.339768,244.568,7.12741,0.30888,7,13,188,2,15,2,318,4,7,1,11,13.9379,-2.93786
242.378,7.15058,0.339768,244.568,7.12741,0.30888,14,16,116,7,19,1,194,1,6,1,4,8.77149,-4.77149
242.378,7.15058,0.339768,244.568,7.12741,0.30888,0,0,156,3,23,0,240,0,0,1,16,14.865,1.13505
242.378,7.15058,0.339768,244.568,7.12741,0.30888,0,0,156,3,23,0,240,1,0,1,16,14.865,1.13505
242.378,7.15058,0.339768,244.568,7.12741,0.30888,0,0,200,3,23,3,0,1,0,1,16,15.287,0.712987
242.378,7.15058,0.339768,244.568,7.12741,0.30888,43,48,157,3,25,0,0,4,15,1,25,17.0914,7.90865
242.378,7.15058,0.339768,244.568,7.12741,0.30888,18,28,181,4,19,0,256,4,14,1,18,12.7835,5.21654
242.378,7.15058,0.339768,244.568,7.12741,0.30888,34,45,181,4,19,0,256,4,22,1,18,12.7835,5.21654
242.378,7.15058,0.339768,244.568,7.12741,0.30888,0,0,170,5,24,2,307,1,0,1,15,14.8591,0.140879
234.274,7.4,0.373684,232.363,7.33158,0.342105,2,9,138,3,26,1,249,0,2,1,21,15.414,5.58595
234.274,7.4,0.373684,232.363,7.33158,0.342105,30,47,138,3,26,1,249,4,18,1,21,15.6233,5.3767
233.745,7.39674,0.36413,227.951,7.30435,0.353261,16,23,123,5,21,0,0,0,12,0,19,16.1957,2.80428
217.33,7.15909,0.3125,225.278,7.57386,0.380682,33,55,94,6,35,1,256,4,25,0,7,10.5217,-3.5217
217.33,7.15909,0.3125,225.278,7.57386,0.380682,0,0,94,6,35,1,256,3,0,0,7,8.41024,-1.41024
234.274,7.4,0.373684,232.363,7.33158,0.342105,89,109,171,3,19,0,253,4,47,1,20,14.41,5.59004
217.33,7.15909,0.3125,225.278,7.57386,0.380682,0,0,138,3,13,2,0,0,0,0,19,15.0984,3.90156
234.274,7.4,0.373684,232.363,7.33158,0.342105,76,85,187,3,24,1,264,4,48,1,18,13.0437,4.95632
222.621,7.38389,0.393365,235.517,7.54976,0.336493,0,0,160,3,19,1,0,0,0,1,16,16.4994,-0.499405
234.274,7.4,0.373684,232.363,7.33158,0.342105,31,65,122,4,15,0,0,1,25,0,15,17.7847,-2.7847
222.621,7.38389,0.393365,235.517,7.54976,0.336493,3,6,135,4,22,2,0,3,3,1,11,14.141,-3.14103
218.438,7.70625,0.4,211.106,7.05,0.325,0,0,153,7,12,0,0,1,0,0,7,9.82322,-2.82322
233.745,7.39674,0.36413,227.951,7.30435,0.353261,79,86,198,2,34,1,0,4,53,1,21,19.4205,1.57947
218.438,7.70625,0.4,211.106,7.05,0.325,4,6,132,4,24,2,336,3,4,0,7,15.2984,-8.29839
237.176,7.17647,0.289593,230.633,7.45701,0.384615,2,15,95,6,4,2,0,1,2,0,7,6.21469,0.785307
233.745,7.39674,0.36413,227.951,7.30435,0.353261,7,8,219,2,36,1,341,4,3,1,19,17.8295,1.17053
234.274,7.4,0.373684,232.363,7.33158,0.342105,0,0,138,2,15,2,207,1,0,0,22,16.2666,5.73337
212.077,7.5,0.380282,227.704,6.97887,0.316901,17,21,138,4,27,0,0,1,9,1,23,17.6973,5.30268
212.077,7.5,0.380282,227.704,6.97887,0.316901,27,32,138,4,27,0,0,4,19,1,23,18.687,4.31301
234.274,7.4,0.373684,232.363,7.33158,0.342105,0,0,195,2,43,0,0,1,0,0,20,17.899,2.10105
234.274,7.4,0.373684,232.363,7.33158,0.342105,0,0,195,2,43,0,0,1,0,0,20,17.899,2.10105
212.077,7.5,0.380282,227.704,6.97887,0.316901,16,16,157,3,23,2,0,4,16,1,23,17.5219,5.47809
217.33,7.15909,0.3125,225.278,7.57386,0.380682,91,110,128,3,31,0,275,4,67,0,23,18.3989,4.60105
223.373,7.09016,0.344262,227.578,7.47541,0.385246,52,84,109,5,29,0,0,4,32,0,20,18.1908,1.80924
239.627,7.69737,0.372807,232.079,7.23246,0.337719,23,30,144,4,39,0,0,4,19,0,18,18.7277,-0.727697
239.627,7.69737,0.372807,232.079,7.23246,0.337719,38,42,200,4,30,0,0,4,26,0,25,18.5884,6.41156
218.438,7.70625,0.4,211.106,7.05,0.325,1,2,118,4,11,3,0,1,1,1,13,8.98394,4.01606
218.438,7.70625,0.4,211.106,7.05,0.325,49,97,118,4,11,3,0,4,33,1,13,9.83918,3.16082
234.274,7.4,0.373684,232.363,7.33158,0.342105,49,81,118,3,19,0,174,4,45,0,9,10.1292,-1.12917
222.621,7.38389,0.393365,235.517,7.54976,0.336493,26,29,218,3,32,1,0,4,20,0,29,18.2597,10.7403
212.077,7.5,0.380282,227.704,6.97887,0.316901,0,0,143,3,21,2,273,1,0,0,23,14.5797,8.4203
218.438,7.70625,0.4,211.106,7.05,0.325,10,20,140,6,20,0,358,1,10,0,15,12.7435,2.25647
222.621,7.38389,0.393365,235.517,7.54976,0.336493,57,57,177,1,40,1,0,4,37,0,20,18.6056,1.39442
242.378,7.15058,0.339768,244.568,7.12741,0.30888,44,41,240,3,32,0,300,4,22,0,8,13.8084,-5.80836
223.373,7.09016,0.344262,227.578,7.47541,0.385246,97,116,236,2,17,2,0,4,43,0,14,16.0507,-2.05069
223.373,7.09016,0.344262,227.578,7.47541,0.385246,0,0,236,2,17,2,0,4,0,0,14,15.293,-1.29302
222.621,7.38389,0.393365,235.517,7.54976,0.336493,103,101,225,3,38,0,309,4,61,0,19,15.0597,3.94025
223.373,7.09016,0.344262,227.578,7.47541,0.385246,0,0,189,4,20,2,0,0,0,0,14,13.9097,0.0903006
242.378,7.15058,0.339768,244.568,7.12741,0.30888,0,0,96,7,14,1,0,1,0,0,10,8.38754,1.61246
223.373,7.09016,0.344262,227.578,7.47541,0.385246,8,16,117,5,17,1,0,0,4,1,26,12.4411,13.5589
222.621,7.38389,0.393365,235.517,7.54976,0.336493,2,5,175,3,41,1,0,4,2,1,27,19.0701,7.92988
222.621,7.38389,0.393365,235.517,7.54976,0.336493,95,103,202,4,31,0,0,4,51,1,26,18.599,7.40103
222.621,7.38389,0.393365,235.517,7.54976,0.336493,37,78,151,2,24,0,211,3,31,1,8,9.65928,-1.65928
222.621,7.38389,0.393365,235.517,7.54976,0.336493,5,7,202,2,39,1,0,4,5,0,23,18.2597,4.74031
222.621,7.38389,0.393365,235.517,7.54976,0.336493,0,0,202,2,39,1,0,0,0,0,23,17.5012,5.49877
222.621,7.38389,0.393365,235.517,7.54976,0.336493,0,0,202,2,39,1,0,4,0,0,23,18.2231,4.7769
242.378,7.15058,0.339768,244.568,7.12741,0.30888,8,14,199,3,25,1,0,4,4,0,13,17.5133,-4.51333
242.378,7.15058,0.339768,244.568,7.12741,0.30888,0,0,199,3,25,1,0,0,0,0,13,16.377,-3.37696
237.176,7.17647,0.289593,230.633,7.45701,0.384615,4,5,137,3,19,2,261,1,4,1,18,17.3821,0.617933
237.176,7.17647,0.289593,230.633,7.45701,0.384615,0,0,137,3,19,2,261,0,0,1,18,17.3821,0.617933
239.627,7.69737,0.372807,232.079,7.23246,0.337719,39,45,143,4,19,1,0,4,27,0,18,16.602,1.39796
237.176,7.17647,0.289593,230.633,7.45701,0.384615,41,65,155,6,20,1,250,4,33,1,14,13.9776,0.0224009
237.176,7.17647,0.289593,230.633,7.45701,0.384615,0,0,140,5,26,1,0,0,0,1,17,16.1459,0.854052
239.627,7.69737,0.372807,232.079,7.23246,0.337719,0,0,136,2,20,0,229,4,0,0,26,16.8592,9.14085
237.176,7.17647,0.289593,230.633,7.45701,0.384615,32,25,167,4,35,1,0,4,12,1,20,20.1163,-0.11628
239.627,7.69737,0.372807,232.079,7.23246,0.337719,0,0,161,2,27,1,0,0,0,0,11,17.8936,-6.89359
237.176,7.17647,0.289593,230.633,7.45701,0.384615,29,35,146,8,22,1,297,0,17,1,3,4.53933,-1.53933
239.627,7.69737,0.372807,232.079,7.23246,0.337719,6,14,130,5,15,1,0,0,6,0,11,14.2881,-3.28813
239.627,7.69737,0.372807,232.079,7.23246,0.337719,0,0,130,5,15,1,0,1,0,0,11,14.0069,-3.00686
237.176,7.17647,0.289593,230.633,7.45701,0.384615,13,21,137,5,19,1,177,4,5,1,0,7.31982,-7.31982
234.274,7.4,0.373684,232.363,7.33158,0.342105,0,0,170,4,18,1,0,1,0,1,14,14.9697,-0.969731
239.627,7.69737,0.372807,232.079,7.23246,0.337719,39,50,165,5,23,0,0,4,27,0,24,17.6829,6.31706
239.627,7.69737,0.372807,232.079,7.23246,0.337719,15,19,165,5,23,0,0,0,7,0,24,16.7137,7.28633
234.274,7.4,0.373684,232.363,7.33158,0.342105,0,0,156,2,35,1,0,0,0,1,19,17.7627,1.23731
239.627,7.69737,0.372807,232.079,7.23246,0.337719,37,62,171,4,29,1,318,4,37,0,17,17.6867,-0.686689
239.627,7.69737,0.372807,232.079,7.23246,0.337719,0,0,171,4,29,1,318,0,0,0,17,16.2545,0.745453
234.274,7.4,0.373684,232.363,7.33158,0.342105,0,0,183,3,28,2,304,1,0,1,18,14.9294,3.07057
234.274,7.4,0.373684,232.363,7.33158,0.342105,0,0,183,3,28,2,304,1,0,1,18,14.9294,3.07057
234.274,7.4,0.373684,232.363,7.33158,0.342105,57,72,156,3,32,0,272,4,33,0,17,16.4467,0.553263
239.627,7.69737,0.372807,232.079,7.23246,0.337719,12,23,169,3,19,1,0,4,8,1,18,18.6966,-0.696592
239.627,7.69737,0.372807,232.079,7.23246,0.337719,1,3,169,3,19,1,0,4,1,1,18,18.66,-0.660007
234.274,7.4,0.373684,232.363,7.33158,0.342105,6,10,139,3,21,1,250,4,6,0,21,16.9767,4.02326
239.627,7.69737,0.372807,232.079,7.23246,0.337719,24,33,180,5,17,0,0,4,20,1,17,18.1072,-1.10718
239.627,7.69737,0.372807,232.079,7.23246,0.337719,0,0,156,6,24,0,0,3,0,1,10,12.7889,-2.78892
239.627,7.69737,0.372807,232.079,7.23246,0.337719,0,0,136,5,42,1,289,0,0,1,21,15.8078,5.19216
233.745,7.39674,0.36413,227.951,7.30435,0.353261,6,17,87,4,19,1,182,0,6,0,15,11.0023,3.99775
233.745,7.39674,0.36413,227.951,7.30435,0.353261,46,74,124,3,26,0,226,4,34,0,12,14.1973,-2.19726
233.745,7.39674,0.36413,227.951,7.30435,0.353261,5,17,139,5,20,0,0,1,5,0,16,14.8151,1.18495
237.176,7.17647,0.289593,230.633,7.45701,0.384615,0,0,160,3,23,0,0,4,0,0,13,17.9832,-4.98317
217.33,7.15909,0.3125,225.278,7.57386,0.380682,0,0,139,3,48,0,271,4,0,1,20,15.4719,4.52809
217.33,7.15909,0.3125,225.278,7.57386,0.380682,0,0,139,3,48,0,271,1,0,1,20,15.7683,4.23173
237.176,7.17647,0.289593,230.633,7.45701,0.384615,0,0,83,8,13,0,0,3,0,0,2,3.66165,-1.66165
217.33,7.15909,0.3125,225.278,7.57386,0.380682,0,0,143,6,23,0,0,1,0,1,11,12.2575,-1.25748
242.378,7.15058,0.339768,244.568,7.12741,0.30888,9,10,210,2,38,2,0,4,5,1,19,16.4513,2.54873
237.176,7.17647,0.289593,230.633,7.45701,0.384615,0,1,152,3,25,3,293,4,0,0,14,16.2016,-2.20161
237.176,7.17647,0.289593,230.633,7.45701,0.384615,20,25,161,4,17,0,0,4,8,0,24,18.595,5.405
242.378,7.15058,0.339768,244.568,7.12741,0.30888,41,44,195,3,38,0,271,0,17,1,9,12.7662,-3.7662
242.378,7.15058,0.339768,244.568,7.12741,0.30888,72,77,175,3,31,0,0,0,46,0,20,18.1557,1.84433
223.373,7.09016,0.344262,227.578,7.47541,0.385246,11,21,144,6,26,1,259,1,11,1,14,13.8846,0.115363
233.745,7.39674,0.36413,227.951,7.30435,0.353261,5,9,154,4,27,1,0,4,5,1,21,16.2375,4.7625
233.745,7.39674,0.36413,227.951,7.30435,0.353261,12,8,218,7,51,1,393,0,2,1,11,10.8419,0.158094
217.33,7.15909,0.3125,225.278,7.57386,0.380682,10,12,189,2,24,1,0,4,10,0,15,15.4244,-0.424368
222.621,7.38389,0.393365,235.517,7.54976,0.336493,38,31,158,3,36,1,295,4,22,0,23,18.9377,4.0623
222.621,7.38389,0.393365,235.517,7.54976,0.336493,0,0,158,3,36,1,295,0,0,0,23,17.4579,5.5421
222.621,7.38389,0.393365,235.517,7.54976,0.336493,44,51,133,5,38,0,0,4,40,0,20,16.9305,3.06946
222.621,7.38389,0.393365,235.517,7.54976,0.336493,0,0,133,5,38,0,0,1,0,0,20,15.0413,4.95867
217.33,7.15909,0.3125,225.278,7.57386,0.380682,2,6,113,4,28,1,233,1,2,0,21,14.8536,6.14642
212.077,7.5,0.380282,227.704,6.97887,0.316901,31,93,92,6,14,0,153,3,31,1,3,6.49768,-3.49768
218.438,7.70625,0.4,211.106,7.05,0.325,4,10,121,7,12,1,206,0,4,1,12,9.27879,2.72121
237.176,7.17647,0.289593,230.633,7.45701,0.384615,68,72,179,2,45,0,0,4,52,1,27,19.1879,7.81215
217.33,7.15909,0.3125,225.278,7.57386,0.380682,10,7,153,4,40,2,329,4,6,0,12,18.1878,-6.18782
222.621,7.38389,0.393365,235.517,7.54976,0.336493,12,12,157,0,25,1,220,4,4,0,13,11.0561,1.9439
223.373,7.09016,0.344262,227.578,7.47541,0.385246,0,0,170,5,29,1,333,1,0,1,13,15.5205,-2.5205
223.373,7.09016,0.344262,227.578,7.47541,0.385246,94,116,209,2,30,0,0,4,58,1,16,19.8074,-3.8074
223.373,7.09016,0.344262,227.578,7.47541,0.385246,0,0,209,2,30,0,0,0,0,1,16,18.9306,-2.93064
242.378,7.15058,0.339768,244.568,7.12741,0.30888,32,55,181,6,19,1,321,4,24,0,16,13.1022,2.89778
234.274,7.4,0.373684,232.363,7.33158,0.342105,47,52,156,5,18,1,0,4,29,1,20,15.4509,4.54914
234.274,7.4,0.373684,232.363,7.33158,0.342105,15,16,206,2,28,1,0,4,11,1,22,18.1024,3.89755
237.176,7.17647,0.289593,230.633,7.45701,0.384615,1,2,186,5,36,4,355,0,1,0,6,11.9169,-5.91693
222.621,7.38389,0.393365,235.517,7.54976,0.336493,0,0,126,5,32,0,0,1,0,0,7,13.7712,-6.7712
239.627,7.69737,0.372807,232.079,7.23246,0.337719,24,53,146,3,22,1,208,4,20,0,12,12.6369,-0.636898
239.627,7.69737,0.372807,232.079,7.23246,0.337719,0,0,146,3,22,1,208,4,0,0,12,12.6369,-0.636898
239.627,7.69737,0.372807,232.079,7.23246,0.337719,87,114,157,3,24,1,0,4,55,0,14,19.0916,-5.09163
239.627,7.69737,0.372807,232.079,7.23246,0.337719,12,15,157,3,24,1,0,4,8,0,14,18.0416,-4.04162
218.438,7.70625,0.4,211.106,7.05,0.325,4,10,167,3,20,1,275,4,4,0,26,18.6623,7.33771
218.438,7.70625,0.4,211.106,7.05,0.325,0,0,167,3,20,1,275,4,0,0,26,18.6623,7.33771
217.33,7.15909,0.3125,225.278,7.57386,0.380682,5,10,167,5,19,2,0,1,5,1,20,13.24,6.76003
223.373,7.09016,0.344262,227.578,7.47541,0.385246,18,23,125,6,20,0,0,4,14,1,17,16.0311,0.968931
223.373,7.09016,0.344262,227.578,7.47541,0.385246,31,59,117,4,19,0,169,4,23,1,11,12.0821,-1.0821
222.621,7.38389,0.393365,235.517,7.54976,0.336493,46,41,167,4,32,0,0,4,30,0,27,19.649,7.35102
223.373,7.09016,0.344262,227.578,7.47541,0.385246,18,28,185,5,20,0,0,1,18,1,23,16.8271,6.17286
242.378,7.15058,0.339768,244.568,7.12741,0.30888,43,53,131,4,18,0,156,0,19,0,3,7.04015,-4.04015
242.378,7.15058,0.339768,244.568,7.12741,0.30888,5,8,193,1,21,1,0,4,5,0,21,16.2427,4.7573
223.373,7.09016,0.344262,227.578,7.47541,0.385246,0,0,203,6,25,0,320,1,0,1,21,14.4587,6.54129
223.373,7.09016,0.344262,227.578,7.47541,0.385246,0,0,203,6,25,0,320,1,0,1,21,14.4587,6.54129
239.627,7.69737,0.372807,232.079,7.23246,0.337719,97,105,190,2,20,1,0,4,65,1,18,19.084,-1.084
239.627,7.69737,0.372807,232.079,7.23246,0.337719,0,0,190,2,20,1,0,0,0,1,18,17.6934,0.306589
239.627,7.69737,0.372807,232.079,7.23246,0.337719,0,0,194,3,22,1,0,0,0,1,26,17.3155,8.6845
222.621,7.38389,0.393365,235.517,7.54976,0.336493,0,0,174,4,25,0,0,0,0,0,14,15.7771,-1.7771
222.621,7.38389,0.393365,235.517,7.54976,0.336493,40,66,174,4,25,0,0,4,36,0,14,16.9262,-2.92624
222.621,7.38389,0.393365,235.517,7.54976,0.336493,0,0,174,4,25,0,0,1,0,0,14,15.7771,-1.7771
239.627,7.69737,0.372807,232.079,7.23246,0.337719,21,31,159,3,24,1,0,4,17,1,16,18.7081,-2.7081
222.621,7.38389,0.393365,235.517,7.54976,0.336493,0,0,116,4,23,0,0,4,0,0,16,15.5694,0.430605
212.077,7.5,0.380282,227.704,6.97887,0.316901,0,0,129,5,25,1,0,3,0,1,22,14.2131,7.78691
212.077,7.5,0.380282,227.704,6.97887,0.316901,28,40,180,5,36,2,321,1,24,1,24,14.4942,9.50581
212.077,7.5,0.380282,227.704,6.97887,0.316901,0,0,177,3,27,1,0,4,0,1,22,17.41,4.58999
212.077,7.5,0.380282,227.704,6.97887,0.316901,69,87,177,3,27,1,0,4,65,1,22,17.5801,4.4199
212.077,7.5,0.380282,227.704,6.97887,0.316901,0,0,162,4,32,0,0,4,0,1,24,17.8452,6.15478
212.077,7.5,0.380282,227.704,6.97887,0.316901,21,37,134,7,29,0,0,3,13,1,16,13.5884,2.41161
239.627,7.69737,0.372807,232.079,7.23246,0.337719,4,14,143,5,9,2,0,0,4,0,17,13.6588,3.34122
217.33,7.15909,0.3125,225.278,7.57386,0.380682,0,0,139,3,19,2,276,1,0,0,11,13.4575,-2.45753
222.621,7.38389,0.393365,235.517,7.54976,0.336493,63,73,158,3,48,0,0,4,47,0,23,18.5896,4.41039
237.176,7.17647,0.289593,230.633,7.45701,0.384615,71,85,194,2,28,1,0,4,45,0,20,18.575,1.42498
234.274,7.4,0.373684,232.363,7.33158,0.342105,0,0,188,3,34,1,324,1,0,1,11,13.9715,-2.97146
239.627,7.69737,0.372807,232.079,7.23246,0.337719,0,0,139,3,18,1,206,0,0,0,13,13.541,-0.541011
239.627,7.69737,0.372807,232.079,7.23246,0.337719,0,0,139,3,18,1,206,1,0,0,13,13.541,-0.541011
222.621,7.38389,0.393365,235.517,7.54976,0.336493,0,0,130,4,34,1,0,0,0,0,9,14.505,-5.505
222.621,7.38389,0.393365,235.517,7.54976,0.336493,0,0,130,4,34,1,0,1,0,0,9,14.505,-5.505
233.745,7.39674,0.36413,227.951,7.30435,0.353261,0,0,115,5,26,0,0,3,0,0,11,13.8038,-2.80383
239.627,7.69737,0.372807,232.079,7.23246,0.337719,82,113,130,3,31,1,201,4,34,0,13,12.7113,0.288708
239.627,7.69737,0.372807,232.079,7.23246,0.337719,0,0,168,3,37,0,0,0,0,0,21,17.9254,3.07463
239.627,7.69737,0.372807,232.079,7.23246,0.337719,15,25,134,3,30,0,0,4,11,0,22,19.5827,2.41728
242.378,7.15058,0.339768,244.568,7.12741,0.30888,15,17,141,6,16,1,251,1,3,1,10,8.97053,1.02947
242.378,7.15058,0.339768,244.568,7.12741,0.30888,0,5,141,6,16,1,251,1,0,1,10,8.97053,1.02947
242.378,7.15058,0.339768,244.568,7.12741,0.30888,0,0,232,4,34,0,351,1,0,1,14,14.9995,-0.999515
212.077,7.5,0.380282,227.704,6.97887,0.316901,30,28,138,5,38,0,0,1,12,0,16,16.802,-0.801991
212.077,7.5,0.380282,227.704,6.97887,0.316901,0,0,138,5,38,0,0,4,0,0,16,16.7119,-0.711916
218.438,7.70625,0.4,211.106,7.05,0.325,0,0,175,3,9,2,197,1,0,1,1,5.46427,-4.46427
212.077,7.5,0.380282,227.704,6.97887,0.316901,79,91,129,7,29,1,0,4,45,0,15,9.19073,5.80927
212.077,7.5,0.380282,227.704,6.97887,0.316901,1,12,129,7,29,1,0,3,1,0,15,12.0934,2.90665
218.438,7.70625,0.4,211.106,7.05,0.325,22,49,131,5,18,0,222,4,22,1,6,12.661,-6.66105
218.438,7.70625,0.4,211.106,7.05,0.325,28,55,131,5,18,0,222,1,24,1,6,13.373,-7.37302
233.745,7.39674,0.36413,227.951,7.30435,0.353261,9,12,179,5,22,1,0,0,9,1,15,15.3331,-0.333118
218.438,7.70625,0.4,211.106,7.05,0.325,6,7,155,6,12,2,337,3,2,0,4,6.26447,-2.26447
218.438,7.70625,0.4,211.106,7.05,0.325,12,40,155,6,12,2,337,1,12,0,4,7.0567,-3.0567
218.438,7.70625,0.4,211.106,7.05,0.325,2,4,145,3,34,1,0,4,2,0,17,17.8613,-0.861315
239.627,7.69737,0.372807,232.079,7.23246,0.337719,8,20,175,5,17,0,0,0,8,0,24,18.7235,5.27646
239.627,7.69737,0.372807,232.079,7.23246,0.337719,41,54,154,4,35,0,0,4,25,0,21,19.1511,1.84894
233.745,7.39674,0.36413,227.951,7.30435,0.353261,19,31,141,6,26,1,0,1,15,1,15,14.8004,0.199622
233.745,7.39674,0.36413,227.951,7.30435,0.353261,0,0,141,6,26,1,0,1,0,1,15,14.5191,0.480886
239.627,7.69737,0.372807,232.079,7.23246,0.337719,63,109,127,3,26,1,0,4,45,0,13,17.9834,-4.98337
239.627,7.69737,0.372807,232.079,7.23246,0.337719,0,0,127,3,26,1,0,0,0,0,13,17.5104,-4.51037
239.627,7.69737,0.372807,232.079,7.23246,0.337719,53,72,166,5,17,0,0,4,33,0,26,18.762,7.23802
239.627,7.69737,0.372807,232.079,7.23246,0.337719,21,35,146,5,21,0,0,4,13,0,23,17.2596,5.74043
237.176,7.17647,0.289593,230.633,7.45701,0.384615,52,63,175,3,27,2,240,4,40,1,15,13.5361,1.46387
237.176,7.17647,0.289593,230.633,7.45701,0.384615,0,0,144,3,26,0,213,1,0,1,11,13.1033,-2.1033
237.176,7.17647,0.289593,230.633,7.45701,0.384615,0,0,144,3,26,0,213,1,0,1,11,13.1033,-2.1033
237.176,7.17647,0.289593,230.633,7.45701,0.384615,0,0,141,6,34,0,278,0,0,1,16,14.1795,1.82045
237.176,7.17647,0.289593,230.633,7.45701,0.384615,0,0,141,6,34,0,278,1,0,1,16,14.1795,1.82045
237.176,7.17647,0.289593,230.633,7.45701,0.384615,61,85,175,3,25,1,251,4,49,1,19,15.2835,3.71647
237.176,7.17647,0.289593,230.633,7.45701,0.384615,109,120,182,1,56,0,0,4,61,1,13,16.4268,-3.42677
237.176,7.17647,0.289593,230.633,7.45701,0.384615,0,0,182,1,56,0,0,4,0,1,13,15.982,-2.98201
218.438,7.70625,0.4,211.106,7.05,0.325,0,0,144,7,25,0,348,3,0,0,8,8.34216,-0.342159
218.438,7.70625,0.4,211.106,7.05,0.325,124,117,164,6,36,0,0,4,54,1,4,7.42988,-3.42988
218.438,7.70625,0.4,211.106,7.05,0.325,0,0,164,6,36,0,0,1,0,1,4,6.69046,-2.69046
218.438,7.70625,0.4,211.106,7.05,0.325,0,0,164,6,36,0,0,3,0,1,4,5.21285,-1.21285
237.176,7.17647,0.289593,230.633,7.45701,0.384615,5,10,174,3,17,1,229,4,1,0,19,15.589,3.41098
218.438,7.70625,0.4,211.106,7.05,0.325,0,0,155,5,21,0,285,1,0,1,18,15.8855,2.1145
237.176,7.17647,0.289593,230.633,7.45701,0.384615,26,24,208,4,43,2,0,4,14,1,4,16.5902,-12.5902
222.621,7.38389,0.393365,235.517,7.54976,0.336493,0,0,176,2,34,1,0,4,0,0,16,17.8963,-1.8963
222.621,7.38389,0.393365,235.517,7.54976,0.336493,9,23,136,4,31,1,0,4,9,0,16,16.4539,-0.453854
237.176,7.17647,0.289593,230.633,7.45701,0.384615,5,8,158,4,17,1,266,1,5,1,20,17.9585,2.04149
237.176,7.17647,0.289593,230.633,7.45701,0.384615,62,73,149,4,24,0,0,4,42,1,18,17.8649,0.135071
237.176,7.17647,0.289593,230.633,7.45701,0.384615,0,0,149,4,24,0,0,1,0,1,18,16.114,1.88601
223.373,7.09016,0.344262,227.578,7.47541,0.385246,0,0,279,1,48,3,415,4,0,0,22,18.4894,3.51064
242.378,7.15058,0.339768,244.568,7.12741,0.30888,60,78,164,4,28,0,0,4,42,1,19,17.7485,1.2515
242.378,7.15058,0.339768,244.568,7.12741,0.30888,29,35,164,4,28,0,0,0,19,1,19,17.6778,1.32218
212.077,7.5,0.380282,227.704,6.97887,0.316901,29,41,118,7,21,1,263,3,17,0,8,10.5458,-2.54585
212.077,7.5,0.380282,227.704,6.97887,0.316901,1,2,118,7,21,1,263,3,1,0,8,11.9481,-3.94814
218.438,7.70625,0.4,211.106,7.05,0.325,11,11,145,5,16,2,0,1,3,1,12,12.9382,-0.938236
218.438,7.70625,0.4,211.106,7.05,0.325,0,6,145,5,16,2,0,3,0,1,12,12.5945,-0.594485
218.438,7.70625,0.4,211.106,7.05,0.325,0,0,145,5,16,2,0,1,0,1,12,12.9382,-0.938236
219.527,7.65455,0.290909,202.727,7.56364,0.4,0,0,139,5,17,2,206,3,0,0,9,11.139,-2.13895
237.176,7.17647,0.289593,230.633,7.45701,0.384615,67,63,230,2,35,0,339,4,45,0,13,13.57,-0.569974
237.176,7.17647,0.289593,230.633,7.45701,0.384615,0,0,230,2,35,0,339,4,0,0,13,13.57,-0.569974
237.176,7.17647,0.289593,230.633,7.45701,0.384615,80,82,205,2,38,0,0,4,48,0,18,18.8842,-0.884224
219.527,7.65455,0.290909,202.727,7.56364,0.4,97,50,197,5,36,0,328,4,9,0,16,15.8252,0.174791
212.077,7.5,0.380282,227.704,6.97887,0.316901,16,47,106,7,17,1,0,3,16,0,15,11.1307,3.86931
219.527,7.65455,0.290909,202.727,7.56364,0.4,2,10,137,5,22,1,0,1,2,0,13,13.1168,-0.116807
242.378,7.15058,0.339768,244.568,7.12741,0.30888,0,0,139,4,22,0,208,0,0,1,7,12.6464,-5.6464
237.176,7.17647,0.289593,230.633,7.45701,0.384615,0,0,118,4,14,2,0,1,0,0,7,12.445,-5.44501
234.274,7.4,0.373684,232.363,7.33158,0.342105,6,18,123,6,16,1,172,4,6,0,8,7.80652,0.193478
222.621,7.38389,0.393365,235.517,7.54976,0.336493,31,21,132,8,45,0,303,1,13,0,5,7.6309,-2.6309
217.33,7.15909,0.3125,225.278,7.57386,0.380682,0,0,132,3,54,0,0,0,0,0,18,17.2323,0.767679
219.527,7.65455,0.290909,202.727,7.56364,0.4,55,55,152,3,33,2,276,4,29,0,9,16.2638,-7.26376
219.527,7.65455,0.290909,202.727,7.56364,0.4,0,0,152,3,33,2,276,3,0,0,9,13.9921,-4.9921
219.527,7.65455,0.290909,202.727,7.56364,0.4,0,0,152,3,33,2,276,1,0,0,9,14.784,-5.78396
237.176,7.17647,0.289593,230.633,7.45701,0.384615,0,0,138,3,25,1,0,0,0,0,18,17.2315,0.768541
242.378,7.15058,0.339768,244.568,7.12741,0.30888,69,77,218,1,35,1,0,4,41,1,14,17.2671,-3.26708
234.274,7.4,0.373684,232.363,7.33158,0.342105,48,37,168,2,45,1,297,4,22,0,16,17.1234,-1.12339
242.378,7.15058,0.339768,244.568,7.12741,0.30888,99,109,176,3,24,0,0,4,53,1,18,17.4405,0.559528
217.33,7.15909,0.3125,225.278,7.57386,0.380682,38,67,152,5,14,3,269,4,26,0,4,12.3882,-8.38819
217.33,7.15909,0.3125,225.278,7.57386,0.380682,40,99,81,8,13,0,0,4,34,0,7,5.65484,1.34516
234.274,7.4,0.373684,232.363,7.33158,0.342105,22,33,140,7,14,1,222,4,14,0,5,7.30706,-2.30706
233.745,7.39674,0.36413,227.951,7.30435,0.353261,2,3,135,3,23,1,0,4,2,0,17,17.7195,-0.719496
223.373,7.09016,0.344262,227.578,7.47541,0.385246,0,0,160,3,7,1,218,4,0,1,6,6.49579,-0.495785
242.378,7.15058,0.339768,244.568,7.12741,0.30888,8,11,171,4,18,1,0,0,8,1,13,14.9863,-1.98634
242.378,7.15058,0.339768,244.568,7.12741,0.30888,0,0,171,4,18,1,0,1,0,1,13,14.3785,-1.37853
218.438,7.70625,0.4,211.106,7.05,0.325,0,0,173,4,13,1,0,1,0,1,26,14.4625,11.5375
218.438,7.70625,0.4,211.106,7.05,0.325,0,0,147,3,20,1,0,1,0,1,19,15.1891,3.81093
223.373,7.09016,0.344262,227.578,7.47541,0.385246,16,31,162,7,15,0,0,0,12,0,14,15.116,-1.11597
242.378,7.15058,0.339768,244.568,7.12741,0.30888,84,84,183,3,31,1,248,4,52,0,14,12.7153,1.28473
242.378,7.15058,0.339768,244.568,7.12741,0.30888,83,100,161,6,26,0,0,0,53,0,12,13.4581,-1.45814
223.373,7.09016,0.344262,227.578,7.47541,0.385246,1,4,170,4,23,1,246,1,1,0,21,14.4184,6.58156
223.373,7.09016,0.344262,227.578,7.47541,0.385246,43,64,170,4,23,1,246,4,35,0,21,15.1661,5.83394
212.077,7.5,0.380282,227.704,6.97887,0.316901,30,55,130,5,19,0,0,4,22,0,11,15.4388,-4.43876
212.077,7.5,0.380282,227.704,6.97887,0.316901,16,43,88,6,15,0,0,3,16,0,15,12.4258,2.57421
234.274,7.4,0.373684,232.363,7.33158,0.342105,7,21,186,3,33,0,0,4,7,0,15,18.4689,-3.46889
234.274,7.4,0.373684,232.363,7.33158,0.342105,0,0,186,3,33,0,0,1,0,0,15,17.899,-2.89895
234.274,7.4,0.373684,232.363,7.33158,0.342105,53,65,183,2,37,0,0,4,45,0,22,18.4086,3.59142
217.33,7.15909,0.3125,225.278,7.57386,0.380682,1,1,147,3,34,2,301,1,1,1,17,15.205,1.79505
234.274,7.4,0.373684,232.363,7.33158,0.342105,23,34,209,2,21,1,304,4,23,0,24,16.4648,7.53523
234.274,7.4,0.373684,232.363,7.33158,0.342105,4,8,209,2,21,1,304,4,4,0,24,16.4648,7.53523
242.378,7.15058,0.339768,244.568,7.12741,0.30888,48,56,189,4,30,2,0,0,26,1,21,14.9394,6.06061
234.274,7.4,0.373684,232.363,7.33158,0.342105,10,16,171,7,24,0,299,1,10,0,21,12.4296,8.5704
242.378,7.15058,0.339768,244.568,7.12741,0.30888,30,19,221,2,57,0,0,0,6,1,22,19.031,2.96895
234.274,7.4,0.373684,232.363,7.33158,0.342105,31,24,197,2,43,0,0,4,15,0,25,18.7957,6.20431
242.378,7.15058,0.339768,244.568,7.12741,0.30888,29,25,211,6,28,2,366,4,15,1,15,12.596,2.40402
223.373,7.09016,0.344262,227.578,7.47541,0.385246,0,0,171,8,28,0,240,0,0,0,12,9.48859,2.51141
223.373,7.09016,0.344262,227.578,7.47541,0.385246,84,117,159,2,27,1,0,4,60,0,6,19.4379,-13.4379
223.373,7.09016,0.344262,227.578,7.47541,0.385246,5,6,159,2,27,1,0,4,5,0,6,18.451,-12.451
237.176,7.17647,0.289593,230.633,7.45701,0.384615,0,0,197,5,26,1,0,0,0,0,16,14.9343,1.06565
237.176,7.17647,0.289593,230.633,7.45701,0.384615,0,0,124,6,22,1,231,3,0,0,14,12.1892,1.81082
237.176,7.17647,0.289593,230.633,7.45701,0.384615,68,103,148,6,19,0,0,4,56,0,20,19.0533,0.94672
239.627,7.69737,0.372807,232.079,7.23246,0.337719,43,71,149,5,13,1,215,4,31,1,14,15.9535,-1.95349
237.176,7.17647,0.289593,230.633,7.45701,0.384615,1,2,182,4,31,1,0,4,1,0,17,15.8095,1.19052
237.176,7.17647,0.289593,230.633,7.45701,0.384615,23,29,182,4,31,1,0,4,19,0,17,16.4173,0.582706
239.627,7.69737,0.372807,232.079,7.23246,0.337719,17,19,167,5,23,2,300,4,9,1,20,17.6253,2.37473
239.627,7.69737,0.372807,232.079,7.23246,0.337719,0,0,167,5,23,2,300,1,0,1,20,15.6059,4.39408
237.176,7.17647,0.289593,230.633,7.45701,0.384615,27,20,194,3,40,0,0,4,15,0,23,18.6177,4.38226
239.627,7.69737,0.372807,232.079,7.23246,0.337719,3,4,155,4,26,1,0,0,3,1,21,16.4123,4.58773
237.176,7.17647,0.289593,230.633,7.45701,0.384615,20,29,146,7,29,0,280,0,14,0,6,9.95041,-3.95041
219.527,7.65455,0.290909,202.727,7.56364,0.4,9,16,102,6,38,0,0,1,5,1,9,10.2111,-1.21112
242.378,7.15058,0.339768,244.568,7.12741,0.30888,0,1,111,5,23,2,0,3,0,0,17,10.8273,6.17271
223.373,7.09016,0.344262,227.578,7.47541,0.385246,6,8,176,3,19,3,0,4,6,0,17,16.0293,0.970726
212.077,7.5,0.380282,227.704,6.97887,0.316901,18,32,151,2,18,0,237,4,18,1,22,17.4953,4.50467
212.077,7.5,0.380282,227.704,6.97887,0.316901,0,0,124,3,23,1,0,3,0,1,16,14.1554,1.84462
223.373,7.09016,0.344262,227.578,7.47541,0.385246,4,10,151,6,17,1,0,1,4,1,20,12.0923,7.90772
222.621,7.38389,0.393365,235.517,7.54976,0.336493,12,29,165,6,18,0,243,4,8,0,16,11.9415,4.05849
223.373,7.09016,0.344262,227.578,7.47541,0.385246,2,4,191,2,40,2,0,1,2,1,21,17.5328,3.46724
242.378,7.15058,0.339768,244.568,7.12741,0.30888,55,63,162,2,25,1,268,4,41,0,12,16.2762,-4.27623
223.373,7.09016,0.344262,227.578,7.47541,0.385246,20,15,116,6,34,1,269,1,4,1,9,11.7082,-2.70817
233.745,7.39674,0.36413,227.951,7.30435,0.353261,0,0,178,3,37,1,0,4,0,0,19,17.6946,1.30537
233.745,7.39674,0.36413,227.951,7.30435,0.353261,0,0,178,3,37,1,0,1,0,0,19,16.1434,2.85658
223.373,7.09016,0.344262,227.578,7.47541,0.385246,31,38,142,3,33,4,193,4,19,1,3,6.92108,-3.92108
242.378,7.15058,0.339768,244.568,7.12741,0.30888,0,0,164,5,16,2,0,1,0,0,5,13.3409,-8.34094
242.378,7.15058,0.339768,244.568,7.12741,0.30888,0,7,169,6,21,1,300,3,0,0,5,7.31758,-2.31758
222.621,7.38389,0.393365,235.517,7.54976,0.336493,1,1,150,3,17,3,0,1,1,0,11,13.6705,-2.67052
222.621,7.38389,0.393365,235.517,7.54976,0.336493,8,11,150,3,17,3,0,4,8,0,11,13.8353,-2.83534
222.621,7.38389,0.393365,235.517,7.54976,0.336493,11,16,114,5,19,0,229,4,7,0,15,15.3137,-0.313741
222.621,7.38389,0.393365,235.517,7.54976,0.336493,0,0,114,5,19,0,229,1,0,0,15,14.7624,0.23758
234.274,7.4,0.373684,232.363,7.33158,0.342105,104,103,233,2,34,1,0,4,68,1,14,19.1857,-5.18573
234.274,7.4,0.373684,232.363,7.33158,0.342105,0,0,233,2,34,1,0,0,0,1,14,17.6633,-3.66334
234.274,7.4,0.373684,232.363,7.33158,0.342105,9,18,159,6,15,2,191,1,5,1,5,6.79577,-1.79577
234.274,7.4,0.373684,232.363,7.33158,0.342105,27,38,172,3,31,0,0,4,27,1,23,19.039,3.961
234.274,7.4,0.373684,232.363,7.33158,0.342105,102,120,172,3,31,0,0,4,66,1,23,18.98,4.02005
242.378,7.15058,0.339768,244.568,7.12741,0.30888,0,0,163,3,44,0,290,4,0,1,18,15.8645,2.13548
217.33,7.15909,0.3125,225.278,7.57386,0.380682,32,47,131,5,12,0,0,4,24,0,21,14.721,6.27895
242.378,7.15058,0.339768,244.568,7.12741,0.30888,88,94,176,3,34,0,0,4,60,1,15,18.8005,-3.80045
242.378,7.15058,0.339768,244.568,7.12741,0.30888,0,0,176,3,34,0,0,0,0,1,15,18.1794,-3.17941
233.745,7.39674,0.36413,227.951,7.30435,0.353261,36,35,178,4,34,1,0,1,16,0,10,14.6324,-4.63236
242.378,7.15058,0.339768,244.568,7.12741,0.30888,10,15,193,5,33,0,316,4,10,1,16,15.4536,0.546443
233.745,7.39674,0.36413,227.951,7.30435,0.353261,41,65,130,6,21,0,0,1,29,1,14,15.7617,-1.76171
222.621,7.38389,0.393365,235.517,7.54976,0.336493,0,0,160,3,21,1,263,4,0,0,20,16.4706,3.52941
233.745,7.39674,0.36413,227.951,7.30435,0.353261,60,84,140,5,26,0,269,4,42,1,20,15.9129,4.08705
222.621,7.38389,0.393365,235.517,7.54976,0.336493,29,28,182,7,32,0,312,1,9,0,6,7.31896,-1.31896
237.176,7.17647,0.289593,230.633,7.45701,0.384615,6,9,143,4,28,1,0,0,6,1,20,16.3197,3.68025
223.373,7.09016,0.344262,227.578,7.47541,0.385246,0,2,133,6,14,1,0,1,0,0,5,10.8117,-5.81169
237.176,7.17647,0.289593,230.633,7.45701,0.384615,70,84,186,3,26,2,0,4,58,1,14,18.3344,-4.33439
237.176,7.17647,0.289593,230.633,7.45701,0.384615,0,0,186,3,26,2,0,0,0,1,14,16.2642,-2.26416
223.373,7.09016,0.344262,227.578,7.47541,0.385246,35,35,145,5,38,0,269,1,19,0,20,17.1449,2.85505
242.378,7.15058,0.339768,244.568,7.12741,0.30888,61,89,119,5,18,0,0,4,41,0,18,14.4902,3.50975
233.745,7.39674,0.36413,227.951,7.30435,0.353261,0,0,99,7,55,0,0,0,0,0,8,9.84144,-1.84144
233.745,7.39674,0.36413,227.951,7.30435,0.353261,0,0,138,5,28,2,242,0,0,0,25,13.8941,11.1059
233.745,7.39674,0.36413,227.951,7.30435,0.353261,82,112,138,5,28,2,242,4,54,0,25,15.1553,9.84465
233.745,7.39674,0.36413,227.951,7.30435,0.353261,5,16,101,7,17,0,175,0,5,0,5,4.92585,0.0741467
212.077,7.5,0.380282,227.704,6.97887,0.316901,30,51,125,4,23,1,0,4,26,0,18,14.7339,3.26611
212.077,7.5,0.380282,227.704,6.97887,0.316901,8,9,117,5,28,1,0,3,4,0,18,13.6376,4.36242
218.438,7.70625,0.4,211.106,7.05,0.325,0,0,131,4,27,0,0,1,0,1,17,16.1591,0.840897
212.077,7.5,0.380282,227.704,6.97887,0.316901,38,77,102,7,20,1,247,3,24,0,16,10.5458,5.45415
222.621,7.38389,0.393365,235.517,7.54976,0.336493,95,136,131,2,33,0,221,4,61,0,18,14.2716,3.72839
217.33,7.15909,0.3125,225.278,7.57386,0.380682,0,0,132,4,19,3,0,3,0,1,5,8.81992,-3.81992
222.621,7.38389,0.393365,235.517,7.54976,0.336493,89,121,142,1,27,1,0,4,63,0,19,19.434,-0.433981
222.621,7.38389,0.393365,235.517,7.54976,0.336493,0,0,142,1,27,1,0,4,0,0,19,18.4105,0.589499
222.621,7.38389,0.393365,235.517,7.54976,0.336493,10,27,117,8,7,1,0,3,10,0,2,3.77083,-1.77083
217.33,7.15909,0.3125,225.278,7.57386,0.380682,46,68,111,3,29,1,0,4,28,1,18,17.431,0.568954
242.378,7.15058,0.339768,244.568,7.12741,0.30888,0,0,148,4,30,0,215,1,0,0,16,14.4777,1.52234
217.33,7.15909,0.3125,225.278,7.57386,0.380682,6,14,147,2,29,1,0,4,6,1,5,16.4507,-11.4507
217.33,7.15909,0.3125,225.278,7.57386,0.380682,0,0,147,2,29,1,0,0,0,1,5,15.6994,-10.6994
242.378,7.15058,0.339768,244.568,7.12741,0.30888,0,0,132,6,27,0,226,1,0,0,18,14.8361,3.1639
217.33,7.15909,0.3125,225.278,7.57386,0.380682,0,0,129,5,27,0,0,0,0,1,21,15.9355,5.06454
242.378,7.15058,0.339768,244.568,7.12741,0.30888,48,63,165,3,27,2,0,4,38,0,16,16.3363,-0.336346
239.627,7.69737,0.372807,232.079,7.23246,0.337719,60,84,155,4,23,0,0,4,40,0,22,17.8152,4.1848
218.438,7.70625,0.4,211.106,7.05,0.325,0,0,117,4,20,0,271,4,0,1,15,16.262,-1.26198
239.627,7.69737,0.372807,232.079,7.23246,0.337719,0,0,224,3,37,2,0,4,0,0,22,17.0923,4.90769
218.438,7.70625,0.4,211.106,7.05,0.325,22,27,191,3,27,2,362,4,16,1,17,19.6181,-2.61807
239.627,7.69737,0.372807,232.079,7.23246,0.337719,7,15,152,4,19,2,304,4,7,0,10,17.6896,-7.68959
234.274,7.4,0.373684,232.363,7.33158,0.342105,18,41,140,3,20,0,0,4,18,1,17,17.3127,-0.312698
234.274,7.4,0.373684,232.363,7.33158,0.342105,0,0,140,3,20,0,0,0,0,1,17,17.159,-0.158981
239.627,7.69737,0.372807,232.079,7.23246,0.337719,13,18,138,5,25,0,223,4,3,0,12,12.7247,-0.724706
239.627,7.69737,0.372807,232.079,7.23246,0.337719,0,0,138,5,25,0,223,3,0,0,12,12.5439,-0.54393
234.274,7.4,0.373684,232.363,7.33158,0.342105,99,117,180,2,49,0,0,4,67,1,22,19.1725,2.82749
223.373,7.09016,0.344262,227.578,7.47541,0.385246,0,0,125,4,18,2,0,1,0,1,13,12.514,0.486012
223.373,7.09016,0.344262,227.578,7.47541,0.385246,1,5,183,1,36,2,0,4,1,1,14,16.0668,-2.06683
223.373,7.09016,0.344262,227.578,7.47541,0.385246,65,118,151,4,15,0,212,4,45,1,7,9.54851,-2.54851
223.373,7.09016,0.344262,227.578,7.47541,0.385246,0,0,151,4,15,0,212,1,0,1,7,12.3246,-5.32457
223.373,7.09016,0.344262,227.578,7.47541,0.385246,28,40,141,7,23,0,232,4,20,0,9,12.8568,-3.85683
242.378,7.15058,0.339768,244.568,7.12741,0.30888,8,24,170,4,17,0,270,4,8,0,26,16.0744,9.9256
239.627,7.69737,0.372807,232.079,7.23246,0.337719,31,62,139,3,35,0,0,4,27,1,29,20.5484,8.45156
239.627,7.69737,0.372807,232.079,7.23246,0.337719,0,0,139,3,35,0,0,4,0,1,29,20.2126,8.78739
242.378,7.15058,0.339768,244.568,7.12741,0.30888,28,19,155,4,42,2,290,1,8,0,17,16.4348,0.565197
242.378,7.15058,0.339768,244.568,7.12741,0.30888,0,0,155,4,42,2,290,1,0,0,17,16.0908,0.909237
239.627,7.69737,0.372807,232.079,7.23246,0.337719,0,0,163,2,29,1,0,4,0,1,24,18.8394,5.16062
239.627,7.69737,0.372807,232.079,7.23246,0.337719,0,0,169,4,25,1,0,3,0,1,10,15.5905,-5.59049
223.373,7.09016,0.344262,227.578,7.47541,0.385246,0,0,161,3,25,1,0,1,0,0,20,17.3057,2.69426
223.373,7.09016,0.344262,227.578,7.47541,0.385246,0,0,161,3,25,1,0,1,0,0,20,17.3057,2.69426
239.627,7.69737,0.372807,232.079,7.23246,0.337719,37,48,145,6,18,0,239,4,25,1,23,16.472,6.52798
223.373,7.09016,0.344262,227.578,7.47541,0.385246,56,36,151,6,64,0,322,1,22,0,26,21.8376,4.16238
223.373,7.09016,0.344262,227.578,7.47541,0.385246,0,0,151,6,64,0,322,0,0,0,26,21.086,4.914
239.627,7.69737,0.372807,232.079,7.23246,0.337719,65,66,161,2,21,0,0,4,53,1,20,19.3978,0.602171
223.373,7.09016,0.344262,227.578,7.47541,0.385246,1,2,126,5,27,2,232,1,1,0,18,12.8449,5.15509
233.745,7.39674,0.36413,227.951,7.30435,0.353261,0,0,163,6,29,0,0,0,0,1,17,16.6625,0.33745
233.745,7.39674,0.36413,227.951,7.30435,0.353261,52,56,207,3,36,0,0,0,34,1,22,17.8382,4.16177
233.745,7.39674,0.36413,227.951,7.30435,0.353261,54,65,142,4,32,0,0,4,38,1,17,18.3904,-1.39043
233.745,7.39674,0.36413,227.951,7.30435,0.353261,21,24,142,4,32,0,0,1,17,1,17,17.1376,-0.137564
233.745,7.39674,0.36413,227.951,7.30435,0.353261,0,0,142,4,32,0,0,1,0,1,17,16.5298,0.470245
234.274,7.4,0.373684,232.363,7.33158,0.342105,34,28,159,4,45,0,254,4,14,0,17,15.8906,1.10939
233.745,7.39674,0.36413,227.951,7.30435,0.353261,4,8,171,4,10,3,0,0,4,1,10,11.1898,-1.18976
233.745,7.39674,0.36413,227.951,7.30435,0.353261,0,0,134,4,25,1,0,1,0,1,12,15.4063,-3.40632
233.745,7.39674,0.36413,227.951,7.30435,0.353261,0,0,134,4,25,1,0,0,0,1,12,15.4063,-3.40632
242.378,7.15058,0.339768,244.568,7.12741,0.30888,5,4,140,4,50,1,0,4,1,1,20,17.3531,2.64693
237.176,7.17647,0.289593,230.633,7.45701,0.384615,0,0,156,6,19,1,0,3,0,0,8,11.404,-3.40396
218.438,7.70625,0.4,211.106,7.05,0.325,5,10,103,7,19,0,0,1,5,0,25,12.4244,12.5756
218.438,7.70625,0.4,211.106,7.05,0.325,24,30,137,4,26,0,251,4,16,0,26,15.9564,10.0436
212.077,7.5,0.380282,227.704,6.97887,0.316901,0,0,136,3,33,0,248,1,0,1,11,14.6627,-3.66269
212.077,7.5,0.380282,227.704,6.97887,0.316901,0,0,136,3,33,0,248,4,0,1,11,14.9473,-3.94731
212.077,7.5,0.380282,227.704,6.97887,0.316901,59,111,117,2,20,1,0,4,39,1,11,12.8648,-1.86484
212.077,7.5,0.380282,227.704,6.97887,0.316901,0,0,117,2,20,1,0,1,0,1,11,15.3285,-4.32846
222.621,7.38389,0.393365,235.517,7.54976,0.336493,65,105,152,0,39,0,226,4,45,0,11,7.52172,3.47828
222.621,7.38389,0.393365,235.517,7.54976,0.336493,126,143,152,0,39,0,226,4,76,0,11,7.81712,3.18288
222.621,7.38389,0.393365,235.517,7.54976,0.336493,0,0,173,3,33,1,0,1,0,0,16,16.7877,-0.787668
212.077,7.5,0.380282,227.704,6.97887,0.316901,0,0,158,3,22,2,271,3,0,1,16,14.11,1.89004
212.077,7.5,0.380282,227.704,6.97887,0.316901,57,93,124,4,31,0,0,3,49,1,16,15.7061,0.293905
212.077,7.5,0.380282,227.704,6.97887,0.316901,83,87,146,4,32,1,0,4,41,1,13,18.2098,-5.20979
233.745,7.39674,0.36413,227.951,7.30435,0.353261,101,117,183,1,16,1,260,4,65,0,19,14.5675,4.43247
222.621,7.38389,0.393365,235.517,7.54976,0.336493,4,2,135,5,23,3,236,0,0,0,17,13.9175,3.08254
223.373,7.09016,0.344262,227.578,7.47541,0.385246,0,0,133,3,17,2,201,0,0,0,10,13.3311,-3.33107
222.621,7.38389,0.393365,235.517,7.54976,0.336493,56,88,140,4,26,0,219,4,36,0,21,15.4065,5.59345
222.621,7.38389,0.393365,235.517,7.54976,0.336493,0,6,137,4,24,1,251,0,0,0,17,15.1129,1.88708
222.621,7.38389,0.393365,235.517,7.54976,0.336493,1,1,144,5,19,1,0,1,1,0,13,13.5353,-0.535311
222.621,7.38389,0.393365,235.517,7.54976,0.336493,17,23,148,4,25,0,0,4,17,0,23,17.485,5.51503
222.621,7.38389,0.393365,235.517,7.54976,0.336493,0,0,148,4,25,0,0,0,0,0,23,16.0393,6.96074
217.33,7.15909,0.3125,225.278,7.57386,0.380682,0,0,161,1,41,0,0,4,0,0,19,16.5293,2.47072
217.33,7.15909,0.3125,225.278,7.57386,0.380682,0,0,161,1,41,0,0,4,0,0,19,16.5293,2.47072
218.438,7.70625,0.4,211.106,7.05,0.325,14,17,151,4,30,1,299,1,10,1,21,16.9259,4.0741
237.176,7.17647,0.289593,230.633,7.45701,0.384615,7,6,173,1,30,1,239,4,3,1,16,13.5361,2.46387
239.627,7.69737,0.372807,232.079,7.23246,0.337719,0,0,146,5,31,0,273,3,0,0,12,13.1209,-1.12093
237.176,7.17647,0.289593,230.633,7.45701,0.384615,49,84,135,2,17,0,201,4,33,1,20,13.4129,6.58706
234.274,7.4,0.373684,232.363,7.33158,0.342105,22,42,127,4,22,0,0,1,22,0,13,17.3367,-4.3367
234.274,7.4,0.373684,232.363,7.33158,0.342105,0,0,127,4,22,0,0,1,0,0,13,16.0839,-3.08395
222.621,7.38389,0.393365,235.517,7.54976,0.336493,6,9,164,3,22,3,0,4,6,0,19,15.2852,3.71476
218.438,7.70625,0.4,211.106,7.05,0.325,0,0,156,5,35,0,263,1,0,1,18,15.8099,2.19006
242.378,7.15058,0.339768,244.568,7.12741,0.30888,0,0,171,1,26,0,0,0,0,0,16,17.0365,-1.03655
223.373,7.09016,0.344262,227.578,7.47541,0.385246,62,87,151,4,13,2,0,4,46,0,8,14.6722,-6.67224
222.621,7.38389,0.393365,235.517,7.54976,0.336493,0,0,127,6,30,0,0,3,0,0,22,17.2755,4.72448
218.438,7.70625,0.4,211.106,7.05,0.325,0,0,127,3,21,0,237,4,0,1,19,15.4986,3.5014
217.33,7.15909,0.3125,225.278,7.57386,0.380682,0,7,150,5,9,1,0,0,0,0,9,10.8904,-1.89036
217.33,7.15909,0.3125,225.278,7.57386,0.380682,0,0,150,5,9,1,0,0,0,0,9,10.8904,-1.89036
217.33,7.15909,0.3125,225.278,7.57386,0.380682,50,35,157,8,41,1,0,1,14,0,6,7.71505,-1.71505
217.33,7.15909,0.3125,225.278,7.57386,0.380682,15,21,124,4,25,0,0,4,9,0,13,16.8176,-3.81761
242.378,7.15058,0.339768,244.568,7.12741,0.30888,86,94,158,6,31,1,261,4,44,1,10,12.5498,-2.5498
242.378,7.15058,0.339768,244.568,7.12741,0.30888,50,42,253,1,46,0,0,0,30,1,27,19.7366,7.26339
242.378,7.15058,0.339768,244.568,7.12741,0.30888,0,0,253,1,46,0,0,4,0,1,27,20.3189,6.68112
217.33,7.15909,0.3125,225.278,7.57386,0.380682,68,71,171,8,36,1,419,1,36,0,12,7.0736,4.9264
242.378,7.15058,0.339768,244.568,7.12741,0.30888,62,66,170,3,33,1,0,4,46,1,23,17.8149,5.18505
218.438,7.70625,0.4,211.106,7.05,0.325,34,91,86,4,22,0,263,4,30,1,14,16.3616,-2.36161
222.621,7.38389,0.393365,235.517,7.54976,0.336493,9,8,117,3,15,2,0,0,5,0,12,14.925,-2.92505
217.33,7.15909,0.3125,225.278,7.57386,0.380682,33,37,148,6,7,0,221,0,15,1,13,12.6392,0.360848
239.627,7.69737,0.372807,232.079,7.23246,0.337719,9,24,172,6,13,1,295,1,5,0,7,7.98115,-0.981152
239.627,7.69737,0.372807,232.079,7.23246,0.337719,1,2,179,2,30,2,0,4,1,0,23,16.7655,6.23449
233.745,7.39674,0.36413,227.951,7.30435,0.353261,0,0,110,6,14,0,0,0,0,0,18,14.7204,3.27964
217.33,7.15909,0.3125,225.278,7.57386,0.380682,0,0,193,2,33,1,0,4,0,1,18,16.4551,1.54489
217.33,7.15909,0.3125,225.278,7.57386,0.380682,0,0,193,2,33,1,0,0,0,1,18,16.1164,1.88361
233.745,7.39674,0.36413,227.951,7.30435,0.353261,34,45,146,5,31,0,0,4,18,0,8,15.5961,-7.59613
233.745,7.39674,0.36413,227.951,7.30435,0.353261,0,0,146,5,31,0,0,0,0,0,8,14.8864,-6.88639
217.33,7.15909,0.3125,225.278,7.57386,0.380682,30,40,111,5,51,0,0,1,18,1,16,13.8351,2.16485
217.33,7.15909,0.3125,225.278,7.57386,0.380682,0,0,111,5,51,0,0,0,0,1,16,14.8973,1.10269
233.745,7.39674,0.36413,227.951,7.30435,0.353261,73,93,132,5,33,1,265,4,41,0,15,15.6768,-0.67684
223.373,7.09016,0.344262,227.578,7.47541,0.385246,17,44,73,7,20,0,0,1,17,1,7,8.52406,-1.52406
223.373,7.09016,0.344262,227.578,7.47541,0.385246,27,28,159,3,27,0,0,4,11,1,23,18.8392,4.1608
222.621,7.38389,0.393365,235.517,7.54976,0.336493,4,8,147,4,21,2,281,4,4,0,13,16.4704,-3.47045
223.373,7.09016,0.344262,227.578,7.47541,0.385246,75,119,111,3,47,0,0,4,43,1,14,17.517,-3.517
223.373,7.09016,0.344262,227.578,7.47541,0.385246,0,0,111,3,47,0,0,4,0,1,14,17.8706,-3.87062
222.621,7.38389,0.393365,235.517,7.54976,0.336493,1,3,135,2,21,2,244,4,1,0,16,15.9079,0.0921326
222.621,7.38389,0.393365,235.517,7.54976,0.336493,0,0,135,2,21,2,244,1,0,0,16,16.1012,-0.101208
242.378,7.15058,0.339768,244.568,7.12741,0.30888,13,17,189,3,34,1,0,0,13,0,19,16.0867,2.91325
223.373,7.09016,0.344262,227.578,7.47541,0.385246,36,54,154,4,18,0,0,4,36,1,20,18.2875,1.71246
242.378,7.15058,0.339768,244.568,7.12741,0.30888,108,112,163,4,54,0,252,4,64,0,8,12.9984,-4.99835
242.378,7.15058,0.339768,244.568,7.12741,0.30888,46,45,193,4,32,0,326,0,18,1,16,15.0218,0.978155
237.176,7.17647,0.289593,230.633,7.45701,0.384615,0,0,120,6,17,2,0,3,0,0,3,6.77277,-3.77277
242.378,7.15058,0.339768,244.568,7.12741,0.30888,70,94,131,5,22,1,0,0,34,1,15,15.7946,-0.79458
237.176,7.17647,0.289593,230.633,7.45701,0.384615,84,123,129,2,24,1,227,4,42,0,18,15.9032,2.09685
237.176,7.17647,0.289593,230.633,7.45701,0.384615,0,0,142,5,19,1,0,0,0,1,17,14.3549,2.64506
233.745,7.39674,0.36413,227.951,7.30435,0.353261,5,9,147,3,24,1,228,0,5,0,15,14.6056,0.394444
233.745,7.39674,0.36413,227.951,7.30435,0.353261,106,123,179,2,37,0,0,4,72,0,19,18.1783,0.821703
237.176,7.17647,0.289593,230.633,7.45701,0.384615,7,14,152,4,20,0,0,4,7,1,21,17.7553,3.2447
239.627,7.69737,0.372807,232.079,7.23246,0.337719,61,54,192,3,40,0,0,4,31,0,19,18.7654,0.234554
239.627,7.69737,0.372807,232.079,7.23246,0.337719,88,88,192,3,40,0,0,4,40,0,19,19.0852,-0.0851879
239.627,7.69737,0.372807,232.079,7.23246,0.337719,0,0,153,5,35,0,0,0,0,0,19,15.821,3.17896
237.176,7.17647,0.289593,230.633,7.45701,0.384615,17,20,123,5,28,1,228,0,13,1,21,15.6072,5.39278
223.373,7.09016,0.344262,227.578,7.47541,0.385246,36,70,107,3,10,1,0,4,30,0,17,17.5309,-0.530937
234.274,7.4,0.373684,232.363,7.33158,0.342105,55,71,125,5,35,0,0,4,43,1,7,17.3152,-10.3152
233.745,7.39674,0.36413,227.951,7.30435,0.353261,21,31,127,8,22,0,209,0,11,0,13,10.6552,2.34475
234.274,7.4,0.373684,232.363,7.33158,0.342105,9,15,177,4,20,0,280,0,9,1,15,15.1452,-0.145155
222.621,7.38389,0.393365,235.517,7.54976,0.336493,0,0,143,3,24,0,235,0,0,0,9,14.7339,-5.73394
237.176,7.17647,0.289593,230.633,7.45701,0.384615,0,0,157,2,27,1,0,1,0,0,19,17.6147,1.38532
222.621,7.38389,0.393365,235.517,7.54976,0.336493,0,1,153,4,13,3,0,1,0,0,11,11.7777,-0.777728
222.621,7.38389,0.393365,235.517,7.54976,0.336493,5,4,149,3,27,2,0,4,1,0,20,16.9586,3.04142
239.627,7.69737,0.372807,232.079,7.23246,0.337719,56,63,157,4,29,1,245,4,26,0,16,16.2548,-0.254807
239.627,7.69737,0.372807,232.079,7.23246,0.337719,0,0,114,6,20,2,0,3,0,1,13,9.8109,3.1891
223.373,7.09016,0.344262,227.578,7.47541,0.385246,15,29,103,5,35,0,248,1,7,0,19,16.0305,2.96949
239.627,7.69737,0.372807,232.079,7.23246,0.337719,0,0,126,6,33,0,0,0,0,1,19,15.4223,3.57773
239.627,7.69737,0.372807,232.079,7.23246,0.337719,28,36,153,3,28,0,221,4,20,1,12,12.2354,-0.235392
217.33,7.15909,0.3125,225.278,7.57386,0.380682,1,4,160,3,19,2,275,1,1,0,20,14.8638,5.13625
242.378,7.15058,0.339768,244.568,7.12741,0.30888,0,0,204,2,35,2,0,4,0,0,15,14.8736,0.12638
234.274,7.4,0.373684,232.363,7.33158,0.342105,0,0,208,6,35,2,332,1,0,0,8,9.48232,-1.48232
222.621,7.38389,0.393365,235.517,7.54976,0.336493,0,7,119,6,13,2,0,3,0,0,7,12.5117,-5.51174
222.621,7.38389,0.393365,235.517,7.54976,0.336493,0,0,119,6,13,2,0,3,0,0,7,12.5117,-5.51174
234.274,7.4,0.373684,232.363,7.33158,0.342105,0,0,153,3,23,0,0,1,0,0,18,17.2298,0.770224
217.33,7.15909,0.3125,225.278,7.57386,0.380682,0,0,138,5,24,1,0,1,0,0,12,11.5801,0.419928
223.373,7.09016,0.344262,227.578,7.47541,0.385246,12,19,182,2,28,1,294,1,8,0,15,16.4103,-1.41031
239.627,7.69737,0.372807,232.079,7.23246,0.337719,10,32,188,9,9,0,254,3,10,0,7,7.79114,-0.791135
233.745,7.39674,0.36413,227.951,7.30435,0.353261,9,18,127,3,24,0,0,1,9,0,23,16.8318,6.16822
218.438,7.70625,0.4,211.106,7.05,0.325,12,22,167,3,21,0,200,4,4,1,1,3.71369,-2.71369
218.438,7.70625,0.4,211.106,7.05,0.325,2,4,169,2,20,2,0,4,2,1,14,15.6676,-1.66763
218.438,7.70625,0.4,211.106,7.05,0.325,4,6,142,5,14,2,0,0,0,1,15,12.9382,2.06176
242.378,7.15058,0.339768,244.568,7.12741,0.30888,16,20,86,6,39,0,0,1,12,1,21,15.4546,5.54536
242.378,7.15058,0.339768,244.568,7.12741,0.30888,0,10,120,7,13,1,0,3,0,1,7,8.24644,-1.24644
222.621,7.38389,0.393365,235.517,7.54976,0.336493,0,4,101,4,12,2,168,1,0,0,10,11.0698,-1.06977
212.077,7.5,0.380282,227.704,6.97887,0.316901,8,41,111,6,22,0,338,3,8,0,8,12.158,-4.15798
223.373,7.09016,0.344262,227.578,7.47541,0.385246,0,0,145,4,18,2,0,1,0,0,14,13.2912,0.708844
217.33,7.15909,0.3125,225.278,7.57386,0.380682,0,0,176,6,28,1,230,3,0,1,12,11.7792,0.220755
242.378,7.15058,0.339768,244.568,7.12741,0.30888,0,0,151,3,42,2,0,1,0,0,20,16.1329,3.86709
223.373,7.09016,0.344262,227.578,7.47541,0.385246,2,7,120,2,35,3,0,4,2,0,16,16.6362,-0.636223
223.373,7.09016,0.344262,227.578,7.47541,0.385246,0,0,120,2,35,3,0,1,0,0,16,16.1245,-0.124508
222.621,7.38389,0.393365,235.517,7.54976,0.336493,85,93,144,1,41,0,0,4,45,0,22,18.7852,3.21478
222.621,7.38389,0.393365,235.517,7.54976,0.336493,76,84,144,1,41,0,0,4,44,0,22,18.4655,3.53452
222.621,7.38389,0.393365,235.517,7.54976,0.336493,15,32,144,1,41,0,0,4,9,0,22,18.4025,3.59752
219.527,7.65455,0.290909,202.727,7.56364,0.4,43,25,160,2,45,1,267,4,13,1,19,17.86,1.13999
219.527,7.65455,0.290909,202.727,7.56364,0.4,80,106,114,4,38,0,0,4,44,1,13,13.3274,-0.327445
218.438,7.70625,0.4,211.106,7.05,0.325,0,0,138,4,19,0,0,0,0,0,16,15.2749,0.725132
223.373,7.09016,0.344262,227.578,7.47541,0.385246,3,6,191,1,21,2,0,4,3,1,12,15.9873,-3.98733
212.077,7.5,0.380282,227.704,6.97887,0.316901,51,57,158,4,29,0,253,4,33,1,19,16.5907,2.40929
218.438,7.70625,0.4,211.106,7.05,0.325,20,37,127,5,29,0,0,4,16,0,18,18.835,-0.834953
223.373,7.09016,0.344262,227.578,7.47541,0.385246,8,14,126,4,21,1,0,1,4,1,15,15.3742,-0.374159
223.373,7.09016,0.344262,227.578,7.47541,0.385246,26,35,126,4,21,1,0,4,18,1,15,15.9159,-0.915887
223.373,7.09016,0.344262,227.578,7.47541,0.385246,0,0,126,4,21,1,0,1,0,1,15,14.7663,0.233654
223.373,7.09016,0.344262,227.578,7.47541,0.385246,62,46,121,7,24,0,224,0,12,1,7,13.5221,-6.5221
234.274,7.4,0.373684,232.363,7.33158,0.342105,60,94,162,3,16,3,0,4,44,0,19,16.3146,2.68535
234.274,7.4,0.373684,232.363,7.33158,0.342105,0,0,162,3,16,3,0,3,0,0,19,14.2623,4.73773
223.373,7.09016,0.344262,227.578,7.47541,0.385246,82,98,142,1,54,0,239,4,46,1,7,8.49947,-1.49947
223.373,7.09016,0.344262,227.578,7.47541,0.385246,0,0,142,1,54,0,239,4,0,1,7,11.4778,-4.4778
234.274,7.4,0.373684,232.363,7.33158,0.342105,20,61,133,8,18,0,308,1,16,0,9,7.86218,1.13782
237.176,7.17647,0.289593,230.633,7.45701,0.384615,57,81,155,4,24,1,0,1,45,0,23,16.7564,6.24356
237.176,7.17647,0.289593,230.633,7.45701,0.384615,7,8,155,4,24,1,0,0,3,0,23,16.1464,6.85364
239.627,7.69737,0.372807,232.079,7.23246,0.337719,8,15,194,7,23,0,301,0,8,1,9,9.91185,-0.911851
239.627,7.69737,0.372807,232.079,7.23246,0.337719,0,0,194,7,23,0,301,3,0,1,9,10.172,-1.17198
237.176,7.17647,0.289593,230.633,7.45701,0.384615,0,0,141,4,33,1,0,0,0,0,13,15.2,-2.19997
237.176,7.17647,0.289593,230.633,7.45701,0.384615,0,0,141,4,33,1,0,1,0,0,13,15.2,-2.19997
237.176,7.17647,0.289593,230.633,7.45701,0.384615,19,18,187,3,24,2,0,4,7,0,19,16.9813,2.01874
239.627,7.69737,0.372807,232.079,7.23246,0.337719,0,5,184,4,29,2,317,0,0,1,14,16.6465,-2.64646
239.627,7.69737,0.372807,232.079,7.23246,0.337719,55,73,132,5,18,0,0,4,39,1,14,18.4394,-4.43937
242.378,7.15058,0.339768,244.568,7.12741,0.30888,100,103,163,2,25,0,229,4,56,0,9,12.7668,-3.76679
242.378,7.15058,0.339768,244.568,7.12741,0.30888,98,119,133,4,52,0,0,4,52,0,21,17.8722,3.12778
242.378,7.15058,0.339768,244.568,7.12741,0.30888,0,0,133,4,52,0,0,3,0,0,21,15.0715,5.92847
212.077,7.5,0.380282,227.704,6.97887,0.316901,13,17,124,8,20,0,0,3,3,1,6,7.04266,-1.04266
217.33,7.15909,0.3125,225.278,7.57386,0.380682,2,2,115,3,16,2,0,4,2,1,16,14.9968,1.00322
222.621,7.38389,0.393365,235.517,7.54976,0.336493,0,0,103,3,35,0,0,4,0,0,17,17.0955,-0.0954704
217.33,7.15909,0.3125,225.278,7.57386,0.380682,45,84,118,3,21,1,0,4,31,1,10,15.7648,-5.76478
217.33,7.15909,0.3125,225.278,7.57386,0.380682,0,0,118,3,21,1,0,4,0,1,10,15.2058,-5.20582
239.627,7.69737,0.372807,232.079,7.23246,0.337719,0,0,182,4,39,1,0,0,0,0,15,15.6173,-0.617283
242.378,7.15058,0.339768,244.568,7.12741,0.30888,0,0,163,5,23,1,305,3,0,1,12,13.4139,-1.41388
239.627,7.69737,0.372807,232.079,7.23246,0.337719,23,13,148,3,42,2,304,4,9,0,21,17.3278,3.67223
239.627,7.69737,0.372807,232.079,7.23246,0.337719,99,83,209,3,38,1,0,4,47,0,17,18.7787,-1.77867
239.627,7.69737,0.372807,232.079,7.23246,0.337719,10,21,258,8,41,0,384,3,2,0,13,8.78335,4.21665
234.274,7.4,0.373684,232.363,7.33158,0.342105,18,22,182,2,34,0,0,4,14,1,19,19.0993,-0.0993214
222.621,7.38389,0.393365,235.517,7.54976,0.336493,17,15,124,3,26,1,184,4,7,0,8,9.40434,-1.40434
222.621,7.38389,0.393365,235.517,7.54976,0.336493,16,35,124,3,26,1,184,1,8,0,8,9.25485,-1.25485
222.621,7.38389,0.393365,235.517,7.54976,0.336493,0,0,124,3,26,1,184,1,0,0,8,9.25485,-1.25485
222.621,7.38389,0.393365,235.517,7.54976,0.336493,0,0,124,3,26,1,184,3,0,0,8,8.69539,-0.695392
234.274,7.4,0.373684,232.363,7.33158,0.342105,48,65,170,3,20,1,0,4,36,0,17,17.9271,-0.927139
222.621,7.38389,0.393365,235.517,7.54976,0.336493,14,23,116,7,33,0,260,1,6,0,3,7.87997,-4.87997
234.274,7.4,0.373684,232.363,7.33158,0.342105,0,0,158,2,33,0,0,0,0,0,13,18.3251,-5.3251
234.274,7.4,0.373684,232.363,7.33158,0.342105,1,4,126,4,20,1,0,1,1,0,13,14.864,-1.86402
233.745,7.39674,0.36413,227.951,7.30435,0.353261,18,19,188,4,30,0,0,0,8,1,20,16.6473,3.35271
233.745,7.39674,0.36413,227.951,7.30435,0.353261,0,0,188,4,30,0,0,0,0,1,20,16.0395,3.96052
222.621,7.38389,0.393365,235.517,7.54976,0.336493,0,0,146,7,38,0,301,3,0,0,4,9.26661,-5.26661
217.33,7.15909,0.3125,225.278,7.57386,0.380682,37,50,134,5,41,0,0,4,19,0,14,15.6528,-1.65283
217.33,7.15909,0.3125,225.278,7.57386,0.380682,0,0,134,5,41,0,0,0,0,0,14,16.3918,-2.3918
217.33,7.15909,0.3125,225.278,7.57386,0.380682,20,26,155,4,30,1,0,4,10,0,12,14.6928,-2.69285
242.378,7.15058,0.339768,244.568,7.12741,0.30888,0,0,177,2,44,0,0,0,0,0,19,17.7368,1.26316
217.33,7.15909,0.3125,225.278,7.57386,0.380682,134,123,155,1,51,0,0,4,62,0,17,18.1381,-1.13812
212.077,7.5,0.380282,227.704,6.97887,0.316901,19,18,219,6,23,2,373,4,9,0,14,11.3397,2.66028
218.438,7.70625,0.4,211.106,7.05,0.325,29,36,169,6,21,0,333,0,17,0,8,9.98664,-1.98664
237.176,7.17647,0.289593,230.633,7.45701,0.384615,78,85,147,4,40,0,0,4,46,0,12,18.2726,-6.27264
222.621,7.38389,0.393365,235.517,7.54976,0.336493,0,0,157,4,29,1,0,1,0,0,10,15.0551,-5.05508
212.077,7.5,0.380282,227.704,6.97887,0.316901,65,63,194,4,41,1,332,4,39,0,22,16.7804,5.21957
223.373,7.09016,0.344262,227.578,7.47541,0.385246,0,0,200,4,62,0,377,4,0,0,21,18.6766,2.32339
223.373,7.09016,0.344262,227.578,7.47541,0.385246,0,0,200,4,62,0,377,0,0,0,21,18.4526,2.54744
218.438,7.70625,0.4,211.106,7.05,0.325,91,123,154,4,36,0,0,4,55,0,15,18.7122,-3.71221
242.378,7.15058,0.339768,244.568,7.12741,0.30888,40,50,151,4,36,0,288,4,20,0,18,16.3103,1.68968
242.378,7.15058,0.339768,244.568,7.12741,0.30888,48,44,142,3,49,0,0,0,22,0,23,17.3434,5.65656
218.438,7.70625,0.4,211.106,7.05,0.325,0,0,131,5,29,1,303,1,0,0,7,13.0724,-6.07244
233.745,7.39674,0.36413,227.951,7.30435,0.353261,2,6,181,2,53,1,0,0,2,1,18,15.3229,2.67711
234.274,7.4,0.373684,232.363,7.33158,0.342105,20,8,173,3,55,1,0,0,4,0,9,15.7513,-6.75134
234.274,7.4,0.373684,232.363,7.33158,0.342105,63,42,173,3,55,1,0,4,25,0,9,16.4086,-7.40855
233.745,7.39674,0.36413,227.951,7.30435,0.353261,0,0,221,4,37,1,282,0,0,1,14,12.9894,1.01057
233.745,7.39674,0.36413,227.951,7.30435,0.353261,0,0,139,3,14,3,0,0,0,0,7,13.2364,-6.23644
222.621,7.38389,0.393365,235.517,7.54976,0.336493,49,55,172,2,37,0,0,4,33,0,18,18.2465,-0.246464
222.621,7.38389,0.393365,235.517,7.54976,0.336493,88,104,172,2,37,0,0,4,52,0,18,18.5662,-0.566206
223.373,7.09016,0.344262,227.578,7.47541,0.385246,0,0,172,4,32,1,323,1,0,0,10,15.0256,-5.0256
223.373,7.09016,0.344262,227.578,7.47541,0.385246,15,17,165,4,24,1,285,1,5,0,21,16.6488,4.35116
222.621,7.38389,0.393365,235.517,7.54976,0.336493,89,111,167,2,38,1,0,4,61,0,17,20.5297,-3.52966
222.621,7.38389,0.393365,235.517,7.54976,0.336493,49,61,154,2,22,2,0,4,41,0,13,16.1389,-3.13888
222.621,7.38389,0.393365,235.517,7.54976,0.336493,89,105,136,3,43,0,0,4,43,0,19,18.376,0.623978
212.077,7.5,0.380282,227.704,6.97887,0.316901,1,1,168,4,23,3,300,3,1,1,7,10.8261,-3.82606
233.745,7.39674,0.36413,227.951,7.30435,0.353261,74,113,151,2,38,0,0,4,50,1,17,18.6306,-1.63063
242.378,7.15058,0.339768,244.568,7.12741,0.30888,1,2,208,4,43,3,272,1,1,0,4,7.92099,-3.92099
242.378,7.15058,0.339768,244.568,7.12741,0.30888,18,14,169,5,51,1,315,4,4,0,18,18.9814,-0.98138
233.745,7.39674,0.36413,227.951,7.30435,0.353261,73,83,163,2,40,1,0,4,41,1,20,18.852,1.14798
242.378,7.15058,0.339768,244.568,7.12741,0.30888,0,0,140,4,24,1,304,1,0,0,15,15.3006,-0.300571
242.378,7.15058,0.339768,244.568,7.12741,0.30888,0,0,140,4,24,1,304,0,0,0,15,15.3006,-0.300571
237.176,7.17647,0.289593,230.633,7.45701,0.384615,6,12,145,5,12,1,0,1,6,1,17,14.6362,2.3638
242.378,7.15058,0.339768,244.568,7.12741,0.30888,0,0,165,3,33,0,228,4,0,0,13,11.8031,1.19695
237.176,7.17647,0.289593,230.633,7.45701,0.384615,43,29,112,5,40,1,0,0,19,1,20,16.1407,3.85929
237.176,7.17647,0.289593,230.633,7.45701,0.384615,0,0,147,4,52,0,0,0,0,1,14,17.0424,-3.04239
242.378,7.15058,0.339768,244.568,7.12741,0.30888,6,8,153,5,30,1,295,1,6,0,18,16.0698,1.93024
242.378,7.15058,0.339768,244.568,7.12741,0.30888,33,35,153,5,30,1,295,4,21,0,18,15.9453,2.05472
223.373,7.09016,0.344262,227.578,7.47541,0.385246,107,103,181,1,23,2,0,4,51,0,16,17.3423,-1.34226
237.176,7.17647,0.289593,230.633,7.45701,0.384615,0,0,152,5,48,0,301,1,0,1,31,18.2206,12.7794
218.438,7.70625,0.4,211.106,7.05,0.325,7,9,168,3,27,2,0,4,3,1,14,15.9057,-1.90573
218.438,7.70625,0.4,211.106,7.05,0.325,0,0,168,3,27,2,0,0,0,1,14,14.3014,-0.301371
218.438,7.70625,0.4,211.106,7.05,0.325,7,6,142,3,33,3,0,0,3,1,22,15.5361,6.46385
217.33,7.15909,0.3125,225.278,7.57386,0.380682,2,7,158,5,27,2,0,0,2,0,7,12.4491,-5.44907
222.621,7.38389,0.393365,235.517,7.54976,0.336493,52,89,107,7,21,0,0,4,40,0,15,14.8451,0.154935
222.621,7.38389,0.393365,235.517,7.54976,0.336493,0,0,107,7,21,0,0,1,0,0,15,12.8612,2.13879
218.438,7.70625,0.4,211.106,7.05,0.325,7,20,165,7,30,0,290,1,3,1,3,9.87405,-6.87405
218.438,7.70625,0.4,211.106,7.05,0.325,0,0,165,7,30,0,290,3,0,1,3,8.39644,-5.39644
219.527,7.65455,0.290909,202.727,7.56364,0.4,10,13,119,5,21,1,0,0,6,0,18,12.5622,5.4378
223.373,7.09016,0.344262,227.578,7.47541,0.385246,0,0,188,2,29,2,0,1,0,0,17,16.6979,0.302139
223.373,7.09016,0.344262,227.578,7.47541,0.385246,0,0,188,2,29,2,0,4,0,0,17,16.9511,0.0489197
222.621,7.38389,0.393365,235.517,7.54976,0.336493,0,0,171,4,32,0,297,0,0,0,16,15.8813,0.118662
242.378,7.15058,0.339768,244.568,7.12741,0.30888,0,0,172,2,25,3,0,4,0,0,13,15.5171,-2.51708
223.373,7.09016,0.344262,227.578,7.47541,0.385246,54,60,155,4,28,2,265,4,30,0,18,17.0524,0.947582
223.373,7.09016,0.344262,227.578,7.47541,0.385246,0,0,155,4,28,2,265,0,0,0,18,16.3048,1.6952
222.621,7.38389,0.393365,235.517,7.54976,0.336493,0,0,142,4,22,0,246,0,0,0,11,16.1053,-5.10534
222.621,7.38389,0.393365,235.517,7.54976,0.336493,43,51,182,3,26,1,327,4,27,0,18,16.4852,1.51475
218.438,7.70625,0.4,211.106,7.05,0.325,0,0,124,5,17,0,0,0,0,1,22,16.3511,5.64887
223.373,7.09016,0.344262,227.578,7.47541,0.385246,47,76,130,5,20,1,205,4,25,0,15,13.616,1.384
223.373,7.09016,0.344262,227.578,7.47541,0.385246,0,0,187,2,30,1,261,4,0,0,15,14.7784,0.221578
234.274,7.4,0.373684,232.363,7.33158,0.342105,0,0,184,3,34,1,0,0,0,1,21,16.9586,4.04136
234.274,7.4,0.373684,232.363,7.33158,0.342105,28,8,204,0,67,1,0,4,4,1,22,21.8941,0.105869
217.33,7.15909,0.3125,225.278,7.57386,0.380682,0,0,201,4,22,2,440,0,0,0,15,13.9466,1.05341
217.33,7.15909,0.3125,225.278,7.57386,0.380682,1,2,139,5,42,2,263,0,1,0,10,10.186,-0.185954
234.274,7.4,0.373684,232.363,7.33158,0.342105,0,0,219,2,77,1,0,0,0,1,1,5.46725,-4.46725
222.621,7.38389,0.393365,235.517,7.54976,0.336493,3,10,160,3,18,2,0,4,3,0,11,15.885,-4.88498
222.621,7.38389,0.393365,235.517,7.54976,0.336493,7,16,144,5,18,1,232,1,7,0,14,14.0782,-0.0782337
234.274,7.4,0.373684,232.363,7.33158,0.342105,0,0,188,2,27,1,0,0,0,0,18,17.3365,0.66346
234.274,7.4,0.373684,232.363,7.33158,0.342105,0,0,188,2,27,1,0,1,0,0,18,17.3365,0.66346
223.373,7.09016,0.344262,227.578,7.47541,0.385246,0,4,184,5,34,4,305,1,0,1,0,10.2162,-10.2162
234.274,7.4,0.373684,232.363,7.33158,0.342105,124,123,189,2,51,0,0,4,62,0,16,17.8365,-1.83652
234.274,7.4,0.373684,232.363,7.33158,0.342105,0,0,189,2,51,0,0,4,0,0,16,17.7267,-1.72675
223.373,7.09016,0.344262,227.578,7.47541,0.385246,4,3,179,5,31,1,340,1,0,1,9,14.9743,-5.97429
223.373,7.09016,0.344262,227.578,7.47541,0.385246,0,0,179,5,31,1,340,1,0,1,9,14.9743,-5.97429
223.373,7.09016,0.344262,227.578,7.47541,0.385246,0,0,179,5,31,1,340,1,0,1,9,14.9743,-5.97429
217.33,7.15909,0.3125,225.278,7.57386,0.380682,124,98,201,2,38,0,0,1,52,1,20,17.4535,2.54654
218.438,7.70625,0.4,211.106,7.05,0.325,0,0,145,4,19,1,339,0,0,0,12,15.6664,-3.66643
212.077,7.5,0.380282,227.704,6.97887,0.316901,0,0,155,5,25,0,310,3,0,1,10,12.505,-2.50498
212.077,7.5,0.380282,227.704,6.97887,0.316901,0,0,155,5,25,0,310,3,0,1,10,12.505,-2.50498
234.274,7.4,0.373684,232.363,7.33158,0.342105,2,7,157,4,36,2,0,1,2,0,16,15.1261,0.873926
234.274,7.4,0.373684,232.363,7.33158,0.342105,1,3,157,4,36,2,0,1,1,0,16,14.798,1.20203
239.627,7.69737,0.372807,232.079,7.23246,0.337719,50,70,167,2,30,1,0,0,32,0,9,17.3995,-8.39954
239.627,7.69737,0.372807,232.079,7.23246,0.337719,58,50,176,2,40,1,0,4,34,0,16,18.9587,-2.95867
234.274,7.4,0.373684,232.363,7.33158,0.342105,113,92,220,2,47,1,328,4,61,0,29,16.7956,12.2044
234.274,7.4,0.373684,232.363,7.33158,0.342105,0,2,164,6,8,1,0,3,0,0,15,11.1122,3.8878
234.274,7.4,0.373684,232.363,7.33158,0.342105,0,0,164,6,8,1,0,1,0,0,15,11.5512,3.44878
239.627,7.69737,0.372807,232.079,7.23246,0.337719,0,0,110,5,20,0,0,0,0,0,15,15.1467,-0.146672
212.077,7.5,0.380282,227.704,6.97887,0.316901,6,9,127,6,17,1,210,3,2,1,22,11.1452,10.8548
239.627,7.69737,0.372807,232.079,7.23246,0.337719,7,13,145,4,28,0,0,0,7,0,14,17.6323,-3.63225
234.274,7.4,0.373684,232.363,7.33158,0.342105,0,0,150,5,41,1,283,1,0,0,12,15.1289,-3.12887
234.274,7.4,0.373684,232.363,7.33158,0.342105,73,116,148,4,26,0,0,4,61,0,21,18.7601,2.23992
212.077,7.5,0.380282,227.704,6.97887,0.316901,57,77,147,5,15,3,272,4,37,1,13,18.1136,-5.11361
239.627,7.69737,0.372807,232.079,7.23246,0.337719,6,14,123,6,15,2,0,0,6,0,11,13.486,-2.48596
233.745,7.39674,0.36413,227.951,7.30435,0.353261,5,9,137,5,20,1,0,0,5,0,22,14.301,7.69904
222.621,7.38389,0.393365,235.517,7.54976,0.336493,53,79,135,6,31,0,247,4,39,0,18,16.3172,1.68277
222.621,7.38389,0.393365,235.517,7.54976,0.336493,0,0,159,5,29,1,0,1,0,0,16,14.0803,1.91969
222.621,7.38389,0.393365,235.517,7.54976,0.336493,10,13,159,5,29,1,0,4,10,0,16,15.6022,0.397781
233.745,7.39674,0.36413,227.951,7.30435,0.353261,24,22,167,5,27,0,253,0,8,0,13,17.0404,-4.04041
233.745,7.39674,0.36413,227.951,7.30435,0.353261,0,0,167,5,27,0,253,0,0,0,13,16.4151,-3.41511
222.621,7.38389,0.393365,235.517,7.54976,0.336493,11,9,186,2,47,2,0,4,3,0,15,16.1362,-1.13618
237.176,7.17647,0.289593,230.633,7.45701,0.384615,36,26,229,6,55,0,0,0,12,1,18,17.1753,0.824696
237.176,7.17647,0.289593,230.633,7.45701,0.384615,19,15,266,5,34,2,399,0,7,1,16,15.6383,0.361666
237.176,7.17647,0.289593,230.633,7.45701,0.384615,0,0,193,4,57,1,0,3,0,1,12,12.8138,-0.813838
233.745,7.39674,0.36413,227.951,7.30435,0.353261,14,25,205,3,23,0,0,4,4,0,20,17.8683,2.13172
233.745,7.39674,0.36413,227.951,7.30435,0.353261,0,0,205,3,23,0,0,0,0,0,20,16.7191,3.2809
237.176,7.17647,0.289593,230.633,7.45701,0.384615,11,11,191,4,25,3,306,0,3,1,15,14.6797,0.320313
237.176,7.17647,0.289593,230.633,7.45701,0.384615,0,0,191,4,25,3,306,1,0,1,15,14.6797,0.320313
237.176,7.17647,0.289593,230.633,7.45701,0.384615,0,0,168,6,47,2,310,3,0,1,5,7.49893,-2.49893
218.438,7.70625,0.4,211.106,7.05,0.325,26,36,154,4,31,0,0,4,10,1,13,18.4167,-5.41674
222.621,7.38389,0.393365,235.517,7.54976,0.336493,47,53,176,5,45,0,276,4,31,0,17,16.9835,0.0165482
222.621,7.38389,0.393365,235.517,7.54976,0.336493,73,64,176,5,45,0,276,4,45,0,17,16.9185,0.0814533
222.621,7.38389,0.393365,235.517,7.54976,0.336493,0,0,182,4,34,2,311,1,0,0,11,14.0825,-3.0825
234.274,7.4,0.373684,232.363,7.33158,0.342105,25,52,128,4,27,0,231,4,25,0,16,16.1836,-0.183559
223.373,7.09016,0.344262,227.578,7.47541,0.385246,0,4,124,4,24,1,0,1,0,0,15,15.6388,-0.6388
233.745,7.39674,0.36413,227.951,7.30435,0.353261,22,43,182,6,20,0,219,0,18,1,6,8.46594,-2.46594
233.745,7.39674,0.36413,227.951,7.30435,0.353261,3,7,170,4,15,3,0,0,3,1,10,11.1898,-1.18976
233.745,7.39674,0.36413,227.951,7.30435,0.353261,0,0,170,4,15,3,0,0,0,1,10,11.1898,-1.18976
223.373,7.09016,0.344262,227.578,7.47541,0.385246,22,26,170,3,26,0,249,4,8,0,7,14.7399,-7.73989
223.373,7.09016,0.344262,227.578,7.47541,0.385246,0,0,171,4,28,0,0,0,0,0,16,17.0821,-1.08207
223.373,7.09016,0.344262,227.578,7.47541,0.385246,0,0,194,2,25,5,361,1,0,0,13,14.5464,-1.54642
233.745,7.39674,0.36413,227.951,7.30435,0.353261,0,0,154,6,50,1,288,0,0,1,19,17.1292,1.87081
222.621,7.38389,0.393365,235.517,7.54976,0.336493,0,0,195,5,26,2,370,3,0,0,10,13.644,-3.64399
223.373,7.09016,0.344262,227.578,7.47541,0.385246,48,57,175,2,33,1,0,4,32,1,15,18.1805,-3.1805
237.176,7.17647,0.289593,230.633,7.45701,0.384615,0,1,212,6,24,1,318,1,0,0,14,13.243,0.756981
237.176,7.17647,0.289593,230.633,7.45701,0.384615,0,0,136,6,30,1,0,3,0,0,11,12.9573,-1.95727
223.373,7.09016,0.344262,227.578,7.47541,0.385246,0,0,136,4,24,0,0,0,0,1,21,16.7105,4.28948
237.176,7.17647,0.289593,230.633,7.45701,0.384615,20,35,164,3,20,0,240,4,16,0,21,16.9636,4.03635
237.176,7.17647,0.289593,230.633,7.45701,0.384615,80,98,155,6,27,1,303,4,60,0,11,13.8385,-2.83846
239.627,7.69737,0.372807,232.079,7.23246,0.337719,38,62,145,5,30,0,0,4,30,1,22,19.3641,2.63594
239.627,7.69737,0.372807,232.079,7.23246,0.337719,22,30,145,5,30,0,0,1,18,1,22,18.0751,3.92485
239.627,7.69737,0.372807,232.079,7.23246,0.337719,0,0,196,2,35,0,0,0,0,1,25,18.5826,6.41738
234.274,7.4,0.373684,232.363,7.33158,0.342105,1,3,204,3,22,3,330,1,1,0,4,10.4983,-6.49832
239.627,7.69737,0.372807,232.079,7.23246,0.337719,0,0,187,2,45,1,281,0,0,1,20,18.0139,1.98615
242.378,7.15058,0.339768,244.568,7.12741,0.30888,0,0,172,4,21,0,0,1,0,0,19,15.5409,3.45914
239.627,7.69737,0.372807,232.079,7.23246,0.337719,0,0,188,2,21,1,268,4,0,1,11,14.5028,-3.50281
237.176,7.17647,0.289593,230.633,7.45701,0.384615,8,12,127,6,29,0,0,1,8,0,17,16.2988,0.70122
237.176,7.17647,0.289593,230.633,7.45701,0.384615,0,0,127,6,29,0,0,1,0,0,17,16.0175,0.982483
239.627,7.69737,0.372807,232.079,7.23246,0.337719,74,70,196,4,29,1,304,4,54,1,20,19.091,0.908966
242.378,7.15058,0.339768,244.568,7.12741,0.30888,14,20,131,4,23,2,0,4,2,0,9,14.0449,-5.04486
237.176,7.17647,0.289593,230.633,7.45701,0.384615,51,63,134,5,22,0,201,0,27,0,22,14.3169,7.68307
218.438,7.70625,0.4,211.106,7.05,0.325,46,59,146,4,45,0,0,4,30,1,23,18.8836,4.1164
218.438,7.70625,0.4,211.106,7.05,0.325,12,19,158,2,14,2,0,4,8,1,20,18.3377,1.66234
218.438,7.70625,0.4,211.106,7.05,0.325,15,20,153,2,27,1,0,4,11,1,23,18.1447,4.85525
218.438,7.70625,0.4,211.106,7.05,0.325,0,0,153,2,27,1,0,4,0,1,23,17.5858,5.41421
218.438,7.70625,0.4,211.106,7.05,0.325,0,0,146,4,17,2,0,1,0,1,22,12.7387,9.26129
242.378,7.15058,0.339768,244.568,7.12741,0.30888,59,77,146,3,29,1,0,4,39,1,19,17.2516,1.74839
217.33,7.15909,0.3125,225.278,7.57386,0.380682,5,5,161,2,26,2,264,4,1,0,13,14.5814,-1.58144
217.33,7.15909,0.3125,225.278,7.57386,0.380682,86,88,148,5,45,1,331,4,26,0,17,15.9753,1.0247
242.378,7.15058,0.339768,244.568,7.12741,0.30888,4,6,222,1,24,1,0,4,4,1,20,17.3796,2.62043
242.378,7.15058,0.339768,244.568,7.12741,0.30888,108,108,197,2,38,0,275,4,52,1,13,12.4826,0.517426
223.373,7.09016,0.344262,227.578,7.47541,0.385246,2,10,149,6,29,1,0,1,2,0,13,13.0346,-0.0345898
234.274,7.4,0.373684,232.363,7.33158,0.342105,0,0,157,3,31,0,0,0,0,1,18,18.3251,-0.325102
237.176,7.17647,0.289593,230.633,7.45701,0.384615,103,122,171,7,23,1,0,4,51,0,9,7.99456,1.00544
234.274,7.4,0.373684,232.363,7.33158,0.342105,12,26,109,6,11,1,0,0,12,0,11,10.1417,0.858306
233.745,7.39674,0.36413,227.951,7.30435,0.353261,84,121,147,2,23,0,205,4,38,0,16,11.671,4.32895
234.274,7.4,0.373684,232.363,7.33158,0.342105,33,32,152,3,52,0,0,0,21,1,16,17.9276,-1.92757
234.274,7.4,0.373684,232.363,7.33158,0.342105,0,0,152,3,52,0,0,0,0,1,16,18.3906,-2.39059
233.745,7.39674,0.36413,227.951,7.30435,0.353261,11,15,152,6,28,0,284,1,7,0,17,16.8199,0.180099
233.745,7.39674,0.36413,227.951,7.30435,0.353261,24,27,152,6,28,0,284,0,16,0,17,16.8199,0.180099
233.745,7.39674,0.36413,227.951,7.30435,0.353261,0,0,152,6,28,0,284,0,0,0,17,15.809,1.19097
222.621,7.38389,0.393365,235.517,7.54976,0.336493,1,3,178,2,28,2,0,4,1,0,13,16.789,-3.78897
223.373,7.09016,0.344262,227.578,7.47541,0.385246,0,0,146,4,32,0,0,0,0,1,14,17.1298,-3.12978
212.077,7.5,0.380282,227.704,6.97887,0.316901,0,0,197,3,39,0,376,1,0,0,9,15.0256,-6.02556
212.077,7.5,0.380282,227.704,6.97887,0.316901,0,0,152,4,29,0,0,4,0,0,14,17.6343,-3.63432
218.438,7.70625,0.4,211.106,7.05,0.325,45,57,205,4,31,1,0,4,33,1,17,16.625,0.375025
242.378,7.15058,0.339768,244.568,7.12741,0.30888,1,1,153,4,13,3,0,1,1,0,15,11.9502,3.04976
242.378,7.15058,0.339768,244.568,7.12741,0.30888,57,63,189,3,29,0,0,4,31,0,21,18.2465,2.75354
218.438,7.70625,0.4,211.106,7.05,0.325,0,0,189,6,13,2,318,3,0,1,11,10.7211,0.278857
212.077,7.5,0.380282,227.704,6.97887,0.316901,51,68,139,5,20,1,256,4,35,1,21,17.5509,3.44911
242.378,7.15058,0.339768,244.568,7.12741,0.30888,0,0,159,2,29,0,0,0,0,0,25,18.145,6.85496
212.077,7.5,0.380282,227.704,6.97887,0.316901,73,82,184,2,20,0,304,4,39,1,22,18.3672,3.63278
212.077,7.5,0.380282,227.704,6.97887,0.316901,0,0,154,4,18,2,274,3,0,1,23,16.6336,6.36643
239.627,7.69737,0.372807,232.079,7.23246,0.337719,113,107,198,2,39,0,310,4,71,1,17,19.2592,-2.25924
242.378,7.15058,0.339768,244.568,7.12741,0.30888,36,40,166,2,34,0,0,4,18,0,21,17.2758,3.72417
239.627,7.69737,0.372807,232.079,7.23246,0.337719,1,2,196,4,28,2,296,0,1,1,19,16.7552,2.24479
242.378,7.15058,0.339768,244.568,7.12741,0.30888,1,4,255,1,22,3,349,0,1,0,21,18.2826,2.7174
242.378,7.15058,0.339768,244.568,7.12741,0.30888,6,17,229,3,23,0,331,4,6,0,25,15.5742,9.42575
222.621,7.38389,0.393365,235.517,7.54976,0.336493,39,49,150,4,30,0,217,4,23,0,13,13.3769,-0.376904
222.621,7.38389,0.393365,235.517,7.54976,0.336493,0,0,108,6,25,1,284,0,0,0,21,13.7952,7.20482
237.176,7.17647,0.289593,230.633,7.45701,0.384615,12,11,189,1,32,2,0,0,6,0,14,16.4272,-2.42725
242.378,7.15058,0.339768,244.568,7.12741,0.30888,108,113,182,2,20,1,304,4,46,1,20,15.5469,4.45313
242.378,7.15058,0.339768,244.568,7.12741,0.30888,0,0,182,2,20,1,304,4,0,1,20,16.9732,3.0268
234.274,7.4,0.373684,232.363,7.33158,0.342105,87,92,162,5,30,1,300,4,47,0,23,15.5964,7.40356
234.274,7.4,0.373684,232.363,7.33158,0.342105,59,40,235,2,52,0,0,4,27,0,17,17.6555,-0.655527
223.373,7.09016,0.344262,227.578,7.47541,0.385246,0,2,129,6,27,2,0,3,0,0,13,10.2098,2.7902
223.373,7.09016,0.344262,227.578,7.47541,0.385246,66,85,208,2,31,0,277,4,50,0,13,13.6593,-0.65926
223.373,7.09016,0.344262,227.578,7.47541,0.385246,34,19,156,5,49,0,295,0,14,0,17,17.4669,-0.466871
233.745,7.39674,0.36413,227.951,7.30435,0.353261,70,101,146,6,21,1,0,4,46,1,11,12.9223,-1.92232
233.745,7.39674,0.36413,227.951,7.30435,0.353261,2,3,146,6,21,1,0,0,2,1,11,12.8019,-1.8019
222.621,7.38389,0.393365,235.517,7.54976,0.336493,15,21,149,4,17,2,281,4,11,0,14,17.3786,-3.37863
222.621,7.38389,0.393365,235.517,7.54976,0.336493,4,10,149,4,17,2,281,1,4,0,14,15.8988,-1.89884
222.621,7.38389,0.393365,235.517,7.54976,0.336493,0,0,149,4,17,2,281,1,0,0,14,15.8988,-1.89884
233.745,7.39674,0.36413,227.951,7.30435,0.353261,16,26,184,5,15,1,0,0,10,1,17,14.4623,2.5377
233.745,7.39674,0.36413,227.951,7.30435,0.353261,0,0,184,5,15,1,0,0,0,1,17,13.6098,3.39019
239.627,7.69737,0.372807,232.079,7.23246,0.337719,20,29,196,6,40,0,282,0,12,0,16,15.5691,0.430902
222.621,7.38389,0.393365,235.517,7.54976,0.336493,22,26,220,5,25,1,0,4,10,0,12,15.929,-3.92902
222.621,7.38389,0.393365,235.517,7.54976,0.336493,0,0,142,6,30,1,277,0,0,0,22,13.3297,8.67035
212.077,7.5,0.380282,227.704,6.97887,0.316901,33,59,110,4,28,0,0,4,29,1,15,17.1728,-2.17276
219.527,7.65455,0.290909,202.727,7.56364,0.4,10,15,122,5,14,1,188,4,6,0,17,13.2761,3.72386
219.527,7.65455,0.290909,202.727,7.56364,0.4,0,0,122,5,14,1,188,0,0,0,17,12.8454,4.15462
218.438,7.70625,0.4,211.106,7.05,0.325,30,39,150,5,21,0,0,0,14,1,18,16.852,1.14799
212.077,7.5,0.380282,227.704,6.97887,0.316901,7,20,135,5,15,1,242,1,7,0,6,13.2104,-7.21041
