Team,Total Matches Played,Runs Scored,Wickets Lost,Got All Out,Runs Conceded,Opponent Wickets Taken,Opponent All Out,Match Index,Batsman,Player Total Runs,Player Home Runs,Player Non Home Runs,Balls Faced,R0,W0,R1,W1,Current_HR,Current_NHR,Target,Final Runs Made,Extras,Home,Segment,Home Run Hitting Ability,Milestone Reaching Ability,Batting Average,Strike Rate,Matches Played,ClusterID,Predicted Total HR till Segment,Predicted Total NHR till Segment,Actual HR in Segment,Predicted HR in Segment,Actual NHR in Segment,Predicted NHR in Segment,Predicted Total runs till Segment
Sri Lanka,244,223.373,7.09016,0.344262,227.578,7.47541,0.385246,1,WU Tharanga,0,0,0,0,137.821,0,24.1256,0,8,16.1256,322,324,7,0,1,3.93985,0.263158,32.9699,71.6035,133,4,73.6,64.2213,8.8,8,15.3643,16.1256,161.947
Sri Lanka,244,223.373,7.09016,0.344262,227.578,7.47541,0.385246,1,ST Jayasuriya,0,0,0,0,133.564,0,24.5001,0,8.8,15.7001,322,324,7,0,1,4.91549,0.211268,33.9859,98.4898,71,0,70.8,62.7643,8.8,8.8,14.7454,15.7001,158.064
Bangladesh,160,218.438,7.70625,0.4,211.106,7.05,0.325,2,Tamim Iqbal,0,0,0,0,96.4234,0,14.8048,0,2.4,12.4048,192,192,8,0,1,4.05344,0.274809,31.8015,76.8068,131,4,47.6,48.8234,15.6,2.4,10.7655,12.4048,111.228
Bangladesh,160,218.438,7.70625,0.4,211.106,7.05,0.325,2,Shahriar Nafees,0,0,0,0,96.4234,0,14.8048,0,2.4,12.4048,192,192,8,0,1,3.40541,0.162162,24.4865,69.1076,37,4,47.6,48.8234,15.6,2.4,10.7655,12.4048,111.228
Bangladesh,160,218.438,7.70625,0.4,211.106,7.05,0.325,2,Mushfiqur Rahim,0,0,0,0,96.4234,0,14.8048,0,2.4,12.4048,192,192,8,0,1,2.61111,0.18254,27.7778,75.2526,126,4,47.6,48.8234,15.6,2.4,10.7655,12.4048,111.228
Ireland,55,219.527,7.65455,0.290909,202.727,7.56364,0.4,4,WTS Porterfield,0,0,0,0,83.3799,0,22.2355,0,8.8,13.4355,267,218,4,0,1,2.6,0.142857,24.6857,56.2866,35,3,32.8,50.5799,6.4,8.8,11.8118,13.4355,105.615
Ireland,55,219.527,7.65455,0.290909,202.727,7.56364,0.4,4,JP Bray,0,0,0,0,82.8999,0,22.0248,0,8.8,13.2248,267,218,4,0,1,2.7,0.1,23.4,63.0728,10,1,32.8,50.0999,6.4,8.8,11.5912,13.2248,104.925
Ireland,55,219.527,7.65455,0.290909,202.727,7.56364,0.4,4,EJG Morgan,0,0,0,0,83.62,0,22.3408,0,8.8,13.5408,267,218,4,0,1,3.19549,0.233083,30.0526,86.9291,133,4,32.8,50.82,6.4,8.8,11.9221,13.5408,105.961
Ireland,55,219.527,7.65455,0.290909,202.727,7.56364,0.4,4,NJ O'Brien,0,0,0,0,83.62,0,22.3408,0,8.8,13.5408,267,218,4,0,1,2.55882,0.176471,25.5882,69.378,34,4,32.8,50.82,6.4,8.8,11.9221,13.5408,105.961
England,221,237.176,7.17647,0.289593,230.633,7.45701,0.384615,5,IR Bell,0,0,0,0,101.744,0,20.2068,0,7.2,13.0068,144,147,8,0,1,3.63433,0.246269,35.3806,75.6623,134,4,48.4,53.3442,7.6,7.2,12.4167,13.0068,121.951
England,221,237.176,7.17647,0.289593,230.633,7.45701,0.384615,5,MP Vaughan,0,0,0,0,105.093,0,19.8946,0,7.2,12.6946,144,147,8,0,1,2.6,0.1,20.6,66.4516,10,1,52,53.0927,7.6,7.2,12.3543,12.6946,124.987
England,221,237.176,7.17647,0.289593,230.633,7.45701,0.384615,5,AJ Strauss,0,0,0,0,101.744,0,20.2068,0,7.2,13.0068,144,147,8,0,1,3.93243,0.27027,33.9054,79.8028,74,4,48.4,53.3442,7.6,7.2,12.4167,13.0068,121.951
England,221,237.176,7.17647,0.289593,230.633,7.45701,0.384615,6,AJ Strauss,0,0,0,0,127.899,0,28.3612,0,12.4,15.9612,301,301,7,0,1,3.93243,0.27027,33.9054,79.8028,74,4,64.8,63.0985,10,12.4,14.8595,15.9612,156.26
England,221,237.176,7.17647,0.289593,230.633,7.45701,0.384615,6,MP Vaughan,0,0,0,0,128.942,0,22.8539,0,7.2,15.6539,301,301,7,0,1,2.6,0.1,20.6,66.4516,10,1,65.6,63.3419,9.6,7.2,14.9352,15.6539,151.796
England,221,237.176,7.17647,0.289593,230.633,7.45701,0.384615,6,RS Bopara,0,0,0,0,127.899,0,28.3612,0,12.4,15.9612,301,301,7,0,1,2.22115,0.144231,25.1538,75.9361,104,4,64.8,63.0985,10,12.4,14.8595,15.9612,156.26
Australia,228,239.627,7.69737,0.372807,232.079,7.23246,0.337719,7,AC Gilchrist,0,0,0,0,117.575,0,22.5896,0,8,14.5896,219,224,4,1,1,4.3,0.275,31.425,96.1009,40,0,57.6,59.9746,12,8,13.8379,14.5896,140.164
Australia,228,239.627,7.69737,0.372807,232.079,7.23246,0.337719,7,ML Hayden,0,0,0,0,108.044,0,21.4129,0,6.4,15.0129,219,224,4,1,1,6.37838,0.378378,50.6757,83.3333,37,4,48,60.0444,9.6,6.4,13.9742,15.0129,129.457
Australia,228,239.627,7.69737,0.372807,232.079,7.23246,0.337719,7,MJ Clarke,0,0,0,0,108.044,0,21.4129,0,6.4,15.0129,219,224,4,1,1,3.10294,0.301471,35.9265,74.0303,136,4,48,60.0444,9.6,6.4,13.9742,15.0129,129.457
Australia,228,239.627,7.69737,0.372807,232.079,7.23246,0.337719,7,RT Ponting,0,0,0,0,108.044,0,21.4129,0,6.4,15.0129,219,224,4,1,1,4.17431,0.33945,38.1009,80.8606,109,4,48,60.0444,9.6,6.4,13.9742,15.0129,129.457
New Zealand,184,233.745,7.39674,0.36413,227.951,7.30435,0.353261,8,L Vincent,0,0,0,0,114.211,0,19.5522,0,4,15.5522,271,256,12,0,1,3.125,0.25,27.8125,67.5266,16,4,53.6,60.6111,9.2,4,14.0429,15.5522,133.763
New Zealand,184,233.745,7.39674,0.36413,227.951,7.30435,0.353261,8,SP Fleming,0,0,0,0,114.211,0,19.5522,0,4,15.5522,271,256,12,0,1,3.875,0.25,30.2917,70.9268,24,4,53.6,60.6111,9.2,4,14.0429,15.5522,133.763
Zimbabwe,142,212.077,7.5,0.380282,227.704,6.97887,0.316901,9,CJ Chibhabha,0,0,0,0,93.3929,0,15.0332,0,2.4,12.6332,232,130,1,0,1,2.56716,0.149254,23.5373,64.7373,67,1,41.6,51.7929,4.8,2.4,12.6129,12.6332,108.426
Zimbabwe,142,212.077,7.5,0.380282,227.704,6.97887,0.316901,9,BRM Taylor,0,0,0,0,94.113,0,15.3492,0,2.4,12.9492,232,130,1,0,1,3.3,0.26,33.56,76.3421,100,4,41.6,52.513,4.8,2.4,12.9438,12.9492,109.462
West Indies,176,217.33,7.15909,0.3125,225.278,7.57386,0.380682,10,CH Gayle,0,0,0,0,87.5085,0,17.4462,0,4,13.4462,224,224,3,0,1,4.58621,0.206897,31.1293,89.4255,116,4,36.4,51.1085,7.6,4,12.3253,13.4462,104.955
West Indies,176,217.33,7.15909,0.3125,225.278,7.57386,0.380682,10,S Chanderpaul,0,0,0,0,87.5085,0,17.4462,0,4,13.4462,224,224,3,0,1,3.57143,0.396825,40.8254,68.0783,63,4,36.4,51.1085,7.6,4,12.3253,13.4462,104.955
South Africa,190,234.274,7.4,0.373684,232.363,7.33158,0.342105,11,GC Smith,0,0,0,0,116.758,0,20.0457,0,6.4,13.6457,154,156,3,1,1,3.97,0.29,33.57,79.6819,100,4,60.8,55.9576,9.2,6.4,13.3364,13.6457,136.803
South Africa,190,234.274,7.4,0.373684,232.363,7.33158,0.342105,11,JH Kallis,0,0,0,0,116.758,0,20.0457,0,6.4,13.6457,154,156,3,1,1,3.58621,0.356322,37.2644,76.4442,87,4,60.8,55.9576,9.2,6.4,13.3364,13.6457,136.803
South Africa,190,234.274,7.4,0.373684,232.363,7.33158,0.342105,11,AB de Villiers,0,0,0,0,116.758,0,20.0457,0,6.4,13.6457,154,156,3,1,1,5.04969,0.403727,47.2174,98.8428,161,4,60.8,55.9576,9.2,6.4,13.3364,13.6457,136.803
West Indies,176,217.33,7.15909,0.3125,225.278,7.57386,0.380682,12,S Chanderpaul,0,0,0,0,128.646,0,27.9156,0,15.6,12.3156,163,146,2,0,1,3.57143,0.396825,40.8254,68.0783,63,4,77.2,51.4458,11.2,15.6,12.9112,12.3156,156.561
West Indies,176,217.33,7.15909,0.3125,225.278,7.57386,0.380682,12,RS Morton,0,0,0,0,128.646,0,27.9156,0,15.6,12.3156,163,146,2,0,1,2.2963,0.222222,28.8889,67.0103,27,4,77.2,51.4458,11.2,15.6,12.9112,12.3156,156.561
England,221,237.176,7.17647,0.289593,230.633,7.45701,0.384615,13,AN Cook,0,0,0,0,117.711,0,25.0213,0,9.2,15.8213,290,196,2,1,1,4.17045,0.272727,35.75,75.5524,88,4,55.2,62.5106,9.6,9.2,14.7869,15.8213,142.732
England,221,237.176,7.17647,0.289593,230.633,7.45701,0.384615,13,MJ Prior,0,0,0,0,117.711,0,25.0213,0,9.2,15.8213,290,196,2,1,1,2.27083,0.0625,21.6875,76.4879,48,4,55.2,62.5106,9.6,9.2,14.7869,15.8213,142.732
England,221,237.176,7.17647,0.289593,230.633,7.45701,0.384615,13,IR Bell,0,0,0,0,117.711,0,25.0213,0,9.2,15.8213,290,196,2,1,1,3.63433,0.246269,35.3806,75.6623,134,4,55.2,62.5106,9.6,9.2,14.7869,15.8213,142.732
Sri Lanka,244,223.373,7.09016,0.344262,227.578,7.47541,0.385246,17,TM Dilshan,0,0,0,0,87.0367,0,16.1133,0,1.6,14.5133,237,173,8,0,1,4.60199,0.273632,38.3632,86.0219,201,4,31.6,55.4367,3.2,1.6,12.5197,14.5133,103.15
Sri Lanka,244,223.373,7.09016,0.344262,227.578,7.47541,0.385246,17,ST Jayasuriya,0,0,0,0,90.4253,0,14.0985,0,0,14.0985,237,173,8,0,1,4.91549,0.211268,33.9859,98.4898,71,0,35.2,55.2253,3.2,0,12.2691,14.0985,104.524
Sri Lanka,244,223.373,7.09016,0.344262,227.578,7.47541,0.385246,17,KC Sangakkara,0,0,0,0,87.0367,0,16.1133,0,1.6,14.5133,237,173,8,0,1,4.33659,0.360976,41.9854,80.6276,205,4,31.6,55.4367,3.2,1.6,12.5197,14.5133,103.15
Sri Lanka,244,223.373,7.09016,0.344262,227.578,7.47541,0.385246,17,DPMD Jayawardene,0,0,0,0,87.0367,0,16.1133,0,1.6,14.5133,237,173,8,0,1,3.20833,0.244792,31.6979,79.1109,192,4,31.6,55.4367,3.2,1.6,12.5197,14.5133,103.15
Ireland,55,219.527,7.65455,0.290909,202.727,7.56364,0.4,18,WTS Porterfield,0,0,0,0,102.778,0,16.5356,0,4.8,11.7356,174,131,4,1,1,2.6,0.142857,24.6857,56.2866,35,3,54.4,48.378,17.6,4.8,11.6463,11.7356,119.314
Ireland,55,219.527,7.65455,0.290909,202.727,7.56364,0.4,18,KED Carroll,0,0,0,0,102.298,0,16.325,0,4.8,11.525,174,131,4,1,1,0.333333,0,9.33333,66.6667,3,1,54.4,47.8979,17.6,4.8,11.4257,11.525,118.623
England,221,237.176,7.17647,0.289593,230.633,7.45701,0.384615,19,IR Bell,0,0,0,0,116.968,0,20.1968,0,6.4,13.7968,183,160,10,1,1,3.63433,0.246269,35.3806,75.6623,134,4,60,56.968,13.6,6.4,13.9189,13.7968,137.165
England,221,237.176,7.17647,0.289593,230.633,7.45701,0.384615,19,LJ Wright,0,0,0,0,115.723,0,19.0607,0,5.6,13.4607,183,160,10,1,1,1.92105,0.0263158,17.2368,81.875,38,1,60,55.7227,18,5.6,13.4076,13.4607,134.783
England,221,237.176,7.17647,0.289593,230.633,7.45701,0.384615,19,KP Pietersen,0,0,0,0,116.968,0,20.1968,0,6.4,13.7968,183,160,10,1,1,3.69892,0.236559,33.4946,82.2117,93,4,60,56.968,13.6,6.4,13.9189,13.7968,137.165
England,221,237.176,7.17647,0.289593,230.633,7.45701,0.384615,19,RS Bopara,0,0,0,0,116.968,0,20.1968,0,6.4,13.7968,183,160,10,1,1,2.22115,0.144231,25.1538,75.9361,104,4,60,56.968,13.6,6.4,13.9189,13.7968,137.165
Australia,228,239.627,7.69737,0.372807,232.079,7.23246,0.337719,20,AC Gilchrist,0,0,0,0,119.533,0,19.2153,0,6,13.2153,149,149,0,0,1,4.3,0.275,31.425,96.1009,40,0,63.2,56.3333,10.4,6,13.3192,13.2153,138.749
Australia,228,239.627,7.69737,0.372807,232.079,7.23246,0.337719,20,ML Hayden,0,0,0,0,124.191,0,19.6403,0,6,13.6403,149,149,0,0,1,6.37838,0.378378,50.6757,83.3333,37,4,66.4,57.7912,10.4,6,13.931,13.6403,143.832
South Africa,190,234.274,7.4,0.373684,232.363,7.33158,0.342105,21,GC Smith,0,0,0,0,110.778,0,24.4546,0,9.2,15.2546,239,242,1,1,1,3.97,0.29,33.57,79.6819,100,4,51.2,59.5781,4,9.2,14.0864,15.2546,135.233
South Africa,190,234.274,7.4,0.373684,232.363,7.33158,0.342105,21,HH Gibbs,0,0,0,0,110.778,0,24.4546,0,9.2,15.2546,239,242,1,1,1,4.61538,0.307692,35.6923,83.4157,52,4,51.2,59.5781,4,9.2,14.0864,15.2546,135.233
Pakistan,211,222.621,7.38389,0.393365,235.517,7.54976,0.336493,22,Imran Nazir,0,0,0,0,77.2779,0,16.899,0,2.4,14.499,234,219,1,1,1,4.66667,0.133333,29,96.0265,15,0,24.4,52.8779,6,2.4,12.1878,14.499,94.1769
Pakistan,211,222.621,7.38389,0.393365,235.517,7.54976,0.336493,22,Kamran Akmal,0,0,0,0,77.3166,0,17.3193,0,2.4,14.9193,234,219,1,1,1,3.01124,0.11236,23.0787,81.4433,89,4,23.6,53.7166,6,2.4,12.587,14.9193,94.6358
Pakistan,211,222.621,7.38389,0.393365,235.517,7.54976,0.336493,22,Younis Khan,0,0,0,0,77.3166,0,17.3193,0,2.4,14.9193,234,219,1,1,1,2.64655,0.215517,28.5,73.2713,116,4,23.6,53.7166,6,2.4,12.587,14.9193,94.6358
South Africa,190,234.274,7.4,0.373684,232.363,7.33158,0.342105,23,GC Smith,0,0,0,0,97.2481,0,22.5443,0,7.2,15.3443,248,251,2,0,1,3.97,0.29,33.57,79.6819,100,4,39.2,58.0481,3.2,7.2,13.2039,15.3443,119.792
South Africa,190,234.274,7.4,0.373684,232.363,7.33158,0.342105,23,HH Gibbs,0,0,0,0,97.2481,0,22.5443,0,7.2,15.3443,248,251,2,0,1,4.61538,0.307692,35.6923,83.4157,52,4,39.2,58.0481,3.2,7.2,13.2039,15.3443,119.792
West Indies,176,217.33,7.15909,0.3125,225.278,7.57386,0.380682,24,XM Marshall,0,0,0,0,108.808,0,30.7559,0,16.4,14.3559,274,189,1,1,1,1.5,0,10.5,58.3333,8,3,54,54.8078,8,16.4,13.8312,14.3559,139.564
West Indies,176,217.33,7.15909,0.3125,225.278,7.57386,0.380682,24,CH Gayle,0,0,0,0,109.048,0,30.8612,0,16.4,14.4612,274,189,1,1,1,4.58621,0.206897,31.1293,89.4255,116,4,54,55.0478,8,16.4,13.9414,14.4612,139.909
West Indies,176,217.33,7.15909,0.3125,225.278,7.57386,0.380682,24,RR Sarwan,0,0,0,0,109.048,0,30.8612,0,16.4,14.4612,274,189,1,1,1,2.8254,0.222222,29.1429,69.1005,63,4,54,55.0478,8,16.4,13.9414,14.4612,139.909
Bangladesh,160,218.438,7.70625,0.4,211.106,7.05,0.325,27,Tamim Iqbal,0,0,0,0,104.348,0,23.6406,0,10,13.6406,255,74,1,0,1,4.05344,0.274809,31.8015,76.8068,131,4,51.2,53.1482,3.6,10,12.3279,13.6406,127.989
Bangladesh,160,218.438,7.70625,0.4,211.106,7.05,0.325,27,Mehrab Hossain jnr,0,0,0,0,104.108,0,23.5353,0,10,13.5353,255,74,1,0,1,1.7,0.1,18.3,42.4594,10,3,51.2,52.9082,3.6,10,12.2176,13.5353,127.643
Bangladesh,160,218.438,7.70625,0.4,211.106,7.05,0.325,27,Mohammad Ashraful,0,0,0,0,106.009,0,23.3275,0,10,13.3275,255,74,1,0,1,2.17722,0.113924,19.4557,63.9085,79,1,53.2,52.8093,3.6,10,12.0221,13.3275,129.337
Pakistan,211,222.621,7.38389,0.393365,235.517,7.54976,0.336493,28,Salman Butt,0,0,0,0,84.2275,0,18.1074,0,3.6,14.5074,211,212,2,1,1,5.4359,0.384615,42.3846,78.8645,39,4,30.4,53.8275,3.2,3.6,12.6318,14.5074,102.335
Pakistan,211,222.621,7.38389,0.393365,235.517,7.54976,0.336493,28,Kamran Akmal,0,0,0,0,84.2275,0,18.1074,0,3.6,14.5074,211,212,2,1,1,3.01124,0.11236,23.0787,81.4433,89,4,30.4,53.8275,3.2,3.6,12.6318,14.5074,102.335
Australia,228,239.627,7.69737,0.372807,232.079,7.23246,0.337719,29,SR Watson,0,0,0,0,130.947,0,26.0828,0,9.6,16.4828,300,302,0,0,1,4.71318,0.286822,37.7907,90.0943,129,4,65.2,65.7473,8.8,9.6,15.6584,16.4828,157.03
Australia,228,239.627,7.69737,0.372807,232.079,7.23246,0.337719,29,TD Paine,0,0,0,0,130.947,0,26.0828,0,9.6,16.4828,300,302,0,0,1,3.3913,0.217391,27.6522,65.7704,23,4,65.2,65.7473,8.8,9.6,15.6584,16.4828,157.03
South Africa,190,234.274,7.4,0.373684,232.363,7.33158,0.342105,30,HH Gibbs,0,0,0,0,105.799,0,26.5826,0,11.2,15.3826,250,244,0,0,1,4.61538,0.307692,35.6923,83.4157,52,4,47.2,58.5989,4,11.2,13.4408,15.3826,132.381
South Africa,190,234.274,7.4,0.373684,232.363,7.33158,0.342105,30,HM Amla,0,0,0,0,105.799,0,26.5826,0,11.2,15.3826,250,244,0,0,1,5.20168,0.403361,48.7899,86.9292,119,4,47.2,58.5989,4,11.2,13.4408,15.3826,132.381
West Indies,176,217.33,7.15909,0.3125,225.278,7.57386,0.380682,31,CH Gayle,0,0,0,0,106.584,0,19.1409,0,7.6,11.5409,118,117,9,1,1,4.58621,0.206897,31.1293,89.4255,116,4,58,48.5841,8.8,7.6,12.1385,11.5409,125.725
West Indies,176,217.33,7.15909,0.3125,225.278,7.57386,0.380682,31,LMP Simmons,0,0,0,0,106.584,0,19.1409,0,7.6,11.5409,118,117,9,1,1,3.3125,0.28125,30.5938,71.4338,64,4,58,48.5841,8.8,7.6,12.1385,11.5409,125.725
New Zealand,184,233.745,7.39674,0.36413,227.951,7.30435,0.353261,32,JD Ryder,0,0,0,0,137.312,0,30.8607,0,15.6,15.2607,274,162,1,1,1,4.88571,0.257143,34.4,97.2536,35,0,75.6,61.7122,11.6,15.6,14.3949,15.2607,168.173
New Zealand,184,233.745,7.39674,0.36413,227.951,7.30435,0.353261,32,BB McCullum,0,0,0,0,137.312,0,30.8607,0,15.6,15.2607,274,162,1,1,1,3.98611,0.201389,29.9028,98.4004,144,0,75.6,61.7122,11.6,15.6,14.3949,15.2607,168.173
New Zealand,184,233.745,7.39674,0.36413,227.951,7.30435,0.353261,32,MJ Guptill,0,0,0,0,115.6,0,19.688,0,4,15.688,274,162,1,1,1,4.8087,0.313043,38.1217,82.7482,115,4,54,61.5998,7.6,4,14.749,15.688,135.288
Zimbabwe,142,212.077,7.5,0.380282,227.704,6.97887,0.316901,33,H Masakadza,0,0,0,0,118.285,0,27.5027,0,16,11.5027,153,133,11,1,1,3.11215,0.186916,26.972,70.0485,107,4,68.8,49.4854,15.2,16,12.3254,11.5027,145.788
Zimbabwe,142,212.077,7.5,0.380282,227.704,6.97887,0.316901,33,V Sibanda,0,0,0,0,117.565,0,27.1868,0,16,11.1868,153,133,11,1,1,2.9697,0.181818,23.5152,63.5545,66,1,68.8,48.7653,15.2,16,11.9945,11.1868,144.752
Zimbabwe,142,212.077,7.5,0.380282,227.704,6.97887,0.316901,33,T Taibu,0,0,0,0,118.285,0,27.5027,0,16,11.5027,153,133,11,1,1,2.36364,0.254545,29.4,71.0145,55,4,68.8,49.4854,15.2,16,12.3254,11.5027,145.788
England,221,237.176,7.17647,0.289593,230.633,7.45701,0.384615,35,AJ Strauss,0,0,0,0,145.78,0,34.9747,0,18,16.9747,355,242,1,0,1,3.93243,0.27027,33.9054,79.8028,74,4,78.8,66.9797,12.4,18,15.9584,16.9747,180.754
England,221,237.176,7.17647,0.289593,230.633,7.45701,0.384615,35,LJ Wright,0,0,0,0,145.06,0,34.6588,0,18,16.6588,355,242,1,0,1,1.92105,0.0263158,17.2368,81.875,38,1,78.8,66.2596,12.4,18,15.6275,16.6588,179.718
West Indies,176,217.33,7.15909,0.3125,225.278,7.57386,0.380682,36,DM Richards,0,0,0,0,97.6791,0,17.5755,0,3.6,13.9755,247,194,1,1,1,3.42857,0.285714,25.5714,68.8462,7,4,43.2,54.4791,4,3.6,13.8023,13.9755,115.255
West Indies,176,217.33,7.15909,0.3125,225.278,7.57386,0.380682,36,ADS Fletcher,0,0,0,0,96.959,0,17.2596,0,3.6,13.6596,247,194,1,1,1,1.8125,0.125,13.5,62.6087,16,1,43.2,53.759,4,3.6,13.4714,13.6596,114.219
West Indies,176,217.33,7.15909,0.3125,225.278,7.57386,0.380682,36,DS Smith,0,0,0,0,97.6791,0,17.5755,0,3.6,13.9755,247,194,1,1,1,2.61765,0.147059,23.5588,71.2,34,4,43.2,54.4791,4,3.6,13.8023,13.9755,115.255
West Indies,176,217.33,7.15909,0.3125,225.278,7.57386,0.380682,36,FL Reifer,0,0,0,0,95.621,0,17.4683,0,3.6,13.8683,247,194,1,1,1,1.16667,0,14.3333,45.2632,6,3,41.6,54.021,4,3.6,13.6137,13.8683,113.089
India,259,242.378,7.15058,0.339768,244.568,7.12741,0.30888,37,KD Karthik,0,0,0,0,104.968,0,28.8297,0,15.6,13.2297,156,156,1,0,1,2.46429,0.107143,21.6786,71.8769,56,1,52.4,52.5679,7.2,15.6,11.5393,13.2297,133.798
India,259,242.378,7.15058,0.339768,244.568,7.12741,0.30888,37,SR Tendulkar,0,0,0,0,105.688,0,29.1456,0,15.6,13.5456,156,156,1,0,1,5.89773,0.363636,45.6023,84.5376,88,4,52.4,53.288,7.2,15.6,11.8702,13.5456,134.834
India,259,242.378,7.15058,0.339768,244.568,7.12741,0.30888,37,R Dravid,0,0,0,0,105.688,0,29.1456,0,15.6,13.5456,156,156,1,0,1,2.83721,0.255814,29.8605,72.7067,43,4,52.4,53.288,7.2,15.6,11.8702,13.5456,134.834
Australia,228,239.627,7.69737,0.372807,232.079,7.23246,0.337719,38,SE Marsh,0,0,0,0,101.16,0,19.6987,0,4.8,14.8987,213,213,1,1,1,3.66667,0.291667,35.5417,74.7918,48,4,42,59.1604,8.8,4.8,13.7177,14.8987,120.859
Australia,228,239.627,7.69737,0.372807,232.079,7.23246,0.337719,38,BJ Haddin,0,0,0,0,101.16,0,19.6987,0,4.8,14.8987,213,213,1,1,1,3.14737,0.147368,26.7789,81.382,95,4,42,59.1604,8.8,4.8,13.7177,14.8987,120.859
England,221,237.176,7.17647,0.289593,230.633,7.45701,0.384615,39,AJ Strauss,0,0,0,0,87.4353,0,22.3064,0,8,14.3064,213,213,1,0,1,3.93243,0.27027,33.9054,79.8028,74,4,32,55.4353,3.2,8,12.4854,14.3064,109.742
England,221,237.176,7.17647,0.289593,230.633,7.45701,0.384615,39,JL Denly,0,0,0,0,87.4353,0,22.3064,0,8,14.3064,213,213,1,0,1,3.55556,0.222222,29.3333,63.1579,9,4,32,55.4353,3.2,8,12.4854,14.3064,109.742
England,221,237.176,7.17647,0.289593,230.633,7.45701,0.384615,39,OA Shah,0,0,0,0,87.4353,0,22.3064,0,8,14.3064,213,213,1,0,1,3.13043,0.23913,32.6739,81.1994,46,4,32,55.4353,3.2,8,12.4854,14.3064,109.742
Australia,228,239.627,7.69737,0.372807,232.079,7.23246,0.337719,40,SR Watson,0,0,0,0,109.907,0,19.4053,0,4.8,14.6053,201,206,3,0,1,4.71318,0.286822,37.7907,90.0943,129,4,51.2,58.707,9.6,4.8,14.0035,14.6053,129.312
Australia,228,239.627,7.69737,0.372807,232.079,7.23246,0.337719,40,TD Paine,0,0,0,0,109.907,0,19.4053,0,4.8,14.6053,201,206,3,0,1,3.3913,0.217391,27.6522,65.7704,23,4,51.2,58.707,9.6,4.8,14.0035,14.6053,129.312
Australia,228,239.627,7.69737,0.372807,232.079,7.23246,0.337719,40,RT Ponting,0,0,0,0,109.907,0,19.4053,0,4.8,14.6053,201,206,3,0,1,4.17431,0.33945,38.1009,80.8606,109,4,51.2,58.707,9.6,4.8,14.0035,14.6053,129.312
Australia,228,239.627,7.69737,0.372807,232.079,7.23246,0.337719,40,CL White,0,0,0,0,109.907,0,19.4053,0,4.8,14.6053,201,206,3,0,1,2.66176,0.191176,28.8235,80.1308,68,4,51.2,58.707,9.6,4.8,14.0035,14.6053,129.312
Bangladesh,160,218.438,7.70625,0.4,211.106,7.05,0.325,41,Tamim Iqbal,0,0,0,0,91.5773,0,21.7292,0,12,9.72916,45,49,3,1,1,4.05344,0.274809,31.8015,76.8068,131,4,50.4,41.1773,10.4,12,9.22244,9.72916,113.306
Bangladesh,160,218.438,7.70625,0.4,211.106,7.05,0.325,41,Junaid Siddique,0,0,0,0,90.8572,0,21.4132,0,12,9.41323,45,49,3,1,1,2.16279,0.116279,20.0233,68.225,43,1,50.4,40.4572,10.4,12,8.89156,9.41323,112.27
Ireland,55,219.527,7.65455,0.290909,202.727,7.56364,0.4,42,WTS Porterfield,0,0,0,0,85.2041,0,15.2471,0,2.4,12.8471,232,192,6,1,1,2.6,0.142857,24.6857,56.2866,35,3,34.8,50.4041,9.2,2.4,11.8638,12.8471,100.451
Ireland,55,219.527,7.65455,0.290909,202.727,7.56364,0.4,42,PR Stirling,0,0,0,0,87.7962,0,14.9383,0,2.4,12.5383,232,192,6,1,1,3.47826,0.173913,24.2174,88.1329,23,0,37.6,50.1962,8.4,2.4,11.7134,12.5383,102.735
England,221,237.176,7.17647,0.289593,230.633,7.45701,0.384615,43,AN Cook,0,0,0,0,98.085,0,15.2071,0,0,15.2071,261,261,0,0,1,4.17045,0.272727,35.75,75.5524,88,4,38.8,59.285,6.8,0,14.0224,15.2071,113.292
England,221,237.176,7.17647,0.289593,230.633,7.45701,0.384615,43,C Kieswetter,0,0,0,0,98.085,0,15.2071,0,0,15.2071,261,261,0,0,1,3.43243,0.135135,26.4324,88.0288,37,4,38.8,59.285,6.8,0,14.0224,15.2071,113.292
England,221,237.176,7.17647,0.289593,230.633,7.45701,0.384615,43,KP Pietersen,0,0,0,0,98.085,0,15.2071,0,0,15.2071,261,261,0,0,1,3.69892,0.236559,33.4946,82.2117,93,4,38.8,59.285,6.8,0,14.0224,15.2071,113.292
Zimbabwe,142,212.077,7.5,0.380282,227.704,6.97887,0.316901,44,MA Vermeulen,0,0,0,0,117.181,0,20.2367,0,6.4,13.8367,296,250,0,0,1,1.85714,0.142857,20.2857,68.2692,7,1,60.4,56.7806,8.4,6.4,14.0335,13.8367,137.417
Zimbabwe,142,212.077,7.5,0.380282,227.704,6.97887,0.316901,44,CJ Chibhabha,0,0,0,0,117.181,0,20.2367,0,6.4,13.8367,296,250,0,0,1,2.56716,0.149254,23.5373,64.7373,67,1,60.4,56.7806,8.4,6.4,14.0335,13.8367,137.417
Ireland,55,219.527,7.65455,0.290909,202.727,7.56364,0.4,46,WTS Porterfield,0,0,0,0,94.8556,0,17.7963,0,3.2,14.5963,328,329,4,0,1,2.6,0.142857,24.6857,56.2866,35,3,39.2,55.6556,6.4,3.2,13.3294,14.5963,112.652
Ireland,55,219.527,7.65455,0.290909,202.727,7.56364,0.4,46,EC Joyce,0,0,0,0,95.0956,0,17.9016,0,3.2,14.7016,328,329,4,0,1,3.08571,0.2,28.3429,68.6505,35,4,39.2,55.8956,6.4,3.2,13.4397,14.7016,112.997
Ireland,55,219.527,7.65455,0.290909,202.727,7.56364,0.4,46,PR Stirling,0,0,0,0,93.8249,0,17.4886,0,3.2,14.2886,328,329,4,0,1,3.47826,0.173913,24.2174,88.1329,23,0,38.8,55.0249,4.4,3.2,13.2164,14.2886,111.314
Zimbabwe,142,212.077,7.5,0.380282,227.704,6.97887,0.316901,47,BRM Taylor,0,0,0,0,107.277,0,28.3378,0,13.6,14.7378,328,188,9,0,1,3.3,0.26,33.56,76.3421,100,4,50.4,56.8773,7.6,13.6,14.0052,14.7378,135.615
Zimbabwe,142,212.077,7.5,0.380282,227.704,6.97887,0.316901,47,RW Chakabva,0,0,0,0,108.88,0,28.2344,0,13.6,14.6344,328,188,9,0,1,0.846154,0,13.2692,51.3393,26,3,52,56.88,7.6,13.6,13.9789,14.6344,137.114
West Indies,176,217.33,7.15909,0.3125,225.278,7.57386,0.380682,48,DS Smith,0,0,0,0,85.2864,0,15.4377,0,1.6,13.8377,244,225,5,0,1,2.61765,0.147059,23.5588,71.2,34,4,32.8,52.4864,4,1.6,12.8004,13.8377,100.724
West Indies,176,217.33,7.15909,0.3125,225.278,7.57386,0.380682,48,CH Gayle,0,0,0,0,85.2864,0,15.4377,0,1.6,13.8377,244,225,5,0,1,4.58621,0.206897,31.1293,89.4255,116,4,32.8,52.4864,4,1.6,12.8004,13.8377,100.724
Sri Lanka,244,223.373,7.09016,0.344262,227.578,7.47541,0.385246,49,WU Tharanga,0,0,0,0,79.176,0,18.8425,0,4.4,14.4425,230,231,2,1,1,3.93985,0.263158,32.9699,71.6035,133,4,24.8,54.376,3.2,4.4,12.3825,14.4425,98.0185
Sri Lanka,244,223.373,7.09016,0.344262,227.578,7.47541,0.385246,49,TM Dilshan,0,0,0,0,79.176,0,18.8425,0,4.4,14.4425,230,231,2,1,1,4.60199,0.273632,38.3632,86.0219,201,4,24.8,54.376,3.2,4.4,12.3825,14.4425,98.0185
Sri Lanka,244,223.373,7.09016,0.344262,227.578,7.47541,0.385246,50,WU Tharanga,0,0,0,0,107.4,0,18.2925,0,3.6,14.6925,246,249,1,0,1,3.93985,0.263158,32.9699,71.6035,133,4,49.6,57.7996,4.8,3.6,13.5579,14.6925,125.692
Sri Lanka,244,223.373,7.09016,0.344262,227.578,7.47541,0.385246,50,KC Sangakkara,0,0,0,0,107.4,0,18.2925,0,3.6,14.6925,246,249,1,0,1,4.33659,0.360976,41.9854,80.6276,205,4,49.6,57.7996,4.8,3.6,13.5579,14.6925,125.692
Sri Lanka,244,223.373,7.09016,0.344262,227.578,7.47541,0.385246,50,TM Dilshan,0,0,0,0,107.4,0,18.2925,0,3.6,14.6925,246,249,1,0,1,4.60199,0.273632,38.3632,86.0219,201,4,49.6,57.7996,4.8,3.6,13.5579,14.6925,125.692
South Africa,190,234.274,7.4,0.373684,232.363,7.33158,0.342105,51,HM Amla,0,0,0,0,102.651,0,24.238,0,8.8,15.438,253,255,3,0,1,5.20168,0.403361,48.7899,86.9292,119,4,44,58.6506,4,8.8,13.4455,15.438,126.889
South Africa,190,234.274,7.4,0.373684,232.363,7.33158,0.342105,51,GC Smith,0,0,0,0,102.651,0,24.238,0,8.8,15.438,253,255,3,0,1,3.97,0.29,33.57,79.6819,100,4,44,58.6506,4,8.8,13.4455,15.438,126.889
Australia,228,239.627,7.69737,0.372807,232.079,7.23246,0.337719,52,SR Watson,0,0,0,0,130.064,0,24.5549,0,8,16.5549,300,278,2,1,1,4.71318,0.286822,37.7907,90.0943,129,4,63.6,66.4636,8.8,8,16.0903,16.5549,154.619
Australia,228,239.627,7.69737,0.372807,232.079,7.23246,0.337719,52,BJ Haddin,0,0,0,0,130.064,0,24.5549,0,8,16.5549,300,278,2,1,1,3.14737,0.147368,26.7789,81.382,95,4,63.6,66.4636,8.8,8,16.0903,16.5549,154.619
Sri Lanka,244,223.373,7.09016,0.344262,227.578,7.47541,0.385246,53,WU Tharanga,0,0,0,0,111.447,0,23.487,0,11.2,12.287,119,119,5,0,1,3.93985,0.263158,32.9699,71.6035,133,4,60.4,51.0473,9.6,11.2,11.47,12.287,134.934
Sri Lanka,244,223.373,7.09016,0.344262,227.578,7.47541,0.385246,53,TM Dilshan,0,0,0,0,111.447,0,23.487,0,11.2,12.287,119,119,5,0,1,4.60199,0.273632,38.3632,86.0219,201,4,60.4,51.0473,9.6,11.2,11.47,12.287,134.934
Sri Lanka,244,223.373,7.09016,0.344262,227.578,7.47541,0.385246,54,WU Tharanga,0,0,0,0,100.794,0,24.4737,0,10.4,14.0737,210,211,5,1,1,3.93985,0.263158,32.9699,71.6035,133,4,45.6,55.194,5.6,10.4,12.4768,14.0737,125.268
Sri Lanka,244,223.373,7.09016,0.344262,227.578,7.47541,0.385246,54,TM Dilshan,0,0,0,0,100.794,0,24.4737,0,10.4,14.0737,210,211,5,1,1,4.60199,0.273632,38.3632,86.0219,201,4,45.6,55.194,5.6,10.4,12.4768,14.0737,125.268
Pakistan,211,222.621,7.38389,0.393365,235.517,7.54976,0.336493,55,Imran Farhat,0,0,0,0,75.6084,0,22.3466,0,7.6,14.7466,229,226,2,0,1,3.03333,0.266667,27.0333,62.9658,30,4,23.6,52.0084,6,7.6,11.8971,14.7466,97.955
Pakistan,211,222.621,7.38389,0.393365,235.517,7.54976,0.336493,55,Mohammad Hafeez,0,0,0,0,75.6084,0,22.3466,0,7.6,14.7466,229,226,2,0,1,4.04511,0.255639,34.3534,78.0625,133,4,23.6,52.0084,6,7.6,11.8971,14.7466,97.955
India,259,242.378,7.15058,0.339768,244.568,7.12741,0.30888,56,PA Patel,0,0,0,0,141.401,0,27.3425,0,12,15.3425,251,234,1,0,1,2.65217,0.130435,22.1304,79.4072,23,4,79.6,61.801,12,12,14.9213,15.3425,168.743
India,259,242.378,7.15058,0.339768,244.568,7.12741,0.30888,56,RG Sharma,0,0,0,0,141.401,0,27.3425,0,12,15.3425,251,234,1,0,1,3.82836,0.268657,35.9179,83.083,134,4,79.6,61.801,12,12,14.9213,15.3425,168.743
India,259,242.378,7.15058,0.339768,244.568,7.12741,0.30888,56,V Kohli,0,0,0,0,141.401,0,27.3425,0,12,15.3425,251,234,1,0,1,4.66456,0.379747,44.9937,88.3325,158,4,79.6,61.801,12,12,14.9213,15.3425,168.743
India,259,242.378,7.15058,0.339768,244.568,7.12741,0.30888,57,G Gambhir,0,0,0,0,114.828,0,23.0777,0,10.4,12.6777,104,107,5,1,1,3.99145,0.333333,37.4701,84.1944,117,4,61.2,53.6282,2.4,10.4,12.862,12.6777,137.906
India,259,242.378,7.15058,0.339768,244.568,7.12741,0.30888,57,V Kohli,0,0,0,0,114.828,0,23.0777,0,10.4,12.6777,104,107,5,1,1,4.66456,0.379747,44.9937,88.3325,158,4,61.2,53.6282,2.4,10.4,12.862,12.6777,137.906
India,259,242.378,7.15058,0.339768,244.568,7.12741,0.30888,57,PA Patel,0,0,0,0,114.828,0,23.0777,0,10.4,12.6777,104,107,5,1,1,2.65217,0.130435,22.1304,79.4072,23,4,61.2,53.6282,2.4,10.4,12.862,12.6777,137.906
India,259,242.378,7.15058,0.339768,244.568,7.12741,0.30888,57,Yuvraj Singh,0,0,0,0,114.828,0,23.0777,0,10.4,12.6777,104,107,5,1,1,4.05833,0.258333,32.525,83.8093,120,4,61.2,53.6282,2.4,10.4,12.862,12.6777,137.906
Sri Lanka,244,223.373,7.09016,0.344262,227.578,7.47541,0.385246,58,FDM Karunaratne,0,0,0,0,112.437,0,26.787,0,12,14.787,269,252,0,0,1,0.8,0,10.7,64.8485,10,1,55.2,57.237,8.4,12,13.4745,14.787,139.224
Sri Lanka,244,223.373,7.09016,0.344262,227.578,7.47541,0.385246,58,TM Dilshan,0,0,0,0,101.31,0,20.3064,0,5.2,15.1064,269,252,0,0,1,4.60199,0.273632,38.3632,86.0219,201,4,43.6,57.7104,6.8,5.2,13.3984,15.1064,121.617
Sri Lanka,244,223.373,7.09016,0.344262,227.578,7.47541,0.385246,58,KC Sangakkara,0,0,0,0,101.31,0,20.3064,0,5.2,15.1064,269,252,0,0,1,4.33659,0.360976,41.9854,80.6276,205,4,43.6,57.7104,6.8,5.2,13.3984,15.1064,121.617
Sri Lanka,244,223.373,7.09016,0.344262,227.578,7.47541,0.385246,58,DPMD Jayawardene,0,0,0,0,101.31,0,20.3064,0,5.2,15.1064,269,252,0,0,1,3.20833,0.244792,31.6979,79.1109,192,4,43.6,57.7104,6.8,5.2,13.3984,15.1064,121.617
Bangladesh,160,218.438,7.70625,0.4,211.106,7.05,0.325,59,Tamim Iqbal,0,0,0,0,87.4359,0,13.6123,0,0.8,12.8123,210,200,1,1,1,4.05344,0.274809,31.8015,76.8068,131,4,38,49.4359,14,0.8,11.3691,12.8123,101.048
Bangladesh,160,218.438,7.70625,0.4,211.106,7.05,0.325,59,Imrul Kayes,0,0,0,0,87.4359,0,13.6123,0,0.8,12.8123,210,200,1,1,1,3,0.207547,26.2642,63.6488,53,4,38,49.4359,14,0.8,11.3691,12.8123,101.048
India,259,242.378,7.15058,0.339768,244.568,7.12741,0.30888,60,PA Patel,0,0,0,0,116.762,0,25.9603,0,10.8,15.1603,241,183,2,0,1,2.65217,0.130435,22.1304,79.4072,23,4,57.6,59.1616,5.6,10.8,14.1304,15.1603,142.722
India,259,242.378,7.15058,0.339768,244.568,7.12741,0.30888,60,S Dhawan,0,0,0,0,116.762,0,25.9603,0,10.8,15.1603,241,183,2,0,1,5.65217,0.362319,43.2174,88.9088,69,4,57.6,59.1616,5.6,10.8,14.1304,15.1603,142.722
India,259,242.378,7.15058,0.339768,244.568,7.12741,0.30888,60,V Kohli,0,0,0,0,116.762,0,25.9603,0,10.8,15.1603,241,183,2,0,1,4.66456,0.379747,44.9937,88.3325,158,4,57.6,59.1616,5.6,10.8,14.1304,15.1603,142.722
Australia,228,239.627,7.69737,0.372807,232.079,7.23246,0.337719,61,SR Watson,0,0,0,0,111.116,0,21.8303,0,6.8,15.0303,223,227,2,0,1,4.71318,0.286822,37.7907,90.0943,129,4,50.8,60.3163,7.2,6.8,13.8609,15.0303,132.947
Australia,228,239.627,7.69737,0.372807,232.079,7.23246,0.337719,61,DA Warner,0,0,0,0,111.116,0,21.8303,0,6.8,15.0303,223,227,2,0,1,4.20312,0.265625,35.2031,87.7336,64,4,50.8,60.3163,7.2,6.8,13.8609,15.0303,132.947
Sri Lanka,244,223.373,7.09016,0.344262,227.578,7.47541,0.385246,62,WU Tharanga,0,0,0,0,121.668,0,20.5051,0,6.4,14.1051,212,213,5,1,1,3.93985,0.263158,32.9699,71.6035,133,4,64.4,57.2676,12,6.4,13.7155,14.1051,142.173
Sri Lanka,244,223.373,7.09016,0.344262,227.578,7.47541,0.385246,62,KC Sangakkara,0,0,0,0,121.668,0,20.5051,0,6.4,14.1051,212,213,5,1,1,4.33659,0.360976,41.9854,80.6276,205,4,64.4,57.2676,12,6.4,13.7155,14.1051,142.173
Sri Lanka,244,223.373,7.09016,0.344262,227.578,7.47541,0.385246,62,DPMD Jayawardene,0,0,0,0,121.668,0,20.5051,0,6.4,14.1051,212,213,5,1,1,3.20833,0.244792,31.6979,79.1109,192,4,64.4,57.2676,12,6.4,13.7155,14.1051,142.173
Sri Lanka,244,223.373,7.09016,0.344262,227.578,7.47541,0.385246,62,TM Dilshan,0,0,0,0,121.668,0,20.5051,0,6.4,14.1051,212,213,5,1,1,4.60199,0.273632,38.3632,86.0219,201,4,64.4,57.2676,12,6.4,13.7155,14.1051,142.173
India,259,242.378,7.15058,0.339768,244.568,7.12741,0.30888,63,V Sehwag,0,0,0,0,137.838,0,26.9529,0,12,14.9529,253,165,10,0,1,5.88636,0.238636,38.8295,108.649,88,0,77.2,60.6378,12.8,12,14.2359,14.9529,164.791
India,259,242.378,7.15058,0.339768,244.568,7.12741,0.30888,63,SR Tendulkar,0,0,0,0,138.001,0,27.3771,0,12,15.3771,253,165,10,0,1,5.89773,0.363636,45.6023,84.5376,88,4,76.4,61.6007,12,12,14.677,15.3771,165.378
India,259,242.378,7.15058,0.339768,244.568,7.12741,0.30888,63,G Gambhir,0,0,0,0,138.001,0,27.3771,0,12,15.3771,253,165,10,0,1,3.99145,0.333333,37.4701,84.1944,117,4,76.4,61.6007,12,12,14.677,15.3771,165.378
South Africa,190,234.274,7.4,0.373684,232.363,7.33158,0.342105,64,HM Amla,0,0,0,0,99.5916,0,26.6131,0,11.6,15.0131,231,231,1,0,1,5.20168,0.403361,48.7899,86.9292,119,4,42.8,56.7916,5.6,11.6,12.651,15.0131,126.205
South Africa,190,234.274,7.4,0.373684,232.363,7.33158,0.342105,64,JH Kallis,0,0,0,0,99.5916,0,26.6131,0,11.6,15.0131,231,231,1,0,1,3.58621,0.356322,37.2644,76.4442,87,4,42.8,56.7916,5.6,11.6,12.651,15.0131,126.205
South Africa,190,234.274,7.4,0.373684,232.363,7.33158,0.342105,64,F du Plessis,0,0,0,0,99.5916,0,26.6131,0,11.6,15.0131,231,231,1,0,1,3.45122,0.292683,34.9268,83.135,82,4,42.8,56.7916,5.6,11.6,12.651,15.0131,126.205
Bangladesh,160,218.438,7.70625,0.4,211.106,7.05,0.325,65,Tamim Iqbal,0,0,0,0,98.3963,0,14.9643,0,2.4,12.5643,200,203,3,0,1,4.05344,0.274809,31.8015,76.8068,131,4,48.8,49.5963,14,2.4,11.0097,12.5643,113.361
Bangladesh,160,218.438,7.70625,0.4,211.106,7.05,0.325,65,Imrul Kayes,0,0,0,0,98.3963,0,14.9643,0,2.4,12.5643,200,203,3,0,1,3,0.207547,26.2642,63.6488,53,4,48.8,49.5963,14,2.4,11.0097,12.5643,113.361
Bangladesh,160,218.438,7.70625,0.4,211.106,7.05,0.325,65,Junaid Siddique,0,0,0,0,90.0281,0,13.0249,0,0.8,12.2249,200,203,3,0,1,2.16279,0.116279,20.0233,68.225,43,1,42.4,47.6281,17.6,0.8,10.3445,12.2249,103.053
Pakistan,211,222.621,7.38389,0.393365,235.517,7.54976,0.336493,66,Mohammad Hafeez,0,0,0,0,97.4738,0,20.5592,0,7.6,12.9592,132,132,9,0,1,4.04511,0.255639,34.3534,78.0625,133,4,47.2,50.2738,4,7.6,12.0173,12.9592,118.033
Pakistan,211,222.621,7.38389,0.393365,235.517,7.54976,0.336493,66,Imran Farhat,0,0,0,0,97.4738,0,20.5592,0,7.6,12.9592,132,132,9,0,1,3.03333,0.266667,27.0333,62.9658,30,4,47.2,50.2738,4,7.6,12.0173,12.9592,118.033
Pakistan,211,222.621,7.38389,0.393365,235.517,7.54976,0.336493,66,Younis Khan,0,0,0,0,97.4738,0,20.5592,0,7.6,12.9592,132,132,9,0,1,2.64655,0.215517,28.5,73.2713,116,4,47.2,50.2738,4,7.6,12.0173,12.9592,118.033
West Indies,176,217.33,7.15909,0.3125,225.278,7.57386,0.380682,67,LMP Simmons,0,0,0,0,87.432,0,17.4042,0,4,13.4042,221,221,5,0,1,3.3125,0.28125,30.5938,71.4338,64,4,36,51.432,4.8,4,12.1403,13.4042,104.836
West Indies,176,217.33,7.15909,0.3125,225.278,7.57386,0.380682,67,DP Hyatt,0,0,0,0,87.192,0,17.2989,0,4,13.2989,221,221,5,0,1,1.55556,0,12.4444,59.2593,9,3,36,51.192,4.8,4,12.03,13.2989,104.491
England,221,237.176,7.17647,0.289593,230.633,7.45701,0.384615,68,AN Cook,0,0,0,0,117.791,0,20.5349,0,6,14.5349,221,224,7,1,1,4.17045,0.272727,35.75,75.5524,88,4,58,59.791,8.8,6,14.1954,14.5349,138.326
England,221,237.176,7.17647,0.289593,230.633,7.45701,0.384615,68,IR Bell,0,0,0,0,117.791,0,20.5349,0,6,14.5349,221,224,7,1,1,3.63433,0.246269,35.3806,75.6623,134,4,58,59.791,8.8,6,14.1954,14.5349,138.326
England,221,237.176,7.17647,0.289593,230.633,7.45701,0.384615,68,IJL Trott,0,0,0,0,117.791,0,20.5349,0,6,14.5349,221,224,7,1,1,3.3871,0.403226,43.7903,75.2494,62,4,58,59.791,8.8,6,14.1954,14.5349,138.326
India,259,242.378,7.15058,0.339768,244.568,7.12741,0.30888,69,PA Patel,0,0,0,0,127.753,0,27.3617,0,11.6,15.7617,270,270,2,1,1,2.65217,0.130435,22.1304,79.4072,23,4,66,61.7528,10.8,11.6,15.0821,15.7617,155.115
India,259,242.378,7.15058,0.339768,244.568,7.12741,0.30888,69,V Sehwag,0,0,0,0,124.975,0,26.9386,0,11.6,15.3386,270,270,2,1,1,5.88636,0.238636,38.8295,108.649,88,0,64.4,60.5747,10.8,11.6,14.5626,15.3386,151.913
India,259,242.378,7.15058,0.339768,244.568,7.12741,0.30888,69,G Gambhir,0,0,0,0,127.753,0,27.3617,0,11.6,15.7617,270,270,2,1,1,3.99145,0.333333,37.4701,84.1944,117,4,66,61.7528,10.8,11.6,15.0821,15.7617,155.115
Australia,228,239.627,7.69737,0.372807,232.079,7.23246,0.337719,70,SR Watson,0,0,0,0,130.118,0,25.5819,0,9.2,16.3819,295,252,4,0,1,4.71318,0.286822,37.7907,90.0943,129,4,64.8,65.3177,10.4,9.2,15.3508,16.3819,155.7
Australia,228,239.627,7.69737,0.372807,232.079,7.23246,0.337719,70,DA Warner,0,0,0,0,130.118,0,25.5819,0,9.2,16.3819,295,252,4,0,1,4.20312,0.265625,35.2031,87.7336,64,4,64.8,65.3177,10.4,9.2,15.3508,16.3819,155.7
Australia,228,239.627,7.69737,0.372807,232.079,7.23246,0.337719,70,PJ Forrest,0,0,0,0,130.118,0,25.5819,0,9.2,16.3819,295,252,4,0,1,2.71429,0.285714,26.2143,63.6049,14,4,64.8,65.3177,10.4,9.2,15.3508,16.3819,155.7
New Zealand,184,233.745,7.39674,0.36413,227.951,7.30435,0.353261,71,RJ Nicol,0,0,0,0,109.566,0,17.8428,0,2.4,15.4428,265,240,8,0,1,3.3,0.2,29.25,73.4003,20,4,49.6,59.9657,7.6,2.4,14.1581,15.4428,127.408
New Zealand,184,233.745,7.39674,0.36413,227.951,7.30435,0.353261,71,MJ Guptill,0,0,0,0,109.566,0,17.8428,0,2.4,15.4428,265,240,8,0,1,4.8087,0.313043,38.1217,82.7482,115,4,49.6,59.9657,7.6,2.4,14.1581,15.4428,127.408
New Zealand,184,233.745,7.39674,0.36413,227.951,7.30435,0.353261,71,BB McCullum,0,0,0,0,108.606,0,17.4215,0,2.4,15.0215,265,240,8,0,1,3.98611,0.201389,29.9028,98.4004,144,0,49.6,59.0056,7.6,2.4,13.7169,15.0215,126.027
Sri Lanka,244,223.373,7.09016,0.344262,227.578,7.47541,0.385246,72,WU Tharanga,0,0,0,0,114.136,0,22.0739,0,6.4,15.6739,295,274,12,1,1,3.93985,0.263158,32.9699,71.6035,133,4,53.2,60.9364,7.6,6.4,14.5038,15.6739,136.21
Sri Lanka,244,223.373,7.09016,0.344262,227.578,7.47541,0.385246,72,TM Dilshan,0,0,0,0,114.136,0,22.0739,0,6.4,15.6739,295,274,12,1,1,4.60199,0.273632,38.3632,86.0219,201,4,53.2,60.9364,7.6,6.4,14.5038,15.6739,136.21
Sri Lanka,244,223.373,7.09016,0.344262,227.578,7.47541,0.385246,72,HDRL Thirimanne,0,0,0,0,114.136,0,22.0739,0,6.4,15.6739,295,274,12,1,1,2.77778,0.246914,31.5802,71.4725,81,4,53.2,60.9364,7.6,6.4,14.5038,15.6739,136.21
England,221,237.176,7.17647,0.289593,230.633,7.45701,0.384615,73,KP Pietersen,0,0,0,0,127.813,0,26.7283,0,10.4,16.3283,316,227,3,1,1,3.69892,0.236559,33.4946,82.2117,93,4,62.8,65.0125,7.2,10.4,15.7454,16.3283,154.541
England,221,237.176,7.17647,0.289593,230.633,7.45701,0.384615,73,MA Carberry,0,0,0,0,127.124,0,26.3975,0,10.4,15.9975,316,227,3,1,1,2.8,0.2,22.6,63.4831,5,1,63.2,63.9238,10.4,10.4,15.283,15.9975,153.521
England,221,237.176,7.17647,0.289593,230.633,7.45701,0.384615,73,IJL Trott,0,0,0,0,127.813,0,26.7283,0,10.4,16.3283,316,227,3,1,1,3.3871,0.403226,43.7903,75.2494,62,4,62.8,65.0125,7.2,10.4,15.7454,16.3283,154.541
England,221,237.176,7.17647,0.289593,230.633,7.45701,0.384615,73,JE Root,0,0,0,0,127.813,0,26.7283,0,10.4,16.3283,316,227,3,1,1,3.68852,0.327869,41.6721,83.3443,61,4,62.8,65.0125,7.2,10.4,15.7454,16.3283,154.541
Pakistan,211,222.621,7.38389,0.393365,235.517,7.54976,0.336493,74,Nasir Jamshed,0,0,0,0,95.7363,0,20.057,0,6,14.057,192,192,0,0,1,3.63043,0.23913,30.2174,73.8184,46,4,43.2,52.5363,10,6,12.215,14.057,115.793
Pakistan,211,222.621,7.38389,0.393365,235.517,7.54976,0.336493,74,Mohammad Hafeez,0,0,0,0,95.7363,0,20.057,0,6,14.057,192,192,0,0,1,4.04511,0.255639,34.3534,78.0625,133,4,43.2,52.5363,10,6,12.215,14.057,115.793
South Africa,190,234.274,7.4,0.373684,232.363,7.33158,0.342105,76,HM Amla,0,0,0,0,138.24,0,30.9157,0,14,16.9157,332,305,0,0,1,5.20168,0.403361,48.7899,86.9292,119,4,73.2,65.04,11.2,14,15.5926,16.9157,169.156
South Africa,190,234.274,7.4,0.373684,232.363,7.33158,0.342105,76,CA Ingram,0,0,0,0,138.24,0,30.9157,0,14,16.9157,332,305,0,0,1,3,0.178571,27.1786,81.3904,28,4,73.2,65.04,11.2,14,15.5926,16.9157,169.156
South Africa,190,234.274,7.4,0.373684,232.363,7.33158,0.342105,76,RJ Peterson,0,0,0,0,136.196,0,30.5987,0,14,16.5987,332,305,0,0,1,1.62069,0.0344828,15.7931,83.5766,29,1,72,64.1961,11.2,14,15.139,16.5987,166.795
South Africa,190,234.274,7.4,0.373684,232.363,7.33158,0.342105,76,AB de Villiers,0,0,0,0,138.24,0,30.9157,0,14,16.9157,332,305,0,0,1,5.04969,0.403727,47.2174,98.8428,161,4,73.2,65.04,11.2,14,15.5926,16.9157,169.156
Australia,228,239.627,7.69737,0.372807,232.079,7.23246,0.337719,77,SR Watson,0,0,0,0,103.929,0,24.4157,0,8.8,15.6157,254,233,6,0,1,4.71318,0.286822,37.7907,90.0943,129,4,43.2,60.7288,4,8.8,14.2047,15.6157,128.344
Australia,228,239.627,7.69737,0.372807,232.079,7.23246,0.337719,77,PJ Hughes,0,0,0,0,103.929,0,24.4157,0,8.8,15.6157,254,233,6,0,1,4.52381,0.285714,38.7619,74.7475,21,4,43.2,60.7288,4,8.8,14.2047,15.6157,128.344
Australia,228,239.627,7.69737,0.372807,232.079,7.23246,0.337719,77,GJ Maxwell,0,0,0,0,106.318,0,26.3958,0,11.2,15.1958,254,233,6,0,1,3.79245,0.226415,28.2264,119.68,53,0,46.4,59.9176,4,11.2,13.7387,15.1958,132.713
India,259,242.378,7.15058,0.339768,244.568,7.12741,0.30888,78,G Gambhir,0,0,0,0,143.441,0,27.4157,0,12,15.4157,251,165,6,1,1,3.99145,0.333333,37.4701,84.1944,117,4,80.8,62.6411,12,12,15.4759,15.4157,170.857
India,259,242.378,7.15058,0.339768,244.568,7.12741,0.30888,78,V Sehwag,0,0,0,0,130.391,0,26.1984,0,11.2,14.9984,251,165,6,1,1,5.88636,0.238636,38.8295,108.649,88,0,69.6,60.7907,8.8,11.2,14.5542,14.9984,156.589
Sri Lanka,244,223.373,7.09016,0.344262,227.578,7.47541,0.385246,79,WU Tharanga,0,0,0,0,110.857,0,21.5118,0,9.2,12.3118,120,96,6,0,1,3.93985,0.263158,32.9699,71.6035,133,4,59.6,51.2566,8.4,9.2,11.8057,12.3118,132.368
Sri Lanka,244,223.373,7.09016,0.344262,227.578,7.47541,0.385246,79,DPMD Jayawardene,0,0,0,0,110.857,0,21.5118,0,9.2,12.3118,120,96,6,0,1,3.20833,0.244792,31.6979,79.1109,192,4,59.6,51.2566,8.4,9.2,11.8057,12.3118,132.368
Sri Lanka,244,223.373,7.09016,0.344262,227.578,7.47541,0.385246,79,KC Sangakkara,0,0,0,0,110.857,0,21.5118,0,9.2,12.3118,120,96,6,0,1,4.33659,0.360976,41.9854,80.6276,205,4,59.6,51.2566,8.4,9.2,11.8057,12.3118,132.368
Sri Lanka,244,223.373,7.09016,0.344262,227.578,7.47541,0.385246,79,LD Chandimal,0,0,0,0,110.857,0,21.5118,0,9.2,12.3118,120,96,6,0,1,2.18478,0.184783,25.7391,73.8615,92,4,59.6,51.2566,8.4,9.2,11.8057,12.3118,132.368
England,221,237.176,7.17647,0.289593,230.633,7.45701,0.384615,81,AN Cook,0,0,0,0,117.496,0,22.3751,0,8,14.3751,218,212,3,0,1,4.17045,0.272727,35.75,75.5524,88,4,59.6,57.8961,15.2,8,13.3714,14.3751,139.871
England,221,237.176,7.17647,0.289593,230.633,7.45701,0.384615,81,IR Bell,0,0,0,0,117.496,0,22.3751,0,8,14.3751,218,212,3,0,1,3.63433,0.246269,35.3806,75.6623,134,4,59.6,57.8961,15.2,8,13.3714,14.3751,139.871
Pakistan,211,222.621,7.38389,0.393365,235.517,7.54976,0.336493,82,Nasir Jamshed,0,0,0,0,79.5852,0,17.2438,0,2.4,14.8438,233,195,5,0,1,3.63043,0.23913,30.2174,73.8184,46,4,26,53.5852,3.2,2.4,12.5472,14.8438,96.8289
Pakistan,211,222.621,7.38389,0.393365,235.517,7.54976,0.336493,82,Ahmed Shehzad,0,0,0,0,79.5852,0,17.2438,0,2.4,14.8438,233,195,5,0,1,3.67143,0.242857,33.2714,70.8118,70,4,26,53.5852,3.2,2.4,12.5472,14.8438,96.8289
India,259,242.378,7.15058,0.339768,244.568,7.12741,0.30888,83,RG Sharma,0,0,0,0,117.798,0,30.3037,0,14.4,15.9037,281,146,6,0,1,3.82836,0.268657,35.9179,83.083,134,4,57.2,60.5976,6.4,14.4,14.4686,15.9037,148.101
India,259,242.378,7.15058,0.339768,244.568,7.12741,0.30888,83,S Dhawan,0,0,0,0,117.798,0,30.3037,0,14.4,15.9037,281,146,6,0,1,5.65217,0.362319,43.2174,88.9088,69,4,57.2,60.5976,6.4,14.4,14.4686,15.9037,148.101
India,259,242.378,7.15058,0.339768,244.568,7.12741,0.30888,83,V Kohli,0,0,0,0,117.798,0,30.3037,0,14.4,15.9037,281,146,6,0,1,4.66456,0.379747,44.9937,88.3325,158,4,57.2,60.5976,6.4,14.4,14.4686,15.9037,148.101
India,259,242.378,7.15058,0.339768,244.568,7.12741,0.30888,83,AM Rahane,0,0,0,0,117.798,0,30.3037,0,14.4,15.9037,281,146,6,0,1,3.55738,0.262295,32.2295,78.0159,61,4,57.2,60.5976,6.4,14.4,14.4686,15.9037,148.101
Ireland,55,219.527,7.65455,0.290909,202.727,7.56364,0.4,84,WTS Porterfield,0,0,0,0,104.945,0,22.936,0,8.8,14.136,305,307,5,0,1,2.6,0.142857,24.6857,56.2866,35,3,50.8,54.1448,13.6,8.8,12.9875,14.136,127.881
Ireland,55,219.527,7.65455,0.290909,202.727,7.56364,0.4,84,PR Stirling,0,0,0,0,102.625,0,21.0201,0,7.2,13.8201,305,307,5,0,1,3.47826,0.173913,24.2174,88.1329,23,0,49.2,53.4248,13.6,7.2,12.6566,13.8201,123.645
West Indies,176,217.33,7.15909,0.3125,225.278,7.57386,0.380682,88,CH Gayle,0,0,0,0,131.982,0,24.6284,0,8,16.6284,394,250,1,0,1,4.58621,0.206897,31.1293,89.4255,116,4,69.2,62.782,17.2,8,15.9644,16.6284,156.61
West Indies,176,217.33,7.15909,0.3125,225.278,7.57386,0.380682,88,J Charles,0,0,0,0,131.982,0,24.6284,0,8,16.6284,394,250,1,0,1,3.82353,0.147059,28.2353,81.2183,34,4,69.2,62.782,17.2,8,15.9644,16.6284,156.61
West Indies,176,217.33,7.15909,0.3125,225.278,7.57386,0.380682,88,LMP Simmons,0,0,0,0,131.982,0,24.6284,0,8,16.6284,394,250,1,0,1,3.3125,0.28125,30.5938,71.4338,64,4,69.2,62.782,17.2,8,15.9644,16.6284,156.61
Zimbabwe,142,212.077,7.5,0.380282,227.704,6.97887,0.316901,89,H Masakadza,0,0,0,0,115.593,0,20.6966,0,6.4,14.2966,300,209,3,1,1,3.11215,0.186916,26.972,70.0485,107,4,57.6,57.9932,8.4,6.4,14.7292,14.2966,136.29
Zimbabwe,142,212.077,7.5,0.380282,227.704,6.97887,0.316901,89,V Sibanda,0,0,0,0,114.873,0,20.3807,0,6.4,13.9807,300,209,3,1,1,2.9697,0.181818,23.5152,63.5545,66,1,57.6,57.2732,8.4,6.4,14.3983,13.9807,135.254
Zimbabwe,142,212.077,7.5,0.380282,227.704,6.97887,0.316901,89,BRM Taylor,0,0,0,0,115.593,0,20.6966,0,6.4,14.2966,300,209,3,1,1,3.3,0.26,33.56,76.3421,100,4,57.6,57.9932,8.4,6.4,14.7292,14.2966,136.29
India,259,242.378,7.15058,0.339768,244.568,7.12741,0.30888,90,RG Sharma,0,0,0,0,131.263,0,27.746,0,11.2,16.546,315,314,0,0,1,3.82836,0.268657,35.9179,83.083,134,4,67.2,64.0628,9.2,11.2,15.309,16.546,159.009
India,259,242.378,7.15058,0.339768,244.568,7.12741,0.30888,90,S Dhawan,0,0,0,0,131.263,0,27.746,0,11.2,16.546,315,314,0,0,1,5.65217,0.362319,43.2174,88.9088,69,4,67.2,64.0628,9.2,11.2,15.309,16.546,159.009
England,221,237.176,7.17647,0.289593,230.633,7.45701,0.384615,91,AN Cook,0,0,0,0,127.732,0,28.4327,0,12.4,16.0327,301,293,4,1,1,4.17045,0.272727,35.75,75.5524,88,4,64,63.7323,10,12.4,15.2095,16.0327,156.165
England,221,237.176,7.17647,0.289593,230.633,7.45701,0.384615,91,IR Bell,0,0,0,0,127.732,0,28.4327,0,12.4,16.0327,301,293,4,1,1,3.63433,0.246269,35.3806,75.6623,134,4,64,63.7323,10,12.4,15.2095,16.0327,156.165
England,221,237.176,7.17647,0.289593,230.633,7.45701,0.384615,91,GS Ballance,0,0,0,0,124.45,0,28.1182,0,12.4,15.7182,301,293,4,1,1,1.69231,0.153846,22,66.3573,13,1,61.6,62.8501,9.2,12.4,14.715,15.7182,152.568
England,221,237.176,7.17647,0.289593,230.633,7.45701,0.384615,91,JE Root,0,0,0,0,127.732,0,28.4327,0,12.4,16.0327,301,293,4,1,1,3.68852,0.327869,41.6721,83.3443,61,4,64,63.7323,10,12.4,15.2095,16.0327,156.165
Pakistan,211,222.621,7.38389,0.393365,235.517,7.54976,0.336493,94,Ahmed Shehzad,0,0,0,0,115.41,0,21.4249,0,4.8,16.6249,327,329,4,0,1,3.67143,0.242857,33.2714,70.8118,70,4,53.6,61.8098,6.4,4.8,15.0676,16.6249,136.835
Pakistan,211,222.621,7.38389,0.393365,235.517,7.54976,0.336493,94,Mohammad Hafeez,0,0,0,0,115.41,0,21.4249,0,4.8,16.6249,327,329,4,0,1,4.04511,0.255639,34.3534,78.0625,133,4,53.6,61.8098,6.4,4.8,15.0676,16.6249,136.835
Australia,228,239.627,7.69737,0.372807,232.079,7.23246,0.337719,95,DA Warner,0,0,0,0,118.304,0,22.0764,0,7.2,14.8764,216,217,3,0,1,4.20312,0.265625,35.2031,87.7336,64,4,58.4,59.904,13.6,7.2,13.7699,14.8764,140.38
Australia,228,239.627,7.69737,0.372807,232.079,7.23246,0.337719,95,AJ Finch,0,0,0,0,118.304,0,22.0764,0,7.2,14.8764,216,217,3,0,1,4.52941,0.313725,37.2549,83.4431,51,4,58.4,59.904,13.6,7.2,13.7699,14.8764,140.38
Australia,228,239.627,7.69737,0.372807,232.079,7.23246,0.337719,95,SPD Smith,0,0,0,0,118.304,0,22.0764,0,7.2,14.8764,216,217,3,0,1,3.19298,0.22807,34.5614,87.0526,57,4,58.4,59.904,13.6,7.2,13.7699,14.8764,140.38
Bangladesh,160,218.438,7.70625,0.4,211.106,7.05,0.325,96,Tamim Iqbal,0,0,0,0,114.275,0,19.6139,0,4.4,15.2139,339,247,0,0,1,4.05344,0.274809,31.8015,76.8068,131,4,55.6,58.6745,7.6,4.4,13.5343,15.2139,133.888
Bangladesh,160,218.438,7.70625,0.4,211.106,7.05,0.325,96,Anamul Haque,0,0,0,0,114.275,0,19.6139,0,4.4,15.2139,339,247,0,0,1,4.12,0.24,36.8,69.6442,25,4,55.6,58.6745,7.6,4.4,13.5343,15.2139,133.888
Bangladesh,160,218.438,7.70625,0.4,211.106,7.05,0.325,96,Imrul Kayes,0,0,0,0,114.275,0,19.6139,0,4.4,15.2139,339,247,0,0,1,3,0.207547,26.2642,63.6488,53,4,55.6,58.6745,7.6,4.4,13.5343,15.2139,133.888
Bangladesh,160,218.438,7.70625,0.4,211.106,7.05,0.325,96,Mushfiqur Rahim,0,0,0,0,114.275,0,19.6139,0,4.4,15.2139,339,247,0,0,1,2.61111,0.18254,27.7778,75.2526,126,4,55.6,58.6745,7.6,4.4,13.5343,15.2139,133.888
South Africa,190,234.274,7.4,0.373684,232.363,7.33158,0.342105,97,HM Amla,0,0,0,0,121.535,0,21.9517,0,7.2,14.7517,218,221,0,0,1,5.20168,0.403361,48.7899,86.9292,119,4,63.2,58.3348,15.2,7.2,13.2754,14.7517,143.486
South Africa,190,234.274,7.4,0.373684,232.363,7.33158,0.342105,97,Q de Kock,0,0,0,0,121.535,0,21.9517,0,7.2,14.7517,218,221,0,0,1,5.12963,0.240741,39.1111,91.2311,54,4,63.2,58.3348,15.2,7.2,13.2754,14.7517,143.486
South Africa,190,234.274,7.4,0.373684,232.363,7.33158,0.342105,97,F du Plessis,0,0,0,0,121.535,0,21.9517,0,7.2,14.7517,218,221,0,0,1,3.45122,0.292683,34.9268,83.135,82,4,63.2,58.3348,15.2,7.2,13.2754,14.7517,143.486
New Zealand,184,233.745,7.39674,0.36413,227.951,7.30435,0.353261,98,MJ Guptill,0,0,0,0,98.897,0,20.5541,0,4.4,16.1541,303,306,5,0,1,4.8087,0.313043,38.1217,82.7482,115,4,38,60.897,5.6,4.4,13.5704,16.1541,119.451
New Zealand,184,233.745,7.39674,0.36413,227.951,7.30435,0.353261,98,BB McCullum,0,0,0,0,97.537,0,19.7329,0,4,15.7329,303,306,5,0,1,3.98611,0.201389,29.9028,98.4004,144,0,37.6,59.937,5.6,4,13.1292,15.7329,117.27
New Zealand,184,233.745,7.39674,0.36413,227.951,7.30435,0.353261,98,KS Williamson,0,0,0,0,98.897,0,20.5541,0,4.4,16.1541,303,306,5,0,1,4.31707,0.390244,43.0488,82.8833,82,4,38,60.897,5.6,4.4,13.5704,16.1541,119.451
Bangladesh,160,218.438,7.70625,0.4,211.106,7.05,0.325,99,Tamim Iqbal,0,0,0,0,105.381,0,23.2826,0,12.4,10.8826,106,58,2,1,1,4.05344,0.274809,31.8015,76.8068,131,4,59.6,45.7805,11.2,12.4,10.5128,10.8826,128.663
Bangladesh,160,218.438,7.70625,0.4,211.106,7.05,0.325,99,Mithun Ali,0,0,0,0,104.66,0,22.9667,0,12.4,10.5667,106,58,2,1,1,5,0,26,60.4651,1,1,59.6,45.0605,11.2,12.4,10.1819,10.5667,127.627
Bangladesh,160,218.438,7.70625,0.4,211.106,7.05,0.325,99,Anamul Haque,0,0,0,0,105.381,0,23.2826,0,12.4,10.8826,106,58,2,1,1,4.12,0.24,36.8,69.6442,25,4,59.6,45.7805,11.2,12.4,10.5128,10.8826,128.663
Bangladesh,160,218.438,7.70625,0.4,211.106,7.05,0.325,99,Mushfiqur Rahim,0,0,0,0,105.381,0,23.2826,0,12.4,10.8826,106,58,2,1,1,2.61111,0.18254,27.7778,75.2526,126,4,59.6,45.7805,11.2,12.4,10.5128,10.8826,128.663
Sri Lanka,244,223.373,7.09016,0.344262,227.578,7.47541,0.385246,100,HDRL Thirimanne,0,0,0,0,125.966,0,23.2092,0,7.2,16.0092,316,195,1,0,1,2.77778,0.246914,31.5802,71.4725,81,4,63.2,62.7659,7.2,7.2,14.8738,16.0092,149.175
Sri Lanka,244,223.373,7.09016,0.344262,227.578,7.47541,0.385246,100,TM Dilshan,0,0,0,0,125.966,0,23.2092,0,7.2,16.0092,316,195,1,0,1,4.60199,0.273632,38.3632,86.0219,201,4,63.2,62.7659,7.2,7.2,14.8738,16.0092,149.175
England,221,237.176,7.17647,0.289593,230.633,7.45701,0.384615,101,AN Cook,0,0,0,0,128.067,0,28.3969,0,12.4,15.9969,303,215,0,0,1,4.17045,0.272727,35.75,75.5524,88,4,64.8,63.2667,10.4,12.4,14.8956,15.9969,156.464
England,221,237.176,7.17647,0.289593,230.633,7.45701,0.384615,101,MM Ali,0,0,0,0,126.989,0,27.9737,0,12.4,15.5737,303,215,0,0,1,2.67647,0.117647,21.3824,94.5384,34,0,64.8,62.189,10.8,12.4,14.4209,15.5737,154.963
England,221,237.176,7.17647,0.289593,230.633,7.45701,0.384615,101,AD Hales,0,0,0,0,128.067,0,28.3969,0,12.4,15.9969,303,215,0,0,1,4.2963,0.296296,34.1111,85.1201,27,4,64.8,63.2667,10.4,12.4,14.8956,15.9969,156.464
England,221,237.176,7.17647,0.289593,230.633,7.45701,0.384615,102,IR Bell,0,0,0,0,109.429,0,19.6706,0,5.6,14.0706,201,201,2,0,1,3.63433,0.246269,35.3806,75.6623,134,4,52.8,56.6291,10.4,5.6,13.6053,14.0706,129.1
England,221,237.176,7.17647,0.289593,230.633,7.45701,0.384615,102,MM Ali,0,0,0,0,104.023,0,19.2455,0,5.6,13.6455,201,201,2,0,1,2.67647,0.117647,21.3824,94.5384,34,0,48.8,55.2228,10.4,5.6,12.8204,13.6455,123.268
England,221,237.176,7.17647,0.289593,230.633,7.45701,0.384615,102,JWA Taylor,0,0,0,0,109.429,0,19.6706,0,5.6,14.0706,201,201,2,0,1,3.375,0.333333,35.9167,79.8888,24,4,52.8,56.6291,10.4,5.6,13.6053,14.0706,129.1
India,259,242.378,7.15058,0.339768,244.568,7.12741,0.30888,103,AM Rahane,0,0,0,0,141.376,0,29.9475,0,13.2,16.7475,322,197,0,1,1,3.55738,0.262295,32.2295,78.0159,61,4,75.6,65.7764,11.2,13.2,16.0896,16.7475,171.324
India,259,242.378,7.15058,0.339768,244.568,7.12741,0.30888,103,S Dhawan,0,0,0,0,141.376,0,29.9475,0,13.2,16.7475,322,197,0,1,1,5.65217,0.362319,43.2174,88.9088,69,4,75.6,65.7764,11.2,13.2,16.0896,16.7475,171.324
South Africa,190,234.274,7.4,0.373684,232.363,7.33158,0.342105,104,Q de Kock,0,0,0,0,124.238,0,25.5383,0,8.8,16.7383,319,319,0,1,1,5.12963,0.240741,39.1111,91.2311,54,4,60,64.2382,10.4,8.8,15.4446,16.7383,149.776
South Africa,190,234.274,7.4,0.373684,232.363,7.33158,0.342105,104,HM Amla,0,0,0,0,124.238,0,25.5383,0,8.8,16.7383,319,319,0,1,1,5.20168,0.403361,48.7899,86.9292,119,4,60,64.2382,10.4,8.8,15.4446,16.7383,149.776
Bangladesh,160,218.438,7.70625,0.4,211.106,7.05,0.325,105,Tamim Iqbal,0,0,0,0,123.883,0,27.9664,0,16,11.9664,163,167,1,1,1,4.05344,0.274809,31.8015,76.8068,131,4,73.6,50.2831,11.2,16,11.8374,11.9664,151.849
Bangladesh,160,218.438,7.70625,0.4,211.106,7.05,0.325,105,Liton Das,0,0,0,0,123.163,0,27.6505,0,16,11.6505,163,167,1,1,1,1,0,7.66667,69.697,6,1,73.6,49.563,11.2,16,11.5065,11.6505,150.814
Bangladesh,160,218.438,7.70625,0.4,211.106,7.05,0.325,105,Soumya Sarkar,0,0,0,0,123.883,0,27.9664,0,16,11.9664,163,167,1,1,1,7.35714,0.357143,47.2857,99.1018,14,4,73.6,50.2831,11.2,16,11.8374,11.9664,151.849
Bangladesh,160,218.438,7.70625,0.4,211.106,7.05,0.325,105,Mahmudullah,0,0,0,0,123.883,0,27.9664,0,16,11.9664,163,167,1,1,1,2.26531,0.153061,24.4286,70.9544,98,4,73.6,50.2831,11.2,16,11.8374,11.9664,151.849
Sri Lanka,244,223.373,7.09016,0.344262,227.578,7.47541,0.385246,106,MDKJ Perera,0,0,0,0,141.384,0,24.4745,0,8.8,15.6745,317,181,2,1,1,3.30435,0.195652,25.7391,90.5199,46,0,77.6,63.7835,11.2,8.8,15.3637,15.6745,165.858
Sri Lanka,244,223.373,7.09016,0.344262,227.578,7.47541,0.385246,106,TM Dilshan,0,0,0,0,132.353,0,22.5095,0,6.4,16.1095,317,181,2,1,1,4.60199,0.273632,38.3632,86.0219,201,4,68,64.3533,6.4,6.4,15.8395,16.1095,154.863
Zimbabwe,142,212.077,7.5,0.380282,227.704,6.97887,0.316901,107,H Masakadza,0,0,0,0,112.882,0,29.8506,0,16,13.8506,277,193,5,1,1,3.11215,0.186916,26.972,70.0485,107,4,57.6,55.2819,8.8,16,13.975,13.8506,142.733
Zimbabwe,142,212.077,7.5,0.380282,227.704,6.97887,0.316901,107,CJ Chibhabha,0,0,0,0,121.303,0,29.5142,0,16,13.5142,277,193,5,1,1,2.56716,0.149254,23.5373,64.7373,67,1,66.4,54.9028,15.2,16,13.77,13.5142,150.817
Pakistan,211,222.621,7.38389,0.393365,235.517,7.54976,0.336493,108,Azhar Ali,0,0,0,0,108.957,0,20.5828,0,4.8,15.7828,284,188,2,0,1,3.83333,0.3,38.5333,73.6775,30,4,50.8,58.1572,12.8,4.8,13.9241,15.7828,129.54
Pakistan,211,222.621,7.38389,0.393365,235.517,7.54976,0.336493,108,Babar Azam,0,0,0,0,108.957,0,20.5828,0,4.8,15.7828,284,188,2,0,1,4.375,0.5,40.125,88.9197,8,4,50.8,58.1572,12.8,4.8,13.9241,15.7828,129.54
Pakistan,211,222.621,7.38389,0.393365,235.517,7.54976,0.336493,108,Mohammad Hafeez,0,0,0,0,108.957,0,20.5828,0,4.8,15.7828,284,188,2,0,1,4.04511,0.255639,34.3534,78.0625,133,4,50.8,58.1572,12.8,4.8,13.9241,15.7828,129.54
Pakistan,211,222.621,7.38389,0.393365,235.517,7.54976,0.336493,108,Iftikhar Ahmed,0,0,0,0,108.717,0,20.4775,0,4.8,15.6775,284,188,2,0,1,0.5,0,4,25.8065,2,3,50.8,57.9172,12.8,4.8,13.8138,15.6775,129.195
New Zealand,184,233.745,7.39674,0.36413,227.951,7.30435,0.353261,109,MJ Guptill,0,0,0,0,113.677,0,24.7581,0,12,12.7581,118,118,8,1,1,4.8087,0.313043,38.1217,82.7482,115,4,60.4,53.2771,6.8,12,12.3652,12.7581,138.435
New Zealand,184,233.745,7.39674,0.36413,227.951,7.30435,0.353261,109,TWM Latham,0,0,0,0,113.677,0,24.7581,0,12,12.7581,118,118,8,1,1,2.76471,0.147059,25.3529,75.2182,34,4,60.4,53.2771,6.8,12,12.3652,12.7581,138.435
Sri Lanka,244,223.373,7.09016,0.344262,227.578,7.47541,0.385246,110,MDKJ Perera,0,0,0,0,77.1075,0,14.3786,0,0.8,13.5786,207,180,4,1,1,3.30435,0.195652,25.7391,90.5199,46,0,24.8,52.3075,6.4,0.8,11.4728,13.5786,91.4861
Sri Lanka,244,223.373,7.09016,0.344262,227.578,7.47541,0.385246,110,TM Dilshan,0,0,0,0,81.6799,0,18.3998,0,4.4,13.9998,207,180,4,1,1,4.60199,0.273632,38.3632,86.0219,201,4,28.4,53.2799,6.4,4.4,11.9168,13.9998,100.08
Zimbabwe,142,212.077,7.5,0.380282,227.704,6.97887,0.316901,111,CJ Chibhabha,0,0,0,0,107.91,0,29.41,0,16,13.41,274,128,1,0,1,2.56716,0.149254,23.5373,64.7373,67,1,54.4,53.5095,7.2,16,13.0985,13.41,137.32
Zimbabwe,142,212.077,7.5,0.380282,227.704,6.97887,0.316901,111,LM Jongwe,0,0,0,0,107.91,0,29.41,0,16,13.41,274,128,1,0,1,1.09091,0,11,65.7609,11,1,54.4,53.5095,7.2,16,13.0985,13.41,137.32
