Team,Total Matches Played,Runs Scored,Wickets Lost,Got All Out,Runs Conceded,Opponent Wickets Taken,Opponent All Out,Match Index,Batsman,Player Total Runs,Player Home Runs,Player Non Home Runs,Balls Faced,R0,W0,R1,W1,Current_HR,Current_NHR,Target,Final Runs Made,Extras,Home,Segment,Home Run Hitting Ability,Milestone Reaching Ability,Batting Average,Strike Rate,Matches Played,ClusterID,Actual Total HR till Segment,Predicted Total HR till Segment,Actual Total NHR till Segment,Predicted Total NHR till Segment,Actual HR in Segment,Predicted HR in Segment,Actual NHR in Segment,Predicted NHR in Segment,Actual Total Runs till Segment,Predicted Total Runs till Segment,Opponent Runs
Sri Lanka,244,223.373,7.09016,0.344262,227.578,7.47541,0.385246,1,ST Jayasuriya,91,60,31,66,237.577,0,37.2684,0,22.4,14.8684,322,324,24,0,5,4.91549,0.211268,33.9859,98.4898,71,0,166,48.4,104,45.1775,12.4,22.4,15.1249,14.8684,270,274.846,295
Sri Lanka,244,223.373,7.09016,0.344262,227.578,7.47541,0.385246,1,WU Tharanga,80,54,26,67,239.78,0,36.2994,0,21.6,14.6994,322,324,24,0,5,3.93985,0.263158,32.9699,71.6035,133,4,166,51.2,104,44.5798,14.4,21.6,14.5138,14.6994,270,276.079,295
Bangladesh,160,218.438,7.70625,0.4,211.106,7.05,0.325,2,Shakib Al Hasan,8,4,4,21,131.794,2,24.7242,1,13.2,11.5242,192,192,9,0,5,2.86992,0.252033,29.9106,79.0163,123,4,74,33.2,61,33.5942,11.2,13.2,11.487,11.5242,135,156.518,175
Bangladesh,160,218.438,7.70625,0.4,211.106,7.05,0.325,2,Mushfiqur Rahim,10,0,10,30,138.208,2,28.515,1,16.4,12.115,192,192,9,0,5,2.61111,0.18254,27.7778,75.2526,126,4,74,37.2,61,36.0084,11.2,16.4,12.2893,12.115,135,166.723,175
Ireland,55,219.527,7.65455,0.290909,202.727,7.56364,0.4,4,AC Botha,1,0,1,6,115.357,2,16.1787,1,4,12.1787,267,218,12,0,5,1.25,0.0833333,14.3333,53.75,12,3,24,24.4,96,35.9571,11.6,4,12.2118,12.1787,120,131.536,248
Ireland,55,219.527,7.65455,0.290909,202.727,7.56364,0.4,4,NJ O'Brien,34,16,18,42,115.052,2,20.8435,1,8,12.8435,267,218,12,0,5,2.55882,0.176471,25.5882,69.378,34,4,24,21.6,96,38.452,9.6,8,13.0373,12.8435,120,135.896,248
England,221,237.176,7.17647,0.289593,230.633,7.45701,0.384615,5,MP Vaughan,28,12,16,55,96.3106,2,17.6821,0,6,11.6821,144,147,10,0,5,2.6,0.1,20.6,66.4516,10,1,48,19.6,57,36.7106,10.4,6,12.3458,11.6821,105,113.993,128
England,221,237.176,7.17647,0.289593,230.633,7.45701,0.384615,5,PD Collingwood,0,0,0,0,108.574,2,19.7504,0,8,11.7504,144,147,10,0,5,2.62366,0.193548,30.5161,76.8065,93,4,48,32.8,57,35.7737,14.8,8,11.963,11.7504,105,128.324,128
England,221,237.176,7.17647,0.289593,230.633,7.45701,0.384615,5,KP Pietersen,7,0,7,19,106.711,2,21.0054,0,8.8,12.2054,144,147,10,0,5,3.69892,0.236559,33.4946,82.2117,93,4,48,29.2,57,37.5107,10.4,8.8,12.4333,12.2054,105,127.716,128
England,221,237.176,7.17647,0.289593,230.633,7.45701,0.384615,5,A Flintoff,0,0,0,0,108.574,2,19.7504,0,8,11.7504,144,147,10,0,5,2.4375,0.09375,22.5,86.5385,32,4,48,32.8,57,35.7737,14.8,8,11.963,11.7504,105,128.324,128
England,221,237.176,7.17647,0.289593,230.633,7.45701,0.384615,6,MP Vaughan,62,32,30,50,164.92,1,21.8482,1,6,15.8482,301,301,13,0,5,2.6,0.1,20.6,66.4516,10,1,76,30,100,46.9203,11.6,6,15.5606,15.8482,176,186.769,282
England,221,237.176,7.17647,0.289593,230.633,7.45701,0.384615,6,KP Pietersen,15,8,7,17,159.775,1,27.5541,1,12,15.5541,301,301,13,0,5,3.69892,0.236559,33.4946,82.2117,93,4,76,27.2,100,44.5753,6.8,12,14.3339,15.5541,176,187.329,282
Australia,228,239.627,7.69737,0.372807,232.079,7.23246,0.337719,7,MJ Clarke,21,12,9,53,105.778,3,22.0542,1,8.8,13.2542,219,224,13,1,5,3.10294,0.301471,35.9265,74.0303,136,4,72,16.4,69,38.378,2.4,8.8,12.5252,13.2542,141,127.832,195
Australia,228,239.627,7.69737,0.372807,232.079,7.23246,0.337719,7,MEK Hussey,0,0,0,2,112.358,3,21.0944,1,7.2,13.8944,219,224,13,1,5,2.7563,0.260504,34.084,82.4893,119,4,72,21.6,69,39.758,8,7.2,13.3054,13.8944,141,133.452,195
New Zealand,184,233.745,7.39674,0.36413,227.951,7.30435,0.353261,8,PG Fulton,8,4,4,21,143.399,1,25.9598,0,10,15.9598,271,256,15,0,5,2.75,0.1875,27.4062,67.4615,32,4,60,28.4,93,46.9989,12,10,15.8347,15.9598,153,169.359,260
New Zealand,184,233.745,7.39674,0.36413,227.951,7.30435,0.353261,8,SP Fleming,49,24,25,70,142.885,1,28.4337,0,12,16.4337,271,256,15,0,5,3.875,0.25,30.2917,70.9268,24,4,60,25.6,93,49.285,8.8,12,16.5794,16.4337,153,171.319,260
New Zealand,184,233.745,7.39674,0.36413,227.951,7.30435,0.353261,8,LRPL Taylor,0,0,0,0,135.831,1,27.8172,0,11.2,16.6172,271,256,15,0,5,3.68382,0.301471,36.7206,79.3959,136,4,60,20,93,47.8313,4,11.2,16.1316,16.6172,153,163.649,260
Zimbabwe,142,212.077,7.5,0.380282,227.704,6.97887,0.316901,9,BRM Taylor,43,24,19,62,103.232,2,18.3064,1,5.2,13.1064,232,130,1,0,5,3.3,0.26,33.56,76.3421,100,4,40,14.4,71,36.8319,6.4,5.2,12.3246,13.1064,111,121.538,214
Zimbabwe,142,212.077,7.5,0.380282,227.704,6.97887,0.316901,9,S Matsikenyeri,0,0,0,3,116.574,2,22.531,1,9.6,12.931,232,130,1,0,5,2,0.106383,19.9787,75.7869,47,1,40,28.8,71,35.774,8,9.6,12.222,12.931,111,139.105,214
Zimbabwe,142,212.077,7.5,0.380282,227.704,6.97887,0.316901,9,E Chigumbura,0,0,0,0,118.918,2,24.4865,1,11.2,13.2865,232,130,1,0,5,2.28947,0.114035,22.7895,77.7844,114,4,40,30.4,71,36.5182,8,11.2,12.2762,13.2865,111,143.405,214
West Indies,176,217.33,7.15909,0.3125,225.278,7.57386,0.380682,10,DJ Bravo,14,4,10,27,128.288,1,18.9928,0,5.6,13.3928,224,224,5,0,5,2.35514,0.11215,23.1589,80.9011,107,4,68,17.2,68,41.0885,4.8,5.6,13.8051,13.3928,136,147.281,208
West Indies,176,217.33,7.15909,0.3125,225.278,7.57386,0.380682,10,S Chanderpaul,38,24,14,58,126.17,1,16.8812,0,4.8,12.0812,224,224,5,0,5,3.57143,0.396825,40.8254,68.0783,63,4,68,18.8,68,37.3704,7.2,4.8,12.4664,12.0812,136,143.052,208
West Indies,176,217.33,7.15909,0.3125,225.278,7.57386,0.380682,10,RR Sarwan,0,0,0,0,132.241,1,21.8166,0,8.8,13.0166,224,224,5,0,5,2.8254,0.222222,29.1429,69.1005,63,4,68,22.8,68,39.4409,10,8.8,13.4114,13.0166,136,154.058,208
West Indies,176,217.33,7.15909,0.3125,225.278,7.57386,0.380682,12,WW Hinds,3,0,3,18,104.105,2,25.8975,2,16,9.89747,163,146,11,0,5,1.11111,0,12,38.9892,9,3,52,31.2,57,28.9052,6.8,16,9.5909,9.89747,109,130.003,140
West Indies,176,217.33,7.15909,0.3125,225.278,7.57386,0.380682,12,CH Gayle,0,0,0,3,103.325,2,26.0921,2,16,10.0921,163,146,11,0,5,4.58621,0.206897,31.1293,89.4255,116,4,52,30.4,57,28.9247,6.8,16,9.61809,10.0921,109,129.417,140
West Indies,176,217.33,7.15909,0.3125,225.278,7.57386,0.380682,12,DR Smith,0,0,0,0,102.983,2,25.9147,2,16,9.91473,163,146,11,0,5,2.5,0.12,17.96,84.5574,50,1,52,30.4,57,28.5835,6.8,16,9.75382,9.91473,109,128.898,140
West Indies,176,217.33,7.15909,0.3125,225.278,7.57386,0.380682,12,DJ Bravo,0,0,0,0,103.526,2,26.1812,2,16,10.1812,163,146,11,0,5,2.35514,0.11215,23.1589,80.9011,107,4,52,30.4,57,29.1262,6.8,16,9.71303,10.1812,109,129.707,140
England,221,237.176,7.17647,0.289593,230.633,7.45701,0.384615,13,PD Collingwood,4,4,0,6,115.058,3,16.6593,1,2,14.6593,290,196,13,1,5,2.62366,0.193548,30.5161,76.8065,93,4,66,20,80,41.0579,12.8,2,13.3575,14.6593,146,131.717,265
England,221,237.176,7.17647,0.289593,230.633,7.45701,0.384615,13,OA Shah,24,14,10,37,114.559,3,22.8278,1,8,14.8278,290,196,13,1,5,3.13043,0.23913,32.6739,81.1994,46,4,66,18.8,80,41.7591,6.8,8,13.4603,14.8278,146,137.387,265
Sri Lanka,244,223.373,7.09016,0.344262,227.578,7.47541,0.385246,17,KC Sangakkara,27,12,15,46,124.933,4,19.1566,0,6.4,12.7566,237,173,8,0,5,4.33659,0.360976,41.9854,80.6276,205,4,60,17.6,72,39.3326,6.4,6.4,12.9972,12.7566,132,144.089,229
Sri Lanka,244,223.373,7.09016,0.344262,227.578,7.47541,0.385246,17,CK Kapugedera,9,4,5,17,127.3,4,17.4721,0,5.2,12.2721,237,173,8,0,5,1.74138,0.12069,21.1379,68.6066,58,1,60,21.6,72,37.7004,9.6,5.2,12.7496,12.2721,132,144.773,229
Ireland,55,219.527,7.65455,0.290909,202.727,7.56364,0.4,18,DT Johnston,1,0,1,1,89.8362,4,15.0992,3,7.2,7.89924,174,131,13,1,5,1.27273,0,12.1818,74.2382,22,1,34,15.2,84,21.6362,2.4,7.2,7.12879,7.89924,118,104.935,160
Ireland,55,219.527,7.65455,0.290909,202.727,7.56364,0.4,18,AR Cusack,9,0,9,22,91.7038,4,15.4242,3,7.2,8.2242,174,131,13,1,5,1.2,0,12.0667,65.1079,15,1,34,15.2,84,23.5038,4,7.2,7.7395,8.2242,118,107.128,160
Ireland,55,219.527,7.65455,0.290909,202.727,7.56364,0.4,18,WK McCallan,0,0,0,0,89.8595,4,15.1858,3,7.2,7.98576,174,131,13,1,5,0.692308,0,7.69231,56.8182,13,3,34,15.2,84,21.6595,2.4,7.2,6.98016,7.98576,118,105.045,160
England,221,237.176,7.17647,0.289593,230.633,7.45701,0.384615,19,PD Collingwood,3,0,3,14,97.2024,2,17.0434,4,5.6,11.4434,183,160,18,1,5,2.62366,0.193548,30.5161,76.8065,93,4,60,18,46,29.2024,6.4,5.6,8.82164,11.4434,106,114.246,169
England,221,237.176,7.17647,0.289593,230.633,7.45701,0.384615,19,GP Swann,0,0,0,0,103.933,2,18.5225,4,7.6,10.9225,183,160,18,1,5,1.08696,0,10.3043,90.631,46,0,60,26,46,27.9326,10.8,7.6,8.8092,10.9225,106,122.455,169
South Africa,190,234.274,7.4,0.373684,232.363,7.33158,0.342105,21,GC Smith,24,0,24,45,179.177,0,31.0846,0,13.6,17.4846,239,242,8,1,5,3.97,0.29,33.57,79.6819,100,4,98,35.6,85,53.5774,9.6,13.6,17.9961,17.4846,183,210.262,223
South Africa,190,234.274,7.4,0.373684,232.363,7.33158,0.342105,21,HH Gibbs,97,72,25,77,168.899,0,25.7444,0,12,13.7444,239,242,8,1,5,4.61538,0.307692,35.6923,83.4157,52,4,98,38.8,85,40.0987,6.8,12,13.404,13.7444,183,194.643,223
Pakistan,211,222.621,7.38389,0.393365,235.517,7.54976,0.336493,22,Younis Khan,25,12,13,36,137.953,2,18.5519,0,4.8,13.7519,234,219,4,1,5,2.64655,0.215517,28.5,73.2713,116,4,80,18.4,85,43.5535,8.8,4.8,15.0897,13.7519,165,156.505,219
Pakistan,211,222.621,7.38389,0.393365,235.517,7.54976,0.336493,22,Mohammad Yousuf,24,12,12,44,141.29,2,20.5368,0,7.2,13.3368,234,219,4,1,5,3.27586,0.275862,36.7931,73.9176,58,4,80,22.8,85,42.4905,8.8,7.2,14.6201,13.3368,165,161.827,219
South Africa,190,234.274,7.4,0.373684,232.363,7.33158,0.342105,23,GC Smith,68,40,28,77,162.56,0,27.3739,0,12,15.3739,248,251,13,0,5,3.97,0.29,33.57,79.6819,100,4,132,35.6,78,46.9596,11.2,12,15.8789,15.3739,210,189.934,234
South Africa,190,234.274,7.4,0.373684,232.363,7.33158,0.342105,23,HH Gibbs,40,24,16,47,145.988,0,21.3735,0,5.6,15.7735,248,251,13,0,5,4.61538,0.307692,35.6923,83.4157,52,4,132,18.8,78,47.1878,7.6,5.6,15.9825,15.7735,210,167.361,234
West Indies,176,217.33,7.15909,0.3125,225.278,7.57386,0.380682,24,ADS Fletcher,14,4,10,30,114.243,3,24.9709,1,11.6,13.3709,274,189,6,1,5,1.8125,0.125,13.5,62.6087,16,1,54,26,97,39.2426,10,11.6,13.3592,13.3709,151,139.213,252
West Indies,176,217.33,7.15909,0.3125,225.278,7.57386,0.380682,24,KA Pollard,0,0,0,5,118.154,3,21.0313,1,8,13.0313,274,189,6,1,5,2.70513,0.115385,24.5,88.0645,78,4,54,31.6,97,37.5544,13.2,8,12.5828,13.0313,151,139.186,252
West Indies,176,217.33,7.15909,0.3125,225.278,7.57386,0.380682,24,D Ramdin,0,0,0,0,117.948,3,20.9134,1,8,12.9134,274,189,6,1,5,1.7439,0.097561,19.1951,81.1759,82,1,54,31.6,97,37.3475,13.2,8,12.7819,12.9134,151,138.861,252
Pakistan,211,222.621,7.38389,0.393365,235.517,7.54976,0.336493,28,Salman Butt,61,24,37,73,166.301,0,24.0817,1,9.2,14.8817,211,212,5,1,5,5.4359,0.384615,42.3846,78.8645,39,4,68,30.8,83,47.5009,14,9.2,16.3866,14.8817,151,190.383,191
Pakistan,211,222.621,7.38389,0.393365,235.517,7.54976,0.336493,28,Bazid Khan,2,0,2,14,170.921,0,27.8821,1,14.8,13.0821,211,212,5,1,5,1.5,0.5,26,50.9804,2,3,68,42.4,83,40.5213,14,14.8,13.8835,13.0821,151,198.803,191
Pakistan,211,222.621,7.38389,0.393365,235.517,7.54976,0.336493,28,Mohammad Yousuf,0,0,0,0,168.575,0,27.8131,1,14.4,13.4131,211,212,5,1,5,3.27586,0.275862,36.7931,73.9176,58,4,68,39.6,83,40.9753,14,14.4,14.0828,13.4131,151,196.388,191
Australia,228,239.627,7.69737,0.372807,232.079,7.23246,0.337719,29,MJ Clarke,14,8,6,18,154.581,2,28.0707,0,12,16.0707,300,302,2,0,5,3.10294,0.301471,35.9265,74.0303,136,4,110,26.8,89,47.7806,8.8,12,16.0452,16.0707,199,182.651,290
Australia,228,239.627,7.69737,0.372807,232.079,7.23246,0.337719,29,RT Ponting,39,26,13,41,161.075,2,24.0096,0,8.8,15.2096,300,302,2,0,5,4.17431,0.33945,38.1009,80.8606,109,4,110,35.6,89,45.4751,7.2,8.8,15.0854,15.2096,199,185.085,290
South Africa,190,234.274,7.4,0.373684,232.363,7.33158,0.342105,30,JH Kallis,33,16,17,52,117.792,2,20.4815,0,5.2,15.2815,250,244,4,0,5,3.58621,0.356322,37.2644,76.4442,87,4,28,21.6,111,46.1917,6.8,5.2,15.6655,15.2815,139,138.273,233
South Africa,190,234.274,7.4,0.373684,232.363,7.33158,0.342105,30,AB de Villiers,8,0,8,14,116.232,2,21.6528,0,5.6,16.0528,250,244,4,0,5,5.04969,0.403727,47.2174,98.8428,161,4,28,18.4,111,47.8319,6.4,5.6,16.3676,16.0528,139,137.885,233
Zimbabwe,142,212.077,7.5,0.380282,227.704,6.97887,0.316901,33,P Utseya,7,0,7,31,94.4205,6,18.3366,0,9.2,9.13663,153,133,23,1,5,0.842105,0.0263158,11.8289,55.8385,76,3,26,24.4,66,28.0205,6.8,9.2,9.41931,9.13663,92,112.757,133
Zimbabwe,142,212.077,7.5,0.380282,227.704,6.97887,0.316901,33,KM Dabengwa,6,0,6,33,90.8867,6,18.0581,0,9.2,8.85814,153,133,23,1,5,1.2,0,16.7,61.1722,20,1,26,21.6,66,27.2867,6.8,9.2,9.31876,8.85814,92,108.945,133
England,221,237.176,7.17647,0.289593,230.633,7.45701,0.384615,35,PD Collingwood,24,12,12,25,157.061,3,25.9149,0,9.6,16.3149,355,242,8,0,5,2.62366,0.193548,30.5161,76.8065,93,4,90,28.8,96,48.2606,9.6,9.6,15.7872,16.3149,186,182.976,340
England,221,237.176,7.17647,0.289593,230.633,7.45701,0.384615,35,KP Pietersen,29,12,17,39,174.908,3,30.8118,0,14.8,16.0118,355,242,8,0,5,3.69892,0.236559,33.4946,82.2117,93,4,90,46,96,48.9078,23.2,14.8,16.1602,16.0118,186,205.72,340
West Indies,176,217.33,7.15909,0.3125,225.278,7.57386,0.380682,36,DS Smith,48,8,40,64,118.025,4,23.5509,0,8.4,15.1509,247,194,2,1,5,2.61765,0.147059,23.5588,71.2,34,4,32,17.2,104,47.8254,4,8.4,16.2641,15.1509,136,141.576,227
West Indies,176,217.33,7.15909,0.3125,225.278,7.57386,0.380682,36,DE Bernard,15,4,11,20,114.236,4,20.6493,0,8,12.6493,247,194,2,1,5,1,0,13.4,63.5071,10,1,32,22.4,104,38.8364,7.2,8,13.376,12.6493,136,134.886,227
India,259,242.378,7.15058,0.339768,244.568,7.12741,0.30888,37,MS Dhoni,1,0,1,4,116.876,1,19.0646,2,6.8,12.2646,156,156,3,0,5,3.47872,0.292553,36.7713,84.1612,188,4,68,28.4,63,34.4761,6.4,6.8,11.1756,12.2646,131,135.941,150
India,259,242.378,7.15058,0.339768,244.568,7.12741,0.30888,37,Yuvraj Singh,4,4,0,5,112.763,1,18.8489,2,6.8,12.0489,156,156,3,0,5,4.05833,0.258333,32.525,83.8093,120,4,68,25.2,63,33.5626,6.4,6.8,10.8982,12.0489,131,131.611,150
India,259,242.378,7.15058,0.339768,244.568,7.12741,0.30888,37,SK Raina,0,0,0,0,117.144,1,18.6734,2,6.8,11.8734,156,156,3,0,5,3.11111,0.216374,28.9064,91.8944,171,0,68,29.6,63,33.5436,6.4,6.8,11.1655,11.8734,131,135.817,150
Australia,228,239.627,7.69737,0.372807,232.079,7.23246,0.337719,38,AC Voges,2,0,2,8,131.927,2,21.636,1,7.6,14.036,213,213,1,1,5,2.29167,0.125,29.625,84.142,24,4,50,29.2,81,40.7265,11.2,7.6,13.5605,14.036,131,153.562,200
Australia,228,239.627,7.69737,0.372807,232.079,7.23246,0.337719,38,RT Ponting,33,20,13,42,124.123,2,22.2558,1,8.4,13.8558,213,213,1,1,5,4.17431,0.33945,38.1009,80.8606,109,4,50,22,81,40.1227,6.4,8.4,13.2998,13.8558,131,146.378,200
England,221,237.176,7.17647,0.289593,230.633,7.45701,0.384615,39,OA Shah,13,4,9,34,114.744,2,23.1897,1,10,13.1897,213,213,10,0,5,3.13043,0.23913,32.6739,81.1994,46,4,80,27.2,63,38.5441,5.6,10,12.387,13.1897,143,137.934,187
England,221,237.176,7.17647,0.289593,230.633,7.45701,0.384615,39,EJG Morgan,0,0,0,1,97.0069,2,16.7356,1,3.2,13.5356,213,213,10,0,5,3.19549,0.233083,30.0526,86.9291,133,4,80,9.6,63,38.4069,6.4,3.2,12.6148,13.5356,143,113.742,187
Australia,228,239.627,7.69737,0.372807,232.079,7.23246,0.337719,40,CL White,19,8,11,50,95.2977,2,19.872,0,5.6,14.272,201,206,3,0,5,2.66176,0.191176,28.8235,80.1308,68,4,74,21.2,56,43.0977,8,5.6,14.5986,14.272,130,115.17,188
Australia,228,239.627,7.69737,0.372807,232.079,7.23246,0.337719,40,SR Watson,32,20,12,60,93.582,2,20.0262,0,6.4,13.6262,201,206,3,0,5,4.71318,0.286822,37.7907,90.0943,129,4,74,21.6,56,40.982,9.2,6.4,13.9038,13.6262,130,113.608,188
Ireland,55,219.527,7.65455,0.290909,202.727,7.56364,0.4,42,NJ O'Brien,8,4,4,11,139.004,3,16.5705,0,5.6,10.9705,232,192,14,1,5,2.55882,0.176471,25.5882,69.378,34,4,86,16.8,54,34.2038,7.2,5.6,11.4295,10.9705,140,155.574,218
Ireland,55,219.527,7.65455,0.290909,202.727,7.56364,0.4,42,AR Cusack,21,16,5,29,143.199,3,14.391,0,4.8,9.59104,232,192,14,1,5,1.2,0,12.0667,65.1079,15,1,86,24.8,54,30.3987,5.6,4.8,10.1425,9.59104,140,157.59,218
Ireland,55,219.527,7.65455,0.290909,202.727,7.56364,0.4,42,KJ O'Brien,0,0,0,0,143.425,3,18.893,0,8,10.893,232,192,14,1,5,2.64706,0.0588235,22.3824,79.4363,34,4,86,21.6,54,33.8252,8,8,11.3086,10.893,140,162.318,218
England,221,237.176,7.17647,0.289593,230.633,7.45701,0.384615,43,AN Cook,47,24,23,51,138.061,3,21.2413,0,7.2,14.0413,261,261,2,0,5,4.17045,0.272727,35.75,75.5524,88,4,68,20,92,43.0606,8.4,7.2,14.1238,14.0413,160,159.302,246
England,221,237.176,7.17647,0.289593,230.633,7.45701,0.384615,43,EJG Morgan,16,8,8,24,146.108,3,25.0291,0,11.6,13.4291,261,261,2,0,5,3.19549,0.233083,30.0526,86.9291,133,4,68,30,92,41.1075,14.4,11.6,13.4707,13.4291,160,171.137,246
England,221,237.176,7.17647,0.289593,230.633,7.45701,0.384615,43,MJ Prior,0,0,0,0,137.288,3,24.5851,0,10.8,13.7851,261,261,2,0,5,2.27083,0.0625,21.6875,76.4879,48,4,68,21.2,92,41.0883,8,10.8,13.4442,13.7851,160,161.873,246
Zimbabwe,142,212.077,7.5,0.380282,227.704,6.97887,0.316901,44,S Matsikenyeri,10,4,6,12,105.167,3,20.7779,2,6.8,13.9779,296,250,9,0,5,2,0.106383,19.9787,75.7869,47,1,32,27.6,80,37.567,13.6,6.8,12.8735,13.9779,112,125.945,279
Zimbabwe,142,212.077,7.5,0.380282,227.704,6.97887,0.316901,44,T Taibu,1,0,1,12,106.021,3,21.0576,2,7.2,13.8576,296,250,9,0,5,2.36364,0.254545,29.4,71.0145,55,4,32,29.6,80,36.4211,4,7.2,11.9068,13.8576,112,127.079,279
Ireland,55,219.527,7.65455,0.290909,202.727,7.56364,0.4,46,EC Joyce,30,12,18,57,135.681,2,23.6549,0,9.2,14.4549,328,329,11,0,5,3.08571,0.2,28.3429,68.6505,35,4,130,24.4,67,44.281,8.4,9.2,14.8707,14.4549,197,159.336,304
Ireland,55,219.527,7.65455,0.290909,202.727,7.56364,0.4,46,NJ O'Brien,29,14,15,36,138.095,2,28.2861,0,13.6,14.6861,328,329,11,0,5,2.55882,0.176471,25.5882,69.378,34,4,130,26.8,67,44.2946,9.2,13.6,15.0677,14.6861,197,166.381,304
Ireland,55,219.527,7.65455,0.290909,202.727,7.56364,0.4,46,GC Wilson,0,0,0,0,133.011,2,23.2324,0,8.8,14.4324,328,329,11,0,5,2.22727,0.227273,22,78.1906,22,4,130,23.2,67,42.8115,11.2,8.8,14.615,14.4324,197,156.244,304
Ireland,55,219.527,7.65455,0.290909,202.727,7.56364,0.4,46,KJ O'Brien,0,0,0,0,133.011,2,23.2324,0,8.8,14.4324,328,329,11,0,5,2.64706,0.0588235,22.3824,79.4363,34,4,130,23.2,67,42.8115,11.2,8.8,14.615,14.4324,197,156.244,304
Ireland,55,219.527,7.65455,0.290909,202.727,7.56364,0.4,46,AR Cusack,0,0,0,0,133.204,2,22.9522,0,8.8,14.1522,328,329,11,0,5,1.2,0,12.0667,65.1079,15,1,130,24,67,42.2044,10.4,8.8,14.6052,14.1522,197,156.157,304
Zimbabwe,142,212.077,7.5,0.380282,227.704,6.97887,0.316901,47,BRM Taylor,70,42,28,59,150.076,0,27.4015,1,10.4,17.0015,328,188,11,0,5,3.3,0.26,33.56,76.3421,100,4,74,25.2,94,46.8759,10.4,10.4,15.8672,17.0015,168,177.477,312
Zimbabwe,142,212.077,7.5,0.380282,227.704,6.97887,0.316901,47,T Taibu,0,0,0,1,152.273,0,21.1105,1,4.4,16.7105,328,188,11,0,5,2.36364,0.254545,29.4,71.0145,55,4,74,28.8,94,45.473,10,4.4,15.1368,16.7105,168,173.383,312
Zimbabwe,142,212.077,7.5,0.380282,227.704,6.97887,0.316901,47,P Utseya,0,0,0,0,156.128,0,24.2198,1,7.6,16.6198,328,188,11,0,5,0.842105,0.0263158,11.8289,55.8385,76,3,74,32.8,94,45.3277,10.8,7.6,15.1821,16.6198,168,180.347,312
Zimbabwe,142,212.077,7.5,0.380282,227.704,6.97887,0.316901,47,CR Ervine,0,0,0,0,152.34,0,21.1402,1,4.4,16.7402,328,188,11,0,5,3.06667,0.2,30.5333,73.9903,30,4,74,28.8,94,45.5401,10,4.4,15.1685,16.7402,168,173.48,312
West Indies,176,217.33,7.15909,0.3125,225.278,7.57386,0.380682,48,RR Sarwan,2,0,2,6,150.085,3,21.9567,2,11.6,10.3567,244,225,8,0,5,2.8254,0.222222,29.1429,69.1005,63,4,110,19.2,73,30.8851,6.4,11.6,9.90589,10.3567,183,172.042,221
West Indies,176,217.33,7.15909,0.3125,225.278,7.57386,0.380682,48,KA Pollard,0,0,0,2,151.494,3,23.0112,2,12.8,10.2112,244,225,8,0,5,2.70513,0.115385,24.5,88.0645,78,4,110,21.2,73,30.2944,6.4,12.8,9.70099,10.2112,183,174.506,221
Sri Lanka,244,223.373,7.09016,0.344262,227.578,7.47541,0.385246,49,TM Dilshan,48,26,22,55,138.04,0,24.248,0,8,16.248,230,231,17,1,5,4.60199,0.273632,38.3632,86.0219,201,4,90,22.8,87,47.2404,8.8,8,15.8414,16.248,177,162.288,220
Sri Lanka,244,223.373,7.09016,0.344262,227.578,7.47541,0.385246,49,WU Tharanga,44,22,22,68,140.552,0,25.995,0,10,15.995,230,231,17,1,5,3.93985,0.263158,32.9699,71.6035,133,4,90,25.6,87,46.9519,8.8,10,15.5987,15.995,177,166.547,220
Sri Lanka,244,223.373,7.09016,0.344262,227.578,7.47541,0.385246,50,TT Samaraweera,2,0,2,3,146.372,1,23.6372,2,9.6,14.0372,246,249,3,0,5,2.19231,0.0769231,23.4231,73.8182,26,4,76,18.4,94,38.9724,5.2,9.6,12.6196,14.0372,170,170.01,235
Sri Lanka,244,223.373,7.09016,0.344262,227.578,7.47541,0.385246,50,DPMD Jayawardene,4,0,4,10,152.522,1,26.3802,2,12.4,13.9802,246,249,3,0,5,3.20833,0.244792,31.6979,79.1109,192,4,76,24.4,94,39.1215,5.2,12.4,12.603,13.9802,170,178.902,235
South Africa,190,234.274,7.4,0.373684,232.363,7.33158,0.342105,51,JH Kallis,30,12,18,26,168.696,2,28.9677,1,14.4,14.5677,253,255,5,0,5,3.58621,0.356322,37.2644,76.4442,87,4,50,44.4,117,44.2962,14,14.4,14.9224,14.5677,167,197.664,238
South Africa,190,234.274,7.4,0.373684,232.363,7.33158,0.342105,51,JP Duminy,2,0,2,6,147.205,2,20.4514,1,6.4,14.0514,253,255,5,0,5,2.3252,0.186992,29.9675,80.2351,123,4,50,25.6,117,41.6049,9.6,6.4,13.8906,14.0514,167,167.656,238
Australia,228,239.627,7.69737,0.372807,232.079,7.23246,0.337719,52,SR Watson,53,22,31,60,150.365,2,25.8842,1,8.4,17.4842,300,278,5,1,5,4.71318,0.286822,37.7907,90.0943,129,4,58,18,109,51.3649,6.4,8.4,17.1118,17.4842,167,176.249,283
Australia,228,239.627,7.69737,0.372807,232.079,7.23246,0.337719,52,CL White,7,0,7,11,159.667,2,27.3537,1,10.8,16.5537,300,278,5,1,5,2.66176,0.191176,28.8235,80.1308,68,4,58,30.8,109,47.8668,10.8,10.8,15.8656,16.5537,167,187.021,283
Australia,228,239.627,7.69737,0.372807,232.079,7.23246,0.337719,52,DJ Hussey,0,0,0,0,151.22,2,29.1242,1,12.8,16.3242,300,278,5,1,5,2.54386,0.245614,29.2105,87.8628,57,4,58,24,109,46.2201,7.2,12.8,15.3067,16.3242,167,180.344,283
Sri Lanka,244,223.373,7.09016,0.344262,227.578,7.47541,0.385246,54,DPMD Jayawardene,10,4,6,14,151.752,2,29.4826,0,15.6,13.8826,210,211,7,1,5,3.20833,0.244792,31.6979,79.1109,192,4,108,30.8,76,40.9519,6,15.6,13.5372,13.8826,184,181.234,203
Sri Lanka,244,223.373,7.09016,0.344262,227.578,7.47541,0.385246,54,KC Sangakkara,40,24,16,44,152.768,2,25.1968,0,12,13.1968,210,211,7,1,5,4.33659,0.360976,41.9854,80.6276,205,4,108,33.2,76,39.5682,10.8,12,13.1107,13.1968,184,177.965,203
Pakistan,211,222.621,7.38389,0.393365,235.517,7.54976,0.336493,55,Asad Shafiq,18,4,14,37,101.331,2,19.7716,0,5.2,14.5716,229,226,9,0,5,2.07843,0.176471,24.7843,67.1269,51,4,22,22.4,92,45.9312,9.2,5.2,16.1967,14.5716,114,121.103,215
Pakistan,211,222.621,7.38389,0.393365,235.517,7.54976,0.336493,55,Imran Farhat,29,4,25,62,114.166,2,22.0354,0,7.2,14.8354,229,226,9,0,5,3.03333,0.266667,27.0333,62.9658,30,4,22,32.8,92,48.3663,16.8,7.2,17.0641,14.8354,114,136.202,215
India,259,242.378,7.15058,0.339768,244.568,7.12741,0.30888,56,YK Pathan,14,4,10,21,134.352,6,16.5615,1,5.6,10.9615,251,234,3,0,5,2.575,0.125,19.975,110.055,40,0,142,22.8,65,34.552,12.4,5.6,11.5632,10.9615,207,150.914,239
India,259,242.378,7.15058,0.339768,244.568,7.12741,0.30888,56,PP Chawla,1,0,1,4,117.547,6,12.6638,1,1.6,11.0638,251,234,3,0,5,0.25,0,3.16667,63.3333,12,1,142,7.2,65,33.3472,2.4,1.6,10.9545,11.0638,207,130.211,239
India,259,242.378,7.15058,0.339768,244.568,7.12741,0.30888,56,Z Khan,0,0,0,0,118.21,6,13.4618,1,2.4,11.0618,251,234,3,0,5,0.974359,0,8.35897,60.9346,39,1,142,8,65,33.2102,2.4,2.4,10.928,11.0618,207,131.672,239
Sri Lanka,244,223.373,7.09016,0.344262,227.578,7.47541,0.385246,58,KC Sangakkara,35,12,23,50,147.089,3,20.7641,0,6,14.7641,269,252,7,0,5,4.33659,0.360976,41.9854,80.6276,205,4,56,34.4,89,45.6887,16,6,15.3151,14.7641,145,167.853,246
Sri Lanka,244,223.373,7.09016,0.344262,227.578,7.47541,0.385246,58,LD Chandimal,38,28,10,43,141.732,3,19.5172,0,6.8,12.7172,269,252,7,0,5,2.18478,0.184783,25.7391,73.8615,92,4,56,36.4,89,38.3316,18.4,6.8,12.8086,12.7172,145,161.249,246
Bangladesh,160,218.438,7.70625,0.4,211.106,7.05,0.325,59,Imrul Kayes,41,24,17,70,109.716,1,18.3247,0,4.4,13.9247,210,200,3,1,5,3,0.207547,26.2642,63.6488,53,4,48,11.6,76,40.1161,3.2,4.4,13.6652,13.9247,124,128.041,193
Bangladesh,160,218.438,7.70625,0.4,211.106,7.05,0.325,59,Junaid Siddique,9,0,9,19,117.415,1,21.0447,0,6,15.0447,210,200,3,1,5,2.16279,0.116279,20.0233,68.225,43,1,48,16,76,43.4151,4.8,6,15.2213,15.0447,124,138.46,193
Bangladesh,160,218.438,7.70625,0.4,211.106,7.05,0.325,59,Mohammad Ashraful,0,0,0,0,110.503,1,21.0958,0,6.4,14.6958,210,200,3,1,5,2.17722,0.113924,19.4557,63.9085,79,1,48,11.2,76,41.3031,2.4,6.4,14.5335,14.6958,124,131.599,193
Bangladesh,160,218.438,7.70625,0.4,211.106,7.05,0.325,59,Shakib Al Hasan,0,0,0,0,111.046,1,21.3622,0,6.4,14.9622,210,200,3,1,5,2.86992,0.252033,29.9106,79.0163,123,4,48,11.2,76,41.8458,2.4,6.4,14.4927,14.9622,124,132.408,193
Bangladesh,160,218.438,7.70625,0.4,211.106,7.05,0.325,59,Mushfiqur Rahim,0,0,0,0,111.046,1,21.3622,0,6.4,14.9622,210,200,3,1,5,2.61111,0.18254,27.7778,75.2526,126,4,48,11.2,76,41.8458,2.4,6.4,14.4927,14.9622,124,132.408,193
India,259,242.378,7.15058,0.339768,244.568,7.12741,0.30888,60,V Kohli,48,16,32,74,148.353,1,29.3092,0,12.8,16.5092,241,183,5,0,5,4.66456,0.379747,44.9937,88.3325,158,4,64,29.6,109,50.7529,8.4,12.8,16.916,16.5092,173,177.662,216
India,259,242.378,7.15058,0.339768,244.568,7.12741,0.30888,60,PA Patel,38,14,24,47,140.452,1,23.6877,0,7.2,16.4877,241,183,5,0,5,2.65217,0.130435,22.1304,79.4072,23,4,64,22.8,109,49.6521,5.6,7.2,16.5921,16.4877,173,164.14,216
Australia,228,239.627,7.69737,0.372807,232.079,7.23246,0.337719,61,SE Marsh,10,4,6,20,136.368,3,22.1959,0,8.8,13.3959,223,227,16,0,5,3.66667,0.291667,35.5417,74.7918,48,4,66,24,72,41.3675,8.8,8.8,13.8805,13.3959,138,158.563,202
Australia,228,239.627,7.69737,0.372807,232.079,7.23246,0.337719,61,MJ Clarke,2,0,2,16,133.182,3,18.7736,0,5.6,13.1736,223,227,16,0,5,3.10294,0.301471,35.9265,74.0303,136,4,66,21.6,72,40.5819,8,5.6,13.5381,13.1736,138,151.955,202
Sri Lanka,244,223.373,7.09016,0.344262,227.578,7.47541,0.385246,62,DPMD Jayawardene,21,4,17,49,133.675,3,20.1143,0,6.4,13.7143,212,213,20,1,5,3.20833,0.244792,31.6979,79.1109,192,4,70,14.8,81,41.8753,4.8,6.4,13.7332,13.7143,151,153.79,197
Sri Lanka,244,223.373,7.09016,0.344262,227.578,7.47541,0.385246,62,LPC Silva,50,34,16,58,135.891,3,17.4297,0,5.6,11.8297,212,213,20,1,5,2.55556,0.244444,26.0222,69.4543,45,4,70,23.2,81,35.6907,10.8,5.6,11.7391,11.8297,151,153.32,197
India,259,242.378,7.15058,0.339768,244.568,7.12741,0.30888,63,MS Dhoni,0,0,0,9,107.421,2,14.4111,3,0.8,13.6111,253,165,18,0,5,3.47872,0.292553,36.7713,84.1612,188,4,50,12,65,36.4207,5.6,0.8,11.6187,13.6111,115,121.832,238
India,259,242.378,7.15058,0.339768,244.568,7.12741,0.30888,63,RA Jadeja,0,0,0,4,102.378,2,14.7807,3,0.8,13.9807,253,165,18,0,5,2.12941,0.117647,21.7529,82.4342,85,4,50,6.4,65,36.9776,0,0.8,11.777,13.9807,115,117.158,238
South Africa,190,234.274,7.4,0.373684,232.363,7.33158,0.342105,64,HM Amla,62,40,22,67,161.145,2,24.3091,0,11.6,12.7091,231,231,9,0,5,5.20168,0.403361,48.7899,86.9292,119,4,104,30.4,91,39.7448,7.6,11.6,13.2917,12.7091,195,185.454,220
South Africa,190,234.274,7.4,0.373684,232.363,7.33158,0.342105,64,JP Duminy,23,12,11,24,181.309,2,28.4469,0,15.2,13.2469,231,231,9,0,5,2.3252,0.186992,29.9675,80.2351,123,4,104,48.4,91,41.9086,16,15.2,14.1366,13.2469,195,209.756,220
Bangladesh,160,218.438,7.70625,0.4,211.106,7.05,0.325,65,Mushfiqur Rahim,13,4,9,28,167.693,2,25.7701,0,14,11.7701,200,203,6,0,5,2.61111,0.18254,27.7778,75.2526,126,4,110,32,74,36.6927,10,14,12.4643,11.7701,184,193.463,185
Bangladesh,160,218.438,7.70625,0.4,211.106,7.05,0.325,65,Tamim Iqbal,61,36,25,55,170.981,2,23.4663,0,12,11.4663,200,203,6,0,5,4.05344,0.274809,31.8015,76.8068,131,4,110,36,74,35.9806,11.6,12,12.368,11.4663,184,194.447,185
Bangladesh,160,218.438,7.70625,0.4,211.106,7.05,0.325,65,Shakib Al Hasan,0,0,0,0,172.377,2,30.0695,0,18.4,11.6695,200,203,6,0,5,2.86992,0.252033,29.9106,79.0163,123,4,110,38,74,35.3771,6,18.4,11.9894,11.6695,184,202.447,185
Bangladesh,160,218.438,7.70625,0.4,211.106,7.05,0.325,65,Shuvagoto Hom,0,0,0,0,172.377,2,30.0695,0,18.4,11.6695,200,203,6,0,5,3,0,23.3333,79.5455,3,4,110,38,74,35.3771,6,18.4,11.9894,11.6695,184,202.447,185
West Indies,176,217.33,7.15909,0.3125,225.278,7.57386,0.380682,67,LMP Simmons,30,10,20,66,120.979,0,22.0417,1,8.4,13.6417,221,221,9,0,5,3.3125,0.28125,30.5938,71.4338,64,4,72,26.8,82,41.1787,10,8.4,13.733,13.6417,154,143.02,211
West Indies,176,217.33,7.15909,0.3125,225.278,7.57386,0.380682,67,MN Samuels,10,4,6,12,118.316,0,20.9905,1,7.2,13.7905,221,221,9,0,5,3.74757,0.23301,31.6214,74.5821,103,4,72,25.2,82,40.1161,10.8,7.2,13.6278,13.7905,154,139.307,211
England,221,237.176,7.17647,0.289593,230.633,7.45701,0.384615,68,IJL Trott,27,12,15,56,111.47,1,23.2772,0,8,15.2772,221,224,19,1,5,3.3871,0.403226,43.7903,75.2494,62,4,58,22.8,78,44.6697,6.4,8,14.5939,15.2772,136,134.747,207
England,221,237.176,7.17647,0.289593,230.633,7.45701,0.384615,68,IR Bell,42,22,20,66,109.284,1,22.4464,0,7.2,15.2464,221,224,19,1,5,3.63433,0.246269,35.3806,75.6623,134,4,58,20.8,78,44.4836,4.8,7.2,14.5452,15.2464,136,131.73,207
India,259,242.378,7.15058,0.339768,244.568,7.12741,0.30888,69,V Kohli,43,28,15,51,131.599,2,17.867,1,3.2,14.667,270,270,7,1,5,4.66456,0.379747,44.9937,88.3325,158,4,74,20.8,88,41.7986,10.4,3.2,13.6691,14.667,162,149.466,255
India,259,242.378,7.15058,0.339768,244.568,7.12741,0.30888,69,RG Sharma,7,6,1,12,131.85,2,22.7585,1,7.6,15.1585,270,270,7,1,5,3.82836,0.268657,35.9179,83.083,134,4,74,20.4,88,42.4495,7.6,7.6,13.8905,15.1585,162,154.608,255
Australia,228,239.627,7.69737,0.372807,232.079,7.23246,0.337719,70,GJ Bailey,25,10,15,36,136.446,3,22.4039,0,6.4,16.0039,295,252,7,0,5,3.34921,0.301587,36.3492,84.658,63,4,94,15.2,78,48.2462,5.6,6.4,16.2224,16.0039,172,158.85,281
Australia,228,239.627,7.69737,0.372807,232.079,7.23246,0.337719,70,DJ Hussey,0,0,0,0,131.322,3,21.3098,0,5.6,15.7098,295,252,7,0,5,2.54386,0.245614,29.2105,87.8628,57,4,94,12,78,46.3216,6.4,5.6,15.6517,15.7098,172,152.631,281
Australia,228,239.627,7.69737,0.372807,232.079,7.23246,0.337719,70,MEK Hussey,26,12,14,30,139.984,3,23.066,0,7.2,15.866,295,252,7,0,5,2.7563,0.260504,34.084,82.4893,119,4,94,19.2,78,47.7845,8,7.2,16.1368,15.866,172,163.05,281
Australia,228,239.627,7.69737,0.372807,232.079,7.23246,0.337719,70,MS Wade,0,0,0,0,129.979,3,20.2434,0,4.8,15.4434,295,252,7,0,5,1.86275,0.117647,20.3333,78.2642,51,1,94,11.2,78,45.779,6.4,4.8,15.6925,15.4434,172,150.222,281
New Zealand,184,233.745,7.39674,0.36413,227.951,7.30435,0.353261,71,LRPL Taylor,26,16,10,38,127.153,4,20.9864,0,7.6,13.3864,265,240,9,0,5,3.68382,0.301471,36.7206,79.3959,136,4,52,19.6,80,40.5526,7.2,7.6,13.5362,13.3864,132,148.139,238
New Zealand,184,233.745,7.39674,0.36413,227.951,7.30435,0.353261,71,TWM Latham,2,0,2,17,122.888,4,21.0299,0,7.2,13.8299,265,240,9,0,5,2.76471,0.147059,25.3529,75.2182,34,4,52,14.4,80,41.4876,4.8,7.2,13.8281,13.8299,132,143.917,238
Sri Lanka,244,223.373,7.09016,0.344262,227.578,7.47541,0.385246,72,HDRL Thirimanne,34,16,18,52,151.248,4,24.3283,1,10.4,13.9283,295,274,21,1,5,2.77778,0.246914,31.5802,71.4725,81,4,76,25.6,94,40.6478,3.2,10.4,12.9896,13.9283,170,175.576,278
Sri Lanka,244,223.373,7.09016,0.344262,227.578,7.47541,0.385246,72,BMAJ Mendis,9,4,5,15,143.28,4,20.9333,1,7.2,13.7333,295,274,21,1,5,1.43243,0.027027,15.1622,82.8656,37,1,76,18.8,94,39.4803,5.6,7.2,12.9832,13.7333,170,164.214,278
England,221,237.176,7.17647,0.289593,230.633,7.45701,0.384615,73,EJG Morgan,25,12,13,32,127.162,3,23.5831,0,7.2,16.3831,316,227,4,1,5,3.19549,0.233083,30.0526,86.9291,133,4,60,28.4,97,47.762,15.6,7.2,15.8653,16.3831,157,150.745,310
England,221,237.176,7.17647,0.289593,230.633,7.45701,0.384615,73,KP Pietersen,57,36,21,63,118.924,3,26.2389,0,10.4,15.8389,316,227,4,1,5,3.69892,0.236559,33.4946,82.2117,93,4,60,22.4,97,45.5245,8,10.4,14.9956,15.8389,157,145.163,310
England,221,237.176,7.17647,0.289593,230.633,7.45701,0.384615,73,RS Bopara,0,0,0,0,120.395,3,22.4666,0,6,16.4666,316,227,4,1,5,2.22115,0.144231,25.1538,75.9361,104,4,60,22.8,97,46.5948,5.6,6,15.2926,16.4666,157,142.861,310
England,221,237.176,7.17647,0.289593,230.633,7.45701,0.384615,73,JC Buttler,0,0,0,0,117.24,3,18.8797,0,2.8,16.0797,316,227,4,1,5,3.47458,0.186441,29.9153,115.359,59,0,60,20.4,97,45.8396,6.4,2.8,15.347,16.0797,157,136.119,310
Pakistan,211,222.621,7.38389,0.393365,235.517,7.54976,0.336493,74,Younis Khan,12,4,8,21,128.624,3,18.7486,0,7.2,11.5486,192,192,6,0,5,2.64655,0.215517,28.5,73.2713,116,4,84,26.4,78,38.2244,5.6,7.2,13.2962,11.5486,162,147.373,172
Pakistan,211,222.621,7.38389,0.393365,235.517,7.54976,0.336493,74,Misbah-ul-Haq,6,0,6,17,128.739,3,19.193,0,7.6,11.593,192,192,6,0,5,2.95238,0.285714,34.9921,71.8195,126,4,84,26.4,78,38.3385,5.6,7.6,13.3233,11.593,162,147.932,172
South Africa,190,234.274,7.4,0.373684,232.363,7.33158,0.342105,76,RJ Peterson,56,20,36,58,209.903,2,39.387,0,22,17.387,332,305,2,0,5,1.62069,0.0344828,15.7931,83.5766,29,1,88,43.2,120,54.7026,9.6,22,18.5959,17.387,208,249.29,317
South Africa,190,234.274,7.4,0.373684,232.363,7.33158,0.342105,76,AB de Villiers,49,28,21,44,191.075,2,29.2834,0,13.2,16.0834,332,305,2,0,5,5.04969,0.403727,47.2174,98.8428,161,4,88,30,120,49.0746,8.4,13.2,16.4153,16.0834,208,220.358,317
South Africa,190,234.274,7.4,0.373684,232.363,7.33158,0.342105,76,JP Duminy,0,0,0,0,190.868,2,26.2487,0,10.4,15.8487,332,305,2,0,5,2.3252,0.186992,29.9675,80.2351,123,4,88,31.2,120,47.6676,6.8,10.4,15.7737,15.8487,208,217.116,317
Australia,228,239.627,7.69737,0.372807,232.079,7.23246,0.337719,77,AC Voges,25,0,25,39,151.359,5,20.3964,1,6.8,13.5964,254,233,22,0,5,2.29167,0.125,29.625,84.142,24,4,96,31.2,92,43.1587,10,6.8,14.3194,13.5964,188,171.755,235
Australia,228,239.627,7.69737,0.372807,232.079,7.23246,0.337719,77,JP Faulkner,1,0,1,3,138.534,5,19.5745,1,8,11.5745,254,233,22,0,5,2.88235,0.147059,24.1471,109.613,34,0,96,26,92,35.5342,11.6,8,12.0923,11.5745,188,158.109,235
Australia,228,239.627,7.69737,0.372807,232.079,7.23246,0.337719,77,MG Johnson,0,0,0,0,139.098,5,19.5112,1,8,11.5112,254,233,22,0,5,1.18519,0.0246914,10.7901,94.181,81,0,96,26.8,92,35.2984,12.4,8,12.0342,11.5112,188,158.61,235
India,259,242.378,7.15058,0.339768,244.568,7.12741,0.30888,78,SK Raina,5,0,5,21,110.194,3,19.1938,1,4.8,14.3938,251,165,14,1,5,3.11111,0.216374,28.9064,91.8944,171,0,24,18.8,74,41.3936,9.2,4.8,13.9127,14.3938,98,129.387,244
India,259,242.378,7.15058,0.339768,244.568,7.12741,0.30888,78,MS Dhoni,0,0,0,3,97.3823,3,17.0501,1,2,15.0501,251,165,14,1,5,3.47872,0.292553,36.7713,84.1612,188,4,24,5.6,74,41.7823,2.4,2,13.7765,15.0501,98,114.432,244
England,221,237.176,7.17647,0.289593,230.633,7.45701,0.384615,81,JE Root,29,8,21,44,117.789,2,22.9002,0,8,14.9002,218,212,6,0,5,3.68852,0.327869,41.6721,83.3443,61,4,56,23.6,85,45.1887,5.6,8,14.9324,14.9002,141,140.689,204
England,221,237.176,7.17647,0.289593,230.633,7.45701,0.384615,81,AN Cook,35,12,23,52,117.087,2,22.7419,0,8,14.7419,218,212,6,0,5,4.17045,0.272727,35.75,75.5524,88,4,56,23.2,85,44.8868,7.2,8,14.8547,14.7419,141,139.829,204
England,221,237.176,7.17647,0.289593,230.633,7.45701,0.384615,81,EJG Morgan,0,0,0,0,103.228,2,19.802,0,5.6,14.202,218,212,6,0,5,3.19549,0.233083,30.0526,86.9291,133,4,56,12.8,85,41.4276,7.2,5.6,13.8147,14.202,141,123.03,204
Pakistan,211,222.621,7.38389,0.393365,235.517,7.54976,0.336493,82,Nasir Jamshed,20,10,10,51,113.903,1,19.8177,1,6.4,13.4177,233,195,7,0,5,3.63043,0.23913,30.2174,73.8184,46,4,60,22.8,63,41.1029,4.8,6.4,14.0414,13.4177,123,133.721,194
Pakistan,211,222.621,7.38389,0.393365,235.517,7.54976,0.336493,82,Misbah-ul-Haq,0,0,0,11,110.761,1,21.9703,1,8,13.9703,233,195,7,0,5,2.95238,0.285714,34.9921,71.8195,126,4,60,19.2,63,41.5612,1.6,8,14.3248,13.9703,123,132.732,194
India,259,242.378,7.15058,0.339768,244.568,7.12741,0.30888,83,SK Raina,20,4,16,40,117.902,4,24.5035,1,10,14.5035,281,146,11,0,5,3.11111,0.216374,28.9064,91.8944,171,0,38,28.8,94,43.102,6.4,10,14.4604,14.5035,132,142.405,271
India,259,242.378,7.15058,0.339768,244.568,7.12741,0.30888,83,RA Jadeja,0,0,0,1,110.883,4,24.7963,1,10.4,14.3963,281,146,11,0,5,2.12941,0.117647,21.7529,82.4342,85,4,38,24,94,40.8829,5.6,10.4,13.5242,14.3963,132,135.679,271
India,259,242.378,7.15058,0.339768,244.568,7.12741,0.30888,83,R Ashwin,0,0,0,0,112.729,4,24.4559,1,10.4,14.0559,281,146,11,0,5,1.16364,0.0181818,11.9455,84.7742,55,1,38,26.4,94,40.3291,8.8,10.4,13.6219,14.0559,132,137.185,271
Ireland,55,219.527,7.65455,0.290909,202.727,7.56364,0.4,84,EC Joyce,18,10,8,20,122.07,1,19.6845,0,4.8,14.8845,305,307,11,0,5,3.08571,0.2,28.3429,68.6505,35,4,128,12.4,93,43.6701,2,4.8,14.8023,14.8845,221,141.755,294
Ireland,55,219.527,7.65455,0.290909,202.727,7.56364,0.4,84,PR Stirling,55,26,29,57,140.118,1,20.4152,0,5.6,14.8152,305,307,11,0,5,3.47826,0.173913,24.2174,88.1329,23,0,128,28.4,93,45.7179,10.8,5.6,15.9219,14.8152,221,160.533,294
West Indies,176,217.33,7.15909,0.3125,225.278,7.57386,0.380682,88,JL Carter,29,22,7,35,208.909,4,32.5499,1,20.8,11.7499,394,250,5,0,5,1.63636,0,14.7273,55.8621,11,3,188,61.6,56,36.3089,22.4,20.8,11.8195,11.7499,244,241.459,383
West Indies,176,217.33,7.15909,0.3125,225.278,7.57386,0.380682,88,DJG Sammy,25,18,7,12,205.68,4,27.084,1,14.8,12.284,394,250,5,0,5,2.25,0.09,18.25,95.8005,100,0,188,56.8,56,37.8801,22.8,14.8,12.7568,12.284,244,232.764,383
West Indies,176,217.33,7.15909,0.3125,225.278,7.57386,0.380682,88,AD Russell,0,0,0,0,182.65,4,15.3253,1,2.4,12.9253,394,250,5,0,5,3.38095,0.0952381,23.2857,129.536,42,0,188,32.4,56,39.2495,14.8,2.4,13.0646,12.9253,244,197.975,383
West Indies,176,217.33,7.15909,0.3125,225.278,7.57386,0.380682,88,JO Holder,0,0,0,0,182.65,4,15.3253,1,2.4,12.9253,394,250,5,0,5,2.13636,0.0909091,16.9091,97.8947,22,0,188,32.4,56,39.2495,14.8,2.4,13.0646,12.9253,244,197.975,383
Zimbabwe,142,212.077,7.5,0.380282,227.704,6.97887,0.316901,89,SC Williams,9,0,9,14,125.674,3,22.5517,0,6.4,16.1517,300,209,4,1,5,2.56923,0.276923,28.5385,80.7927,65,4,78,19.2,90,45.4741,5.2,6.4,15.3248,16.1517,168,148.226,274
Zimbabwe,142,212.077,7.5,0.380282,227.704,6.97887,0.316901,89,BRM Taylor,42,18,24,46,132.252,3,25.4015,0,9.2,16.2015,300,209,4,1,5,3.3,0.26,33.56,76.3421,100,4,78,24.8,90,46.4517,8,9.2,15.7353,16.2015,168,157.653,274
India,259,242.378,7.15058,0.339768,244.568,7.12741,0.30888,90,SK Raina,7,4,3,14,149.769,3,25.7427,1,11.2,14.5427,315,314,4,0,5,3.11111,0.216374,28.9064,91.8944,171,0,94,32.4,75,42.3691,10.4,11.2,14.1166,14.5427,169,175.512,293
India,259,242.378,7.15058,0.339768,244.568,7.12741,0.30888,90,MS Dhoni,11,10,1,11,141.94,3,23.4921,1,8.8,14.6921,315,314,4,0,5,3.47872,0.292553,36.7713,84.1612,188,4,94,25.2,75,41.7396,6.4,8.8,13.5853,14.6921,169,165.432,293
England,221,237.176,7.17647,0.289593,230.633,7.45701,0.384615,91,JE Root,28,4,24,44,125.394,2,26.3818,0,8,18.3818,301,293,5,1,5,3.68852,0.327869,41.6721,83.3443,61,4,40,18.4,112,53.9939,7.2,8,17.9027,18.3818,152,151.776,280
England,221,237.176,7.17647,0.289593,230.633,7.45701,0.384615,91,GS Ballance,39,8,31,63,135.221,2,27.2092,0,9.2,18.0092,301,293,5,1,5,1.69231,0.153846,22,66.3573,13,1,40,28.4,112,53.8211,5.6,9.2,17.8906,18.0092,152,162.43,280
England,221,237.176,7.17647,0.289593,230.633,7.45701,0.384615,91,EJG Morgan,0,0,0,0,128.134,2,29.2223,0,12.4,16.8223,301,293,5,1,5,3.19549,0.233083,30.0526,86.9291,133,4,40,27.6,112,47.5336,6,12.4,15.6253,16.8223,152,157.356,280
Pakistan,211,222.621,7.38389,0.393365,235.517,7.54976,0.336493,94,Mohammad Hafeez,52,32,20,53,159.409,0,29.1971,0,12.4,16.7971,327,329,7,0,5,4.04511,0.255639,34.3534,78.0625,133,4,102,36,80,51.4093,14.4,12.4,17.9341,16.7971,182,188.606,305
Pakistan,211,222.621,7.38389,0.393365,235.517,7.54976,0.336493,94,Misbah-ul-Haq,0,0,0,0,147.73,0,23.4522,0,6,17.4522,327,329,7,0,5,2.95238,0.285714,34.9921,71.8195,126,4,102,23.6,80,52.1302,7.2,6,18.0637,17.4522,182,171.182,305
Pakistan,211,222.621,7.38389,0.393365,235.517,7.54976,0.336493,94,Ahmed Shehzad,38,20,18,71,155.678,0,26.1422,0,9.6,16.5422,327,329,7,0,5,3.67143,0.242857,33.2714,70.8118,70,4,102,32.4,80,51.2777,11.6,9.6,17.5769,16.5422,182,181.82,305
Pakistan,211,222.621,7.38389,0.393365,235.517,7.54976,0.336493,94,Sohaib Maqsood,0,0,0,0,147.73,0,23.4522,0,6,17.4522,327,329,7,0,5,2.86957,0.217391,29.4348,79.7409,23,4,102,23.6,80,52.1302,7.2,6,18.0637,17.4522,182,171.182,305
Pakistan,211,222.621,7.38389,0.393365,235.517,7.54976,0.336493,94,Fawad Alam,0,0,0,0,147.73,0,23.4522,0,6,17.4522,327,329,7,0,5,1.85294,0.176471,26.5588,72.6468,34,4,102,23.6,80,52.1302,7.2,6,18.0637,17.4522,182,171.182,305
Australia,228,239.627,7.69737,0.372807,232.079,7.23246,0.337719,95,GJ Maxwell,17,8,9,23,130.592,3,21.5365,0,8.4,13.1365,216,217,13,0,5,3.79245,0.226415,28.2264,119.68,53,0,90,26,68,40.5916,4.8,8.4,13.9103,13.1365,158,152.128,205
Australia,228,239.627,7.69737,0.372807,232.079,7.23246,0.337719,95,GJ Bailey,19,12,7,45,124.578,3,19.7112,0,7.2,12.5112,216,217,13,0,5,3.34921,0.301587,36.3492,84.658,63,4,90,22,68,38.5777,5.6,7.2,12.7735,12.5112,158,144.289,205
Bangladesh,160,218.438,7.70625,0.4,211.106,7.05,0.325,96,Mushfiqur Rahim,35,16,19,59,144.384,2,25.6712,0,9.2,16.4712,339,247,3,0,5,2.61111,0.18254,27.7778,75.2526,126,4,74,25.2,71,48.1844,7.2,9.2,16.3845,16.4712,145,170.056,328
Bangladesh,160,218.438,7.70625,0.4,211.106,7.05,0.325,96,Tamim Iqbal,52,36,16,55,146.939,2,21.1045,0,6,15.1045,339,247,3,0,5,4.05344,0.274809,31.8015,76.8068,131,4,74,32.4,71,43.5387,11.6,6,14.892,15.1045,145,168.043,328
Bangladesh,160,218.438,7.70625,0.4,211.106,7.05,0.325,96,Mominul Haque,0,0,0,0,137.618,2,21.399,0,4.8,16.599,339,247,3,0,5,2.57143,0.0952381,23.3333,73.4633,21,4,74,19.6,71,47.0182,6,4.8,16.1191,16.599,145,159.017,328
Bangladesh,160,218.438,7.70625,0.4,211.106,7.05,0.325,96,Mahmudullah,0,0,0,0,137.618,2,21.399,0,4.8,16.599,339,247,3,0,5,2.26531,0.153061,24.4286,70.9544,98,4,74,19.6,71,47.0182,6,4.8,16.1191,16.599,145,159.017,328
South Africa,190,234.274,7.4,0.373684,232.363,7.33158,0.342105,97,HM Amla,48,8,40,68,165.126,1,33.7507,0,16.8,16.9507,218,221,2,0,5,5.20168,0.403361,48.7899,86.9292,119,4,62,33.2,111,53.9265,9.6,16.8,18.3918,16.9507,173,198.877,198
South Africa,190,234.274,7.4,0.373684,232.363,7.33158,0.342105,97,F du Plessis,51,26,25,46,163.313,1,31.2958,0,16.4,14.8958,218,221,2,0,5,3.45122,0.292683,34.9268,83.135,82,4,62,39.2,111,46.1126,10.8,16.4,15.7543,14.8958,173,194.608,198
South Africa,190,234.274,7.4,0.373684,232.363,7.33158,0.342105,97,WD Parnell,0,0,0,0,169.323,1,28.7821,0,15.2,13.5821,218,221,2,0,5,1.47826,0.0434783,15.8261,74.7433,23,1,62,49.2,111,42.1233,18.8,15.2,14.5834,13.5821,173,198.105,198
New Zealand,184,233.745,7.39674,0.36413,227.951,7.30435,0.353261,98,KS Williamson,68,36,32,57,159.016,2,22.2753,0,5.6,16.6753,303,306,10,0,5,4.31707,0.390244,43.0488,82.8833,82,4,88,24.8,110,50.2156,10.8,5.6,17.0612,16.6753,198,181.291,283
New Zealand,184,233.745,7.39674,0.36413,227.951,7.30435,0.353261,98,LRPL Taylor,46,24,22,51,166.793,2,25.6008,0,9.6,16.0008,303,306,10,0,5,3.68382,0.301471,36.7206,79.3959,136,4,88,34.8,110,47.9935,5.6,9.6,15.9477,16.0008,198,192.394,283
Sri Lanka,244,223.373,7.09016,0.344262,227.578,7.47541,0.385246,100,FDM Karunaratne,1,0,1,6,141.499,2,28.3925,1,12.8,15.5925,316,195,8,0,5,0.8,0,10.7,64.8485,10,1,62,35.2,101,44.2994,12.8,12.8,14.9127,15.5925,163,169.892,298
Sri Lanka,244,223.373,7.09016,0.344262,227.578,7.47541,0.385246,100,KC Sangakkara,16,8,8,18,131.463,2,23.4644,1,7.2,16.2644,316,195,8,0,5,4.33659,0.360976,41.9854,80.6276,205,4,62,23.6,101,45.8634,7.6,7.2,15.2011,16.2644,163,154.928,298
England,221,237.176,7.17647,0.289593,230.633,7.45701,0.384615,101,JE Root,29,8,21,33,122.454,4,20.024,1,4.8,15.224,303,215,8,0,5,3.68852,0.327869,41.6721,83.3443,61,4,46,21.2,109,45.2543,13.2,4.8,14.9359,15.224,155,142.478,292
England,221,237.176,7.17647,0.289593,230.633,7.45701,0.384615,101,JC Buttler,1,0,1,4,124.355,4,27.3397,1,13.6,13.7397,303,215,8,0,5,3.47458,0.186441,29.9153,115.359,59,0,46,28.8,109,39.5551,6,13.6,13.0445,13.7397,155,151.695,292
England,221,237.176,7.17647,0.289593,230.633,7.45701,0.384615,102,JWA Taylor,25,8,17,55,95.0585,3,19.2806,2,7.2,12.0806,201,201,6,0,5,3.375,0.333333,35.9167,79.8888,24,4,36,20,98,35.0585,6,7.2,11.115,12.0806,134,114.339,194
England,221,237.176,7.17647,0.289593,230.633,7.45701,0.384615,102,JC Buttler,0,0,0,0,78.8602,3,14.3266,2,2.4,11.9266,201,201,6,0,5,3.47458,0.186441,29.9153,115.359,59,0,36,6,98,32.8602,1.6,2.4,10.8475,11.9266,134,93.1868,194
India,259,242.378,7.15058,0.339768,244.568,7.12741,0.30888,103,S Dhawan,45,28,17,63,141.866,2,24.6492,2,9.2,15.4492,322,197,10,1,5,5.65217,0.362319,43.2174,88.9088,69,4,68,25.2,72,42.6664,8,9.2,13.6303,15.4492,140,166.516,291
India,259,242.378,7.15058,0.339768,244.568,7.12741,0.30888,103,MS Dhoni,6,0,6,13,138.678,2,25.3066,2,8.4,16.9066,322,197,10,1,5,3.47872,0.292553,36.7713,84.1612,188,4,68,18.4,72,46.2779,4.4,8.4,14.9627,16.9066,140,163.984,291
South Africa,190,234.274,7.4,0.373684,232.363,7.33158,0.342105,104,HM Amla,46,24,22,61,159.264,0,27.0034,0,8.4,18.6034,319,319,4,1,5,5.20168,0.403361,48.7899,86.9292,119,4,130,20.8,94,54.4643,6.8,8.4,18.2756,18.6034,224,186.268,303
South Africa,190,234.274,7.4,0.373684,232.363,7.33158,0.342105,104,Q de Kock,60,34,26,62,156.477,0,25.5191,0,6.8,18.7191,319,319,4,1,5,5.12963,0.240741,39.1111,91.2311,54,4,130,18,94,54.477,5.2,6.8,18.3586,18.7191,224,181.996,303
Sri Lanka,244,223.373,7.09016,0.344262,227.578,7.47541,0.385246,106,HDRL Thirimanne,36,16,20,44,149.77,2,28.7048,2,12.4,16.3048,317,181,7,1,5,2.77778,0.246914,31.5802,71.4725,81,4,46,24.4,107,45.3697,8,12.4,14.7474,16.3048,153,178.474,301
Sri Lanka,244,223.373,7.09016,0.344262,227.578,7.47541,0.385246,106,LD Chandimal,0,0,0,3,154.387,2,34.5403,2,18.8,15.7403,317,181,7,1,5,2.18478,0.184783,25.7391,73.8615,92,4,46,32,107,42.3873,4,18.8,13.5947,15.7403,153,188.928,301
Zimbabwe,142,212.077,7.5,0.380282,227.704,6.97887,0.316901,107,CJ Chibhabha,43,16,27,58,117.903,1,25.4683,0,8,17.4683,277,193,6,1,5,2.56716,0.149254,23.5373,64.7373,67,1,60,19.2,82,49.7029,5.2,8,17.1034,17.4683,142,143.371,263
Zimbabwe,142,212.077,7.5,0.380282,227.704,6.97887,0.316901,107,RW Chakabva,21,8,13,38,117.436,1,23.1025,0,6.4,16.7025,277,193,6,1,5,0.846154,0,13.2692,51.3393,26,3,60,21.6,82,46.8364,9.2,6.4,15.954,16.7025,142,140.539,263
Zimbabwe,142,212.077,7.5,0.380282,227.704,6.97887,0.316901,107,E Chigumbura,0,0,0,0,121.812,1,21.6126,0,5.2,16.4126,277,193,6,1,5,2.28947,0.114035,22.7895,77.7844,114,4,60,27.6,82,45.2118,13.2,5.2,15.4396,16.4126,142,143.424,263
Pakistan,211,222.621,7.38389,0.393365,235.517,7.54976,0.336493,108,Mohammad Rizwan,4,0,4,10,115.614,3,23.1094,2,10,13.1094,284,188,5,0,5,2.76923,0.230769,26.7692,92.8,13,0,24,40,84,39.6144,21.2,10,14.1987,13.1094,108,138.724,277
Pakistan,211,222.621,7.38389,0.393365,235.517,7.54976,0.336493,108,Sarfraz Ahmed,3,0,3,6,113.769,3,20.231,2,6.8,13.431,284,188,5,0,5,2.04878,0.097561,25.4878,83.9357,41,4,24,37.6,84,40.1694,22,6.8,14.1178,13.431,108,134,277
Sri Lanka,244,223.373,7.09016,0.344262,227.578,7.47541,0.385246,110,LD Chandimal,8,0,8,18,158.567,1,30.7853,2,17.2,13.5853,207,180,7,1,5,2.18478,0.184783,25.7391,73.8615,92,4,66,38.4,104,38.1674,7.6,17.2,12.2278,13.5853,170,189.353,184
Sri Lanka,244,223.373,7.09016,0.344262,227.578,7.47541,0.385246,110,AD Mathews,2,0,2,3,161.48,1,31.9688,2,18.8,13.1688,207,180,7,1,5,2.64122,0.198473,28.6794,82.3362,131,4,66,42.8,104,36.6798,12.8,18.8,11.8599,13.1688,170,193.449,184
Sri Lanka,244,223.373,7.09016,0.344262,227.578,7.47541,0.385246,110,TAM Siriwardana,0,0,0,0,162.084,1,31.3732,2,18.8,12.5732,207,180,7,1,5,3.1,0.2,26.2,111.489,10,0,66,44.8,104,35.2839,15.6,18.8,11.7284,12.5732,170,193.457,184
Zimbabwe,142,212.077,7.5,0.380282,227.704,6.97887,0.316901,111,E Chigumbura,5,0,5,12,107.904,3,19.7586,1,5.6,14.1586,274,128,4,0,5,2.28947,0.114035,22.7895,77.7844,114,4,54,17.6,68,39.3036,8.8,5.6,13.2584,14.1586,122,127.662,258
Zimbabwe,142,212.077,7.5,0.380282,227.704,6.97887,0.316901,111,Sikandar Raza,0,0,0,9,113.389,3,21.4829,1,8,13.4829,274,128,4,0,5,3,0.131579,26.1842,81.1582,38,4,54,25.2,68,37.1894,10,8,12.4613,13.4829,122,134.872,258
