Team,Total Matches Played,Runs Scored,Wickets Lost,Got All Out,Runs Conceded,Opponent Wickets Taken,Opponent All Out,Match Index,Batsman,Player Total Runs,Player Home Runs,Player Non Home Runs,Balls Faced,R0,W0,R1,W1,Current_HR,Current_NHR,Total Runs in Segment,Total HR till Segment,Total NHR till Segment,Total Runs Till Segment,Target,Final Runs Made,Extras,Home,Segment,Home Run Hitting Ability,Milestone Reaching Ability,Batting Average,Strike Rate,Matches Played,ClusterID,Predicted Total HR till Segment,Predicted Total NHR till Segment,Actual HR in Segment,Predicted HR in Segment,Actual NHR in Segment,Predicted NHR in Segment,Predicted Total runs till Segment
Sri Lanka,244,223.373,7.09016,0.344262,227.578,7.47541,0.385246,1,WU Tharanga,0,0,0,0,210.296,0,29.5997,0,12.4,17.1997,52,42,10,52,322,324,7,0,1,3.93985,0.263158,32.9699,71.6035,133,4,96,114.296,6,12.4,17.1255,17.1997,239.896
Sri Lanka,244,223.373,7.09016,0.344262,227.578,7.47541,0.385246,1,ST Jayasuriya,0,0,0,0,209.001,0,30.243,0,12.8,17.443,52,42,10,52,322,324,7,0,1,4.91549,0.211268,33.9859,98.4898,71,0,95.6,113.401,6,12.8,16.8111,17.443,239.244
Bangladesh,160,218.438,7.70625,0.4,211.106,7.05,0.325,2,Tamim Iqbal,0,0,0,0,163.652,0,17.5397,0,4.8,12.7397,16,8,8,16,192,192,8,0,1,4.05344,0.274809,31.8015,76.8068,131,4,74.4,89.2523,13.2,4.8,13.7564,12.7397,181.192
Bangladesh,160,218.438,7.70625,0.4,211.106,7.05,0.325,2,Shahriar Nafees,0,0,0,0,163.652,0,17.5397,0,4.8,12.7397,16,8,8,16,192,192,8,0,1,3.40541,0.162162,24.4865,69.1076,37,4,74.4,89.2523,13.2,4.8,13.7564,12.7397,181.192
Bangladesh,160,218.438,7.70625,0.4,211.106,7.05,0.325,2,Mushfiqur Rahim,0,0,0,0,163.652,0,17.5397,0,4.8,12.7397,16,8,8,16,192,192,8,0,1,2.61111,0.18254,27.7778,75.2526,126,4,74.4,89.2523,13.2,4.8,13.7564,12.7397,181.192
Ireland,55,219.527,7.65455,0.290909,202.727,7.56364,0.4,4,WTS Porterfield,0,0,0,0,163.543,0,35.0358,0,18.4,16.6358,7,0,7,7,267,218,4,0,1,2.6,0.142857,24.6857,56.2866,35,3,67.6,95.9427,5.6,18.4,14.2265,16.6358,198.579
Ireland,55,219.527,7.65455,0.290909,202.727,7.56364,0.4,4,JP Bray,0,0,0,0,163.037,0,35.1461,0,18.4,16.7461,7,0,7,7,267,218,4,0,1,2.7,0.1,23.4,63.0728,10,1,67.6,95.4368,5.6,18.4,14.0566,16.7461,198.183
Ireland,55,219.527,7.65455,0.290909,202.727,7.56364,0.4,4,EJG Morgan,0,0,0,0,163.796,0,34.9807,0,18.4,16.5807,7,0,7,7,267,218,4,0,1,3.19549,0.233083,30.0526,86.9291,133,4,67.6,96.1956,5.6,18.4,14.3115,16.5807,198.776
Ireland,55,219.527,7.65455,0.290909,202.727,7.56364,0.4,4,NJ O'Brien,0,0,0,0,163.796,0,34.9807,0,18.4,16.5807,7,0,7,7,267,218,4,0,1,2.55882,0.176471,25.5882,69.378,34,4,67.6,96.1956,5.6,18.4,14.3115,16.5807,198.776
England,221,237.176,7.17647,0.289593,230.633,7.45701,0.384615,5,IR Bell,0,0,0,0,161.414,0,21.1942,0,6.8,14.3942,7,4,3,7,144,147,8,0,1,3.63433,0.246269,35.3806,75.6623,134,4,68.8,92.614,4.8,6.8,12.4865,14.3942,182.608
England,221,237.176,7.17647,0.289593,230.633,7.45701,0.384615,5,MP Vaughan,0,0,0,0,165.984,0,22.836,0,8.4,14.436,7,4,3,7,144,147,8,0,1,2.6,0.1,20.6,66.4516,10,1,74,91.9842,4.8,8.4,12.1151,14.436,188.82
England,221,237.176,7.17647,0.289593,230.633,7.45701,0.384615,5,AJ Strauss,0,0,0,0,161.414,0,21.1942,0,6.8,14.3942,7,4,3,7,144,147,8,0,1,3.93243,0.27027,33.9054,79.8028,74,4,68.8,92.614,4.8,6.8,12.4865,14.3942,182.608
England,221,237.176,7.17647,0.289593,230.633,7.45701,0.384615,6,AJ Strauss,0,0,0,0,206.951,0,29.5205,0,11.6,17.9205,27,12,15,27,301,301,7,0,1,3.93243,0.27027,33.9054,79.8028,74,4,94,112.951,11.2,11.6,16.4264,17.9205,236.471
England,221,237.176,7.17647,0.289593,230.633,7.45701,0.384615,6,MP Vaughan,0,0,0,0,208.603,0,29.6065,0,11.6,18.0065,27,12,15,27,301,301,7,0,1,2.6,0.1,20.6,66.4516,10,1,95.6,113.003,11.6,11.6,16.1038,18.0065,238.209
England,221,237.176,7.17647,0.289593,230.633,7.45701,0.384615,6,RS Bopara,0,0,0,0,206.951,0,29.5205,0,11.6,17.9205,27,12,15,27,301,301,7,0,1,2.22115,0.144231,25.1538,75.9361,104,4,94,112.951,11.2,11.6,16.4264,17.9205,236.471
Australia,228,239.627,7.69737,0.372807,232.079,7.23246,0.337719,7,AC Gilchrist,0,0,0,0,199.314,0,35.4509,0,17.6,17.8509,8,4,4,8,219,224,4,1,1,4.3,0.275,31.425,96.1009,40,0,90.8,108.514,9.6,17.6,15.3122,17.8509,234.765
Australia,228,239.627,7.69737,0.372807,232.079,7.23246,0.337719,7,ML Hayden,0,0,0,0,180.308,0,26.7982,0,8.8,17.9982,8,4,4,8,219,224,4,1,1,6.37838,0.378378,50.6757,83.3333,37,4,70.8,109.508,6.4,8.8,15.8887,17.9982,207.106
Australia,228,239.627,7.69737,0.372807,232.079,7.23246,0.337719,7,MJ Clarke,0,0,0,0,180.308,0,26.7982,0,8.8,17.9982,8,4,4,8,219,224,4,1,1,3.10294,0.301471,35.9265,74.0303,136,4,70.8,109.508,6.4,8.8,15.8887,17.9982,207.106
Australia,228,239.627,7.69737,0.372807,232.079,7.23246,0.337719,7,RT Ponting,0,0,0,0,180.308,0,26.7982,0,8.8,17.9982,8,4,4,8,219,224,4,1,1,4.17431,0.33945,38.1009,80.8606,109,4,70.8,109.508,6.4,8.8,15.8887,17.9982,207.106
New Zealand,184,233.745,7.39674,0.36413,227.951,7.30435,0.353261,8,L Vincent,0,0,0,0,183.86,0,25.8938,0,8.8,17.0938,25,12,13,25,271,256,12,0,1,3.125,0.25,27.8125,67.5266,16,4,73.2,110.66,5.6,8.8,16.6423,17.0938,209.753
New Zealand,184,233.745,7.39674,0.36413,227.951,7.30435,0.353261,8,SP Fleming,0,0,0,0,183.86,0,25.8938,0,8.8,17.0938,25,12,13,25,271,256,12,0,1,3.875,0.25,30.2917,70.9268,24,4,73.2,110.66,5.6,8.8,16.6423,17.0938,209.753
Zimbabwe,142,212.077,7.5,0.380282,227.704,6.97887,0.316901,9,CJ Chibhabha,0,0,0,0,157.244,0,25.9547,0,11.2,14.7547,19,8,11,19,232,130,1,0,1,2.56716,0.149254,23.5373,64.7373,67,1,61.6,95.6444,3.2,11.2,14.7435,14.7547,183.199
Zimbabwe,142,212.077,7.5,0.380282,227.704,6.97887,0.316901,9,BRM Taylor,0,0,0,0,158.003,0,25.7892,0,11.2,14.5892,19,8,11,19,232,130,1,0,1,3.3,0.26,33.56,76.3421,100,4,61.6,96.4032,3.2,11.2,14.9984,14.5892,183.792
West Indies,176,217.33,7.15909,0.3125,225.278,7.57386,0.380682,10,CH Gayle,0,0,0,0,154.745,0,20.5292,0,5.2,15.3292,21,20,1,21,224,224,3,0,1,4.58621,0.206897,31.1293,89.4255,116,4,60.4,94.3447,8.8,5.2,13.8205,15.3292,175.274
West Indies,176,217.33,7.15909,0.3125,225.278,7.57386,0.380682,10,S Chanderpaul,0,0,0,0,154.745,0,20.5292,0,5.2,15.3292,21,20,1,21,224,224,3,0,1,3.57143,0.396825,40.8254,68.0783,63,4,60.4,94.3447,8.8,5.2,13.8205,15.3292,175.274
South Africa,190,234.274,7.4,0.373684,232.363,7.33158,0.342105,11,GC Smith,0,0,0,0,183.738,0,22.1347,0,7.2,14.9347,17,12,5,17,154,156,3,1,1,3.97,0.29,33.57,79.6819,100,4,85.6,98.1383,8.8,7.2,13.4892,14.9347,205.873
South Africa,190,234.274,7.4,0.373684,232.363,7.33158,0.342105,11,JH Kallis,0,0,0,0,183.738,0,22.1347,0,7.2,14.9347,17,12,5,17,154,156,3,1,1,3.58621,0.356322,37.2644,76.4442,87,4,85.6,98.1383,8.8,7.2,13.4892,14.9347,205.873
South Africa,190,234.274,7.4,0.373684,232.363,7.33158,0.342105,11,AB de Villiers,0,0,0,0,183.738,0,22.1347,0,7.2,14.9347,17,12,5,17,154,156,3,1,1,5.04969,0.403727,47.2174,98.8428,161,4,85.6,98.1383,8.8,7.2,13.4892,14.9347,205.873
West Indies,176,217.33,7.15909,0.3125,225.278,7.57386,0.380682,12,S Chanderpaul,0,0,0,0,182.441,0,19.7769,0,7.2,12.5769,16,4,12,16,163,146,2,0,1,3.57143,0.396825,40.8254,68.0783,63,4,96,86.4413,2.4,7.2,10.8934,12.5769,202.218
West Indies,176,217.33,7.15909,0.3125,225.278,7.57386,0.380682,12,RS Morton,0,0,0,0,182.441,0,19.7769,0,7.2,12.5769,16,4,12,16,163,146,2,0,1,2.2963,0.222222,28.8889,67.0103,27,4,96,86.4413,2.4,7.2,10.8934,12.5769,202.218
England,221,237.176,7.17647,0.289593,230.633,7.45701,0.384615,13,AN Cook,0,0,0,0,199.459,0,30.6848,0,11.6,19.0848,13,8,5,13,290,196,2,1,1,4.17045,0.272727,35.75,75.5524,88,4,85.2,114.259,10.8,11.6,16.9163,19.0848,230.144
England,221,237.176,7.17647,0.289593,230.633,7.45701,0.384615,13,MJ Prior,0,0,0,0,199.459,0,30.6848,0,11.6,19.0848,13,8,5,13,290,196,2,1,1,2.27083,0.0625,21.6875,76.4879,48,4,85.2,114.259,10.8,11.6,16.9163,19.0848,230.144
England,221,237.176,7.17647,0.289593,230.633,7.45701,0.384615,13,IR Bell,0,0,0,0,199.459,0,30.6848,0,11.6,19.0848,13,8,5,13,290,196,2,1,1,3.63433,0.246269,35.3806,75.6623,134,4,85.2,114.259,10.8,11.6,16.9163,19.0848,230.144
Sri Lanka,244,223.373,7.09016,0.344262,227.578,7.47541,0.385246,17,TM Dilshan,0,0,0,0,181.698,0,29.992,0,14.4,15.592,28,20,8,28,237,173,8,0,1,4.60199,0.273632,38.3632,86.0219,201,4,79.6,102.098,16.8,14.4,15.5957,15.592,211.69
Sri Lanka,244,223.373,7.09016,0.344262,227.578,7.47541,0.385246,17,ST Jayasuriya,0,0,0,0,181.708,0,30.1788,0,14.4,15.7788,28,20,8,28,237,173,8,0,1,4.91549,0.211268,33.9859,98.4898,71,0,80,101.708,16.8,14.4,15.2572,15.7788,211.887
Sri Lanka,244,223.373,7.09016,0.344262,227.578,7.47541,0.385246,17,KC Sangakkara,0,0,0,0,181.698,0,29.992,0,14.4,15.592,28,20,8,28,237,173,8,0,1,4.33659,0.360976,41.9854,80.6276,205,4,79.6,102.098,16.8,14.4,15.5957,15.592,211.69
Sri Lanka,244,223.373,7.09016,0.344262,227.578,7.47541,0.385246,17,DPMD Jayawardene,0,0,0,0,181.698,0,29.992,0,14.4,15.592,28,20,8,28,237,173,8,0,1,3.20833,0.244792,31.6979,79.1109,192,4,79.6,102.098,16.8,14.4,15.5957,15.592,211.69
Ireland,55,219.527,7.65455,0.290909,202.727,7.56364,0.4,18,WTS Porterfield,0,0,0,0,160.887,0,22.34,0,7.6,14.74,22,12,10,22,174,131,4,1,1,2.6,0.142857,24.6857,56.2866,35,3,74,86.8871,6.4,7.6,11.7232,14.74,183.227
Ireland,55,219.527,7.65455,0.290909,202.727,7.56364,0.4,18,KED Carroll,0,0,0,0,160.381,0,22.4503,0,7.6,14.8503,22,12,10,22,174,131,4,1,1,0.333333,0,9.33333,66.6667,3,1,74,86.3812,6.4,7.6,11.5533,14.8503,182.831
England,221,237.176,7.17647,0.289593,230.633,7.45701,0.384615,19,IR Bell,0,0,0,0,195.204,0,22.1328,0,6.4,15.7328,9,4,5,9,183,160,10,1,1,3.63433,0.246269,35.3806,75.6623,134,4,96,99.2039,9.2,6.4,13.3018,15.7328,217.337
England,221,237.176,7.17647,0.289593,230.633,7.45701,0.384615,19,LJ Wright,0,0,0,0,193.581,0,22.3264,0,6.4,15.9264,9,4,5,9,183,160,10,1,1,1.92105,0.0263158,17.2368,81.875,38,1,95.6,97.9815,8.8,6.4,13.0617,15.9264,215.908
England,221,237.176,7.17647,0.289593,230.633,7.45701,0.384615,19,KP Pietersen,0,0,0,0,195.204,0,22.1328,0,6.4,15.7328,9,4,5,9,183,160,10,1,1,3.69892,0.236559,33.4946,82.2117,93,4,96,99.2039,9.2,6.4,13.3018,15.7328,217.337
England,221,237.176,7.17647,0.289593,230.633,7.45701,0.384615,19,RS Bopara,0,0,0,0,195.204,0,22.1328,0,6.4,15.7328,9,4,5,9,183,160,10,1,1,2.22115,0.144231,25.1538,75.9361,104,4,96,99.2039,9.2,6.4,13.3018,15.7328,217.337
Australia,228,239.627,7.69737,0.372807,232.079,7.23246,0.337719,20,AC Gilchrist,0,0,0,0,181.734,0,21.8555,0,7.2,14.6555,20,12,8,20,149,149,0,0,1,4.3,0.275,31.425,96.1009,40,0,84.8,96.9343,5.6,7.2,12.5291,14.6555,203.59
Australia,228,239.627,7.69737,0.372807,232.079,7.23246,0.337719,20,ML Hayden,0,0,0,0,186.135,0,21.5224,0,7.2,14.3224,20,12,8,20,149,149,0,0,1,6.37838,0.378378,50.6757,83.3333,37,4,88,98.1354,5.6,7.2,12.7631,14.3224,207.658
South Africa,190,234.274,7.4,0.373684,232.363,7.33158,0.342105,21,GC Smith,0,0,0,0,200.287,0,38.2735,0,20.8,17.4735,32,22,10,32,239,242,1,1,1,3.97,0.29,33.57,79.6819,100,4,91.2,109.087,9.2,20.8,16.1002,17.4735,238.561
South Africa,190,234.274,7.4,0.373684,232.363,7.33158,0.342105,21,HH Gibbs,0,0,0,0,200.287,0,38.2735,0,20.8,17.4735,32,22,10,32,239,242,1,1,1,4.61538,0.307692,35.6923,83.4157,52,4,91.2,109.087,9.2,20.8,16.1002,17.4735,238.561
Pakistan,211,222.621,7.38389,0.393365,235.517,7.54976,0.336493,22,Imran Nazir,0,0,0,0,147.782,0,26.4638,0,8,18.4638,30,28,2,30,234,219,1,1,1,4.66667,0.133333,29,96.0265,15,0,44.4,103.382,12.4,8,15.8385,18.4638,174.246
Pakistan,211,222.621,7.38389,0.393365,235.517,7.54976,0.336493,22,Kamran Akmal,0,0,0,0,148.558,0,28.3163,0,10,18.3163,30,28,2,30,234,219,1,1,1,3.01124,0.11236,23.0787,81.4433,89,4,44,104.558,11.6,10,16.224,18.3163,176.874
Pakistan,211,222.621,7.38389,0.393365,235.517,7.54976,0.336493,22,Younis Khan,0,0,0,0,148.558,0,28.3163,0,10,18.3163,30,28,2,30,234,219,1,1,1,2.64655,0.215517,28.5,73.2713,116,4,44,104.558,11.6,10,16.224,18.3163,176.874
South Africa,190,234.274,7.4,0.373684,232.363,7.33158,0.342105,23,GC Smith,0,0,0,0,174.701,0,27.8096,0,10.8,17.0096,17,8,9,17,248,251,2,0,1,3.97,0.29,33.57,79.6819,100,4,67.2,107.501,7.2,10.8,16.1819,17.0096,202.511
South Africa,190,234.274,7.4,0.373684,232.363,7.33158,0.342105,23,HH Gibbs,0,0,0,0,174.701,0,27.8096,0,10.8,17.0096,17,8,9,17,248,251,2,0,1,4.61538,0.307692,35.6923,83.4157,52,4,67.2,107.501,7.2,10.8,16.1819,17.0096,202.511
West Indies,176,217.33,7.15909,0.3125,225.278,7.57386,0.380682,24,XM Marshall,0,0,0,0,172.395,0,26.0967,0,8.4,17.6967,12,4,8,12,274,189,1,1,1,1.5,0,10.5,58.3333,8,3,69.6,102.795,2.4,8.4,15.3586,17.6967,198.491
West Indies,176,217.33,7.15909,0.3125,225.278,7.57386,0.380682,24,CH Gayle,0,0,0,0,171.847,0,25.2416,0,7.6,17.6416,12,4,8,12,274,189,1,1,1,4.58621,0.206897,31.1293,89.4255,116,4,68.8,103.047,2.4,7.6,15.4435,17.6416,197.089
West Indies,176,217.33,7.15909,0.3125,225.278,7.57386,0.380682,24,RR Sarwan,0,0,0,0,171.847,0,25.2416,0,7.6,17.6416,12,4,8,12,274,189,1,1,1,2.8254,0.222222,29.1429,69.1005,63,4,68.8,103.047,2.4,7.6,15.4435,17.6416,197.089
Bangladesh,160,218.438,7.70625,0.4,211.106,7.05,0.325,27,Tamim Iqbal,0,0,0,0,192.886,0,38.3577,0,24,14.3577,18,12,6,18,255,74,1,0,1,4.05344,0.274809,31.8015,76.8068,131,4,94.8,98.086,10.8,24,15.3745,14.3577,231.244
Bangladesh,160,218.438,7.70625,0.4,211.106,7.05,0.325,27,Mehrab Hossain jnr,0,0,0,0,192.633,0,38.4129,0,24,14.4129,18,12,6,18,255,74,1,0,1,1.7,0.1,18.3,42.4594,10,3,94.8,97.8331,10.8,24,15.2896,14.4129,231.046
Bangladesh,160,218.438,7.70625,0.4,211.106,7.05,0.325,27,Mohammad Ashraful,0,0,0,0,194.31,0,38.4508,0,24,14.4508,18,12,6,18,255,74,1,0,1,2.17722,0.113924,19.4557,63.9085,79,1,96.8,97.5097,10.8,24,15.0515,14.4508,232.761
Pakistan,211,222.621,7.38389,0.393365,235.517,7.54976,0.336493,28,Salman Butt,0,0,0,0,155.678,0,23.6464,0,6.4,17.2464,22,12,10,22,211,212,2,1,1,5.4359,0.384615,42.3846,78.8645,39,4,53.6,102.078,10.8,6.4,15.096,17.2464,179.324
Pakistan,211,222.621,7.38389,0.393365,235.517,7.54976,0.336493,28,Kamran Akmal,0,0,0,0,155.678,0,23.6464,0,6.4,17.2464,22,12,10,22,211,212,2,1,1,3.01124,0.11236,23.0787,81.4433,89,4,53.6,102.078,10.8,6.4,15.096,17.2464,179.324
Australia,228,239.627,7.69737,0.372807,232.079,7.23246,0.337719,29,SR Watson,0,0,0,0,212.237,0,29.8929,0,11.6,18.2929,24,16,8,24,300,302,0,0,1,4.71318,0.286822,37.7907,90.0943,129,4,94.4,117.837,11.2,11.6,17.0824,18.2929,242.13
Australia,228,239.627,7.69737,0.372807,232.079,7.23246,0.337719,29,TD Paine,0,0,0,0,212.237,0,29.8929,0,11.6,18.2929,24,16,8,24,300,302,0,0,1,3.3913,0.217391,27.6522,65.7704,23,4,94.4,117.837,11.2,11.6,17.0824,18.2929,242.13
South Africa,190,234.274,7.4,0.373684,232.363,7.33158,0.342105,30,HH Gibbs,0,0,0,0,176.322,0,27.8169,0,10.8,17.0169,14,0,14,14,250,244,0,0,1,4.61538,0.307692,35.6923,83.4157,52,4,68.4,107.922,6.4,10.8,16.2336,17.0169,204.139
South Africa,190,234.274,7.4,0.373684,232.363,7.33158,0.342105,30,HM Amla,0,0,0,0,176.322,0,27.8169,0,10.8,17.0169,14,0,14,14,250,244,0,0,1,5.20168,0.403361,48.7899,86.9292,119,4,68.4,107.922,6.4,10.8,16.2336,17.0169,204.139
West Indies,176,217.33,7.15909,0.3125,225.278,7.57386,0.380682,31,CH Gayle,0,0,0,0,157.903,0,17.5633,0,4.4,13.1633,38,30,8,38,118,117,9,1,1,4.58621,0.206897,31.1293,89.4255,116,4,74,83.9031,5.2,4.4,10.8852,13.1633,175.466
West Indies,176,217.33,7.15909,0.3125,225.278,7.57386,0.380682,31,LMP Simmons,0,0,0,0,157.903,0,17.5633,0,4.4,13.1633,38,30,8,38,118,117,9,1,1,3.3125,0.28125,30.5938,71.4338,64,4,74,83.9031,5.2,4.4,10.8852,13.1633,175.466
New Zealand,184,233.745,7.39674,0.36413,227.951,7.30435,0.353261,32,JD Ryder,0,0,0,0,220.752,0,32.8195,0,15.2,17.6195,8,4,4,8,274,162,1,1,1,4.88571,0.257143,34.4,97.2536,35,0,109.6,111.152,5.2,15.2,15.9332,17.6195,253.571
New Zealand,184,233.745,7.39674,0.36413,227.951,7.30435,0.353261,32,BB McCullum,0,0,0,0,220.752,0,32.8195,0,15.2,17.6195,8,4,4,8,274,162,1,1,1,3.98611,0.201389,29.9028,98.4004,144,0,109.6,111.152,5.2,15.2,15.9332,17.6195,253.571
New Zealand,184,233.745,7.39674,0.36413,227.951,7.30435,0.353261,32,MJ Guptill,0,0,0,0,182.997,0,26.4433,0,8,18.4433,8,4,4,8,274,162,1,1,1,4.8087,0.313043,38.1217,82.7482,115,4,69.2,113.797,3.2,8,17.2976,18.4433,209.441
Zimbabwe,142,212.077,7.5,0.380282,227.704,6.97887,0.316901,33,H Masakadza,0,0,0,0,176.171,0,21.1016,0,8.4,12.7016,14,0,14,14,153,133,11,1,1,3.11215,0.186916,26.972,70.0485,107,4,89.6,86.5707,3.6,8.4,12.4415,12.7016,197.272
Zimbabwe,142,212.077,7.5,0.380282,227.704,6.97887,0.316901,33,V Sibanda,0,0,0,0,173.837,0,20.4918,0,7.6,12.8918,14,0,14,14,153,133,11,1,1,2.9697,0.181818,23.5152,63.5545,66,1,88,85.8365,2.8,7.6,12.1866,12.8918,194.328
Zimbabwe,142,212.077,7.5,0.380282,227.704,6.97887,0.316901,33,T Taibu,0,0,0,0,176.171,0,21.1016,0,8.4,12.7016,14,0,14,14,153,133,11,1,1,2.36364,0.254545,29.4,71.0145,55,4,89.6,86.5707,3.6,8.4,12.4415,12.7016,197.272
England,221,237.176,7.17647,0.289593,230.633,7.45701,0.384615,35,AJ Strauss,0,0,0,0,234.92,0,34.3956,0,15.6,18.7956,40,30,10,40,355,242,1,0,1,3.93243,0.27027,33.9054,79.8028,74,4,115.6,119.32,7.6,15.6,17.2116,18.7956,269.315
England,221,237.176,7.17647,0.289593,230.633,7.45701,0.384615,35,LJ Wright,0,0,0,0,234.161,0,34.5611,0,15.6,18.9611,40,30,10,40,355,242,1,0,1,1.92105,0.0263158,17.2368,81.875,38,1,115.6,118.561,7.6,15.6,16.9567,18.9611,268.722
West Indies,176,217.33,7.15909,0.3125,225.278,7.57386,0.380682,36,DM Richards,0,0,0,0,179.086,0,30.7881,0,14,16.7881,11,4,7,11,247,194,1,1,1,3.42857,0.285714,25.5714,68.8462,7,4,78.4,100.686,11.6,14,14.7861,16.7881,209.874
West Indies,176,217.33,7.15909,0.3125,225.278,7.57386,0.380682,36,ADS Fletcher,0,0,0,0,179.515,0,31.7412,0,14.8,16.9412,11,4,7,11,247,194,1,1,1,1.8125,0.125,13.5,62.6087,16,1,79.6,99.9146,12,14.8,14.5312,16.9412,211.256
West Indies,176,217.33,7.15909,0.3125,225.278,7.57386,0.380682,36,DS Smith,0,0,0,0,179.086,0,30.7881,0,14,16.7881,11,4,7,11,247,194,1,1,1,2.61765,0.147059,23.5588,71.2,34,4,78.4,100.686,11.6,14,14.7861,16.7881,209.874
West Indies,176,217.33,7.15909,0.3125,225.278,7.57386,0.380682,36,FL Reifer,0,0,0,0,178.354,0,31.6862,0,14.8,16.8862,11,4,7,11,247,194,1,1,1,1.16667,0,14.3333,45.2632,6,3,78,100.354,12,14.8,14.7532,16.8862,210.04
India,259,242.378,7.15058,0.339768,244.568,7.12741,0.30888,37,KD Karthik,0,0,0,0,172.554,0,20.6662,0,6.4,14.2662,15,0,15,15,156,156,1,0,1,2.46429,0.107143,21.6786,71.8769,56,1,79.2,93.3544,11.6,6.4,13.1093,14.2662,193.221
India,259,242.378,7.15058,0.339768,244.568,7.12741,0.30888,37,SR Tendulkar,0,0,0,0,173.313,0,20.5007,0,6.4,14.1007,15,0,15,15,156,156,1,0,1,5.89773,0.363636,45.6023,84.5376,88,4,79.2,94.1132,11.6,6.4,13.3642,14.1007,193.814
India,259,242.378,7.15058,0.339768,244.568,7.12741,0.30888,37,R Dravid,0,0,0,0,173.313,0,20.5007,0,6.4,14.1007,15,0,15,15,156,156,1,0,1,2.83721,0.255814,29.8605,72.7067,43,4,79.2,94.1132,11.6,6.4,13.3642,14.1007,193.814
Australia,228,239.627,7.69737,0.372807,232.079,7.23246,0.337719,38,SE Marsh,0,0,0,0,177.582,0,24.2275,0,6.4,17.8275,20,8,12,20,213,213,1,1,1,3.66667,0.291667,35.5417,74.7918,48,4,69.2,108.382,10,6.4,15.7835,17.8275,201.81
Australia,228,239.627,7.69737,0.372807,232.079,7.23246,0.337719,38,BJ Haddin,0,0,0,0,177.582,0,24.2275,0,6.4,17.8275,20,8,12,20,213,213,1,1,1,3.14737,0.147368,26.7789,81.382,95,4,69.2,108.382,10,6.4,15.7835,17.8275,201.81
England,221,237.176,7.17647,0.289593,230.633,7.45701,0.384615,39,AJ Strauss,0,0,0,0,161.948,0,23.7328,0,7.2,16.5328,14,8,6,14,213,213,1,0,1,3.93243,0.27027,33.9054,79.8028,74,4,60,101.948,7.2,7.2,14.7741,16.5328,185.681
England,221,237.176,7.17647,0.289593,230.633,7.45701,0.384615,39,JL Denly,0,0,0,0,161.948,0,23.7328,0,7.2,16.5328,14,8,6,14,213,213,1,0,1,3.55556,0.222222,29.3333,63.1579,9,4,60,101.948,7.2,7.2,14.7741,16.5328,185.681
England,221,237.176,7.17647,0.289593,230.633,7.45701,0.384615,39,OA Shah,0,0,0,0,161.948,0,23.7328,0,7.2,16.5328,14,8,6,14,213,213,1,0,1,3.13043,0.23913,32.6739,81.1994,46,4,60,101.948,7.2,7.2,14.7741,16.5328,185.681
Australia,228,239.627,7.69737,0.372807,232.079,7.23246,0.337719,40,SR Watson,0,0,0,0,196.053,0,25.2974,0,9.6,15.6974,8,4,4,8,201,206,3,0,1,4.71318,0.286822,37.7907,90.0943,129,4,92.4,103.653,14.8,9.6,14.377,15.6974,221.351
Australia,228,239.627,7.69737,0.372807,232.079,7.23246,0.337719,40,TD Paine,0,0,0,0,196.053,0,25.2974,0,9.6,15.6974,8,4,4,8,201,206,3,0,1,3.3913,0.217391,27.6522,65.7704,23,4,92.4,103.653,14.8,9.6,14.377,15.6974,221.351
Australia,228,239.627,7.69737,0.372807,232.079,7.23246,0.337719,40,RT Ponting,0,0,0,0,196.053,0,25.2974,0,9.6,15.6974,8,4,4,8,201,206,3,0,1,4.17431,0.33945,38.1009,80.8606,109,4,92.4,103.653,14.8,9.6,14.377,15.6974,221.351
Australia,228,239.627,7.69737,0.372807,232.079,7.23246,0.337719,40,CL White,0,0,0,0,196.053,0,25.2974,0,9.6,15.6974,8,4,4,8,201,206,3,0,1,2.66176,0.191176,28.8235,80.1308,68,4,92.4,103.653,14.8,9.6,14.377,15.6974,221.351
Bangladesh,160,218.438,7.70625,0.4,211.106,7.05,0.325,41,Tamim Iqbal,0,0,0,0,139.736,0,12.5421,0,2.4,10.1421,23,16,7,23,45,49,3,1,1,4.05344,0.274809,31.8015,76.8068,131,4,67.6,72.1363,5.6,2.4,10.1504,10.1421,152.278
Bangladesh,160,218.438,7.70625,0.4,211.106,7.05,0.325,41,Junaid Siddique,0,0,0,0,138.977,0,12.7076,0,2.4,10.3076,23,16,7,23,45,49,3,1,1,2.16279,0.116279,20.0233,68.225,43,1,67.6,71.3775,5.6,2.4,9.89553,10.3076,151.685
Ireland,55,219.527,7.65455,0.290909,202.727,7.56364,0.4,42,WTS Porterfield,0,0,0,0,150.454,0,26.1399,0,9.2,16.9399,40,28,12,40,232,192,6,1,1,2.6,0.142857,24.6857,56.2866,35,3,55.2,95.2538,8,9.2,14.0169,16.9399,176.594
Ireland,55,219.527,7.65455,0.290909,202.727,7.56364,0.4,42,PR Stirling,0,0,0,0,152.731,0,26.2047,0,9.2,17.0047,40,28,12,40,232,192,6,1,1,3.47826,0.173913,24.2174,88.1329,23,0,58,94.7307,8,9.2,13.6672,17.0047,178.935
England,221,237.176,7.17647,0.289593,230.633,7.45701,0.384615,43,AN Cook,0,0,0,0,171.301,0,26.1536,0,8.4,17.7536,24,16,8,24,261,261,0,0,1,4.17045,0.272727,35.75,75.5524,88,4,62.8,108.501,9.2,8.4,16.1063,17.7536,197.455
England,221,237.176,7.17647,0.289593,230.633,7.45701,0.384615,43,C Kieswetter,0,0,0,0,171.301,0,26.1536,0,8.4,17.7536,24,16,8,24,261,261,0,0,1,3.43243,0.135135,26.4324,88.0288,37,4,62.8,108.501,9.2,8.4,16.1063,17.7536,197.455
England,221,237.176,7.17647,0.289593,230.633,7.45701,0.384615,43,KP Pietersen,0,0,0,0,171.301,0,26.1536,0,8.4,17.7536,24,16,8,24,261,261,0,0,1,3.69892,0.236559,33.4946,82.2117,93,4,62.8,108.501,9.2,8.4,16.1063,17.7536,197.455
Zimbabwe,142,212.077,7.5,0.380282,227.704,6.97887,0.316901,44,MA Vermeulen,0,0,0,0,193.67,0,31.6957,0,16,15.6957,11,0,11,11,296,250,0,0,1,1.85714,0.142857,20.2857,68.2692,7,1,90,103.67,7.2,16,15.9042,15.6957,225.366
Zimbabwe,142,212.077,7.5,0.380282,227.704,6.97887,0.316901,44,CJ Chibhabha,0,0,0,0,193.67,0,31.6957,0,16,15.6957,11,0,11,11,296,250,0,0,1,2.56716,0.149254,23.5373,64.7373,67,1,90,103.67,7.2,16,15.9042,15.6957,225.366
Ireland,55,219.527,7.65455,0.290909,202.727,7.56364,0.4,46,WTS Porterfield,0,0,0,0,159.664,0,19.6986,0,1.6,18.0986,22,18,4,22,328,329,4,0,1,2.6,0.142857,24.6857,56.2866,35,3,54.4,105.264,5.2,1.6,15.7754,18.0986,179.363
Ireland,55,219.527,7.65455,0.290909,202.727,7.56364,0.4,46,EC Joyce,0,0,0,0,159.917,0,19.6435,0,1.6,18.0435,22,18,4,22,328,329,4,0,1,3.08571,0.2,28.3429,68.6505,35,4,54.4,105.517,5.2,1.6,15.8604,18.0435,179.56
Ireland,55,219.527,7.65455,0.290909,202.727,7.56364,0.4,46,PR Stirling,0,0,0,0,158.62,0,19.8736,0,1.6,18.2736,22,18,4,22,328,329,4,0,1,3.47826,0.173913,24.2174,88.1329,23,0,54,104.62,5.2,1.6,15.5294,18.2736,178.494
Zimbabwe,142,212.077,7.5,0.380282,227.704,6.97887,0.316901,47,BRM Taylor,0,0,0,0,193.525,0,37.5083,0,20.8,16.7083,27,12,15,27,328,188,9,0,1,3.3,0.26,33.56,76.3421,100,4,86.4,107.125,4.4,20.8,17.2332,16.7083,231.033
Zimbabwe,142,212.077,7.5,0.380282,227.704,6.97887,0.316901,47,RW Chakabva,0,0,0,0,193.272,0,37.5634,0,20.8,16.7634,27,12,15,27,328,188,9,0,1,0.846154,0,13.2692,51.3393,26,3,86.4,106.872,4.4,20.8,17.1483,16.7634,230.835
West Indies,176,217.33,7.15909,0.3125,225.278,7.57386,0.380682,48,DS Smith,0,0,0,0,169.575,0,29.7525,0,14,15.7525,45,34,11,45,244,225,5,0,1,2.61765,0.147059,23.5588,71.2,34,4,72.4,97.1747,11.2,14,14.2948,15.7525,199.327
West Indies,176,217.33,7.15909,0.3125,225.278,7.57386,0.380682,48,CH Gayle,0,0,0,0,169.575,0,29.7525,0,14,15.7525,45,34,11,45,244,225,5,0,1,4.58621,0.206897,31.1293,89.4255,116,4,72.4,97.1747,11.2,14,14.2948,15.7525,199.327
Sri Lanka,244,223.373,7.09016,0.344262,227.578,7.47541,0.385246,49,WU Tharanga,0,0,0,0,145.442,0,25.19,0,7.6,17.59,20,10,10,20,230,231,2,1,1,3.93985,0.263158,32.9699,71.6035,133,4,41.2,104.242,1.6,7.6,16.5639,17.59,170.632
Sri Lanka,244,223.373,7.09016,0.344262,227.578,7.47541,0.385246,49,TM Dilshan,0,0,0,0,145.442,0,25.19,0,7.6,17.59,20,10,10,20,230,231,2,1,1,4.60199,0.273632,38.3632,86.0219,201,4,41.2,104.242,1.6,7.6,16.5639,17.59,170.632
Sri Lanka,244,223.373,7.09016,0.344262,227.578,7.47541,0.385246,50,WU Tharanga,0,0,0,0,183.205,0,29.7983,0,14,15.7983,28,20,8,28,246,249,1,0,1,3.93985,0.263158,32.9699,71.6035,133,4,78.8,104.405,9.2,14,15.7009,15.7983,213.003
Sri Lanka,244,223.373,7.09016,0.344262,227.578,7.47541,0.385246,50,KC Sangakkara,0,0,0,0,183.205,0,29.7983,0,14,15.7983,28,20,8,28,246,249,1,0,1,4.33659,0.360976,41.9854,80.6276,205,4,78.8,104.405,9.2,14,15.7009,15.7983,213.003
Sri Lanka,244,223.373,7.09016,0.344262,227.578,7.47541,0.385246,50,TM Dilshan,0,0,0,0,183.205,0,29.7983,0,14,15.7983,28,20,8,28,246,249,1,0,1,4.60199,0.273632,38.3632,86.0219,201,4,78.8,104.405,9.2,14,15.7009,15.7983,213.003
South Africa,190,234.274,7.4,0.373684,232.363,7.33158,0.342105,51,HM Amla,0,0,0,0,175.528,0,27.523,0,10.4,17.123,11,4,7,11,253,255,3,0,1,5.20168,0.403361,48.7899,86.9292,119,4,67.2,108.328,6.4,10.4,16.316,17.123,203.051
South Africa,190,234.274,7.4,0.373684,232.363,7.33158,0.342105,51,GC Smith,0,0,0,0,175.528,0,27.523,0,10.4,17.123,11,4,7,11,253,255,3,0,1,3.97,0.29,33.57,79.6819,100,4,67.2,108.328,6.4,10.4,16.316,17.123,203.051
Australia,228,239.627,7.69737,0.372807,232.079,7.23246,0.337719,52,SR Watson,0,0,0,0,213.434,0,31.1107,0,11.6,19.5107,26,16,10,26,300,278,2,1,1,4.71318,0.286822,37.7907,90.0943,129,4,92.8,120.634,11.2,11.6,17.6756,19.5107,244.544
Australia,228,239.627,7.69737,0.372807,232.079,7.23246,0.337719,52,BJ Haddin,0,0,0,0,213.434,0,31.1107,0,11.6,19.5107,26,16,10,26,300,278,2,1,1,3.14737,0.147368,26.7789,81.382,95,4,92.8,120.634,11.2,11.6,17.6756,19.5107,244.544
Sri Lanka,244,223.373,7.09016,0.344262,227.578,7.47541,0.385246,53,WU Tharanga,0,0,0,0,161.224,0,16.6651,0,4.4,12.2651,32,24,8,32,119,119,5,0,1,3.93985,0.263158,32.9699,71.6035,133,4,74,87.2239,5.2,4.4,11.9532,12.2651,177.889
Sri Lanka,244,223.373,7.09016,0.344262,227.578,7.47541,0.385246,53,TM Dilshan,0,0,0,0,161.224,0,16.6651,0,4.4,12.2651,32,24,8,32,119,119,5,0,1,4.60199,0.273632,38.3632,86.0219,201,4,74,87.2239,5.2,4.4,11.9532,12.2651,177.889
Sri Lanka,244,223.373,7.09016,0.344262,227.578,7.47541,0.385246,54,WU Tharanga,0,0,0,0,185.2,0,26.5756,0,10.8,15.7756,28,22,6,28,210,211,5,1,1,3.93985,0.263158,32.9699,71.6035,133,4,84.4,100.8,16,10.8,15.1723,15.7756,211.775
Sri Lanka,244,223.373,7.09016,0.344262,227.578,7.47541,0.385246,54,TM Dilshan,0,0,0,0,185.2,0,26.5756,0,10.8,15.7756,28,22,6,28,210,211,5,1,1,4.60199,0.273632,38.3632,86.0219,201,4,84.4,100.8,16,10.8,15.1723,15.7756,211.775
Pakistan,211,222.621,7.38389,0.393365,235.517,7.54976,0.336493,55,Imran Farhat,0,0,0,0,142.327,0,25.4497,0,8.4,17.0497,9,0,9,9,229,226,2,0,1,3.03333,0.266667,27.0333,62.9658,30,4,41.6,100.727,5.6,8.4,15.3811,17.0497,167.777
Pakistan,211,222.621,7.38389,0.393365,235.517,7.54976,0.336493,55,Mohammad Hafeez,0,0,0,0,142.327,0,25.4497,0,8.4,17.0497,9,0,9,9,229,226,2,0,1,4.04511,0.255639,34.3534,78.0625,133,4,41.6,100.727,5.6,8.4,15.3811,17.0497,167.777
India,259,242.378,7.15058,0.339768,244.568,7.12741,0.30888,56,PA Patel,0,0,0,0,202.908,0,36.1032,0,19.6,16.5032,23,12,11,23,251,234,1,0,1,2.65217,0.130435,22.1304,79.4072,23,4,95.6,107.308,11.6,19.6,15.8478,16.5032,239.011
India,259,242.378,7.15058,0.339768,244.568,7.12741,0.30888,56,RG Sharma,0,0,0,0,202.908,0,36.1032,0,19.6,16.5032,23,12,11,23,251,234,1,0,1,3.82836,0.268657,35.9179,83.083,134,4,95.6,107.308,11.6,19.6,15.8478,16.5032,239.011
India,259,242.378,7.15058,0.339768,244.568,7.12741,0.30888,56,V Kohli,0,0,0,0,202.908,0,36.1032,0,19.6,16.5032,23,12,11,23,251,234,1,0,1,4.66456,0.379747,44.9937,88.3325,158,4,95.6,107.308,11.6,19.6,15.8478,16.5032,239.011
India,259,242.378,7.15058,0.339768,244.568,7.12741,0.30888,57,G Gambhir,0,0,0,0,169.039,0,18.2127,0,4.4,13.8127,14,4,10,14,104,107,5,1,1,3.99145,0.333333,37.4701,84.1944,117,4,77.2,91.8387,5.2,4.4,12.243,13.8127,187.251
India,259,242.378,7.15058,0.339768,244.568,7.12741,0.30888,57,V Kohli,0,0,0,0,169.039,0,18.2127,0,4.4,13.8127,14,4,10,14,104,107,5,1,1,4.66456,0.379747,44.9937,88.3325,158,4,77.2,91.8387,5.2,4.4,12.243,13.8127,187.251
India,259,242.378,7.15058,0.339768,244.568,7.12741,0.30888,57,PA Patel,0,0,0,0,169.039,0,18.2127,0,4.4,13.8127,14,4,10,14,104,107,5,1,1,2.65217,0.130435,22.1304,79.4072,23,4,77.2,91.8387,5.2,4.4,12.243,13.8127,187.251
India,259,242.378,7.15058,0.339768,244.568,7.12741,0.30888,57,Yuvraj Singh,0,0,0,0,169.039,0,18.2127,0,4.4,13.8127,14,4,10,14,104,107,5,1,1,4.05833,0.258333,32.525,83.8093,120,4,77.2,91.8387,5.2,4.4,12.243,13.8127,187.251
Sri Lanka,244,223.373,7.09016,0.344262,227.578,7.47541,0.385246,58,FDM Karunaratne,0,0,0,0,197.174,0,33.0789,0,16.8,16.2789,22,8,14,22,269,252,0,0,1,0.8,0,10.7,64.8485,10,1,92.4,104.774,7.2,16.8,15.6742,16.2789,230.253
Sri Lanka,244,223.373,7.09016,0.344262,227.578,7.47541,0.385246,58,TM Dilshan,0,0,0,0,177.166,0,31.9435,0,15.2,16.7435,22,8,14,22,269,252,0,0,1,4.60199,0.273632,38.3632,86.0219,201,4,70.4,106.766,2.8,15.2,16.4399,16.7435,209.109
Sri Lanka,244,223.373,7.09016,0.344262,227.578,7.47541,0.385246,58,KC Sangakkara,0,0,0,0,177.166,0,31.9435,0,15.2,16.7435,22,8,14,22,269,252,0,0,1,4.33659,0.360976,41.9854,80.6276,205,4,70.4,106.766,2.8,15.2,16.4399,16.7435,209.109
Sri Lanka,244,223.373,7.09016,0.344262,227.578,7.47541,0.385246,58,DPMD Jayawardene,0,0,0,0,177.166,0,31.9435,0,15.2,16.7435,22,8,14,22,269,252,0,0,1,3.20833,0.244792,31.6979,79.1109,192,4,70.4,106.766,2.8,15.2,16.4399,16.7435,209.109
Bangladesh,160,218.438,7.70625,0.4,211.106,7.05,0.325,59,Tamim Iqbal,0,0,0,0,158.712,0,24.8862,0,10,14.8862,20,8,12,20,210,200,1,1,1,4.05344,0.274809,31.8015,76.8068,131,4,64.4,94.3117,8.8,10,15.1554,14.8862,183.598
Bangladesh,160,218.438,7.70625,0.4,211.106,7.05,0.325,59,Imrul Kayes,0,0,0,0,158.712,0,24.8862,0,10,14.8862,20,8,12,20,210,200,1,1,1,3,0.207547,26.2642,63.6488,53,4,64.4,94.3117,8.8,10,15.1554,14.8862,183.598
India,259,242.378,7.15058,0.339768,244.568,7.12741,0.30888,60,PA Patel,0,0,0,0,212.671,0,40.8417,0,24.8,16.0417,19,8,11,19,241,183,2,0,1,2.65217,0.130435,22.1304,79.4072,23,4,106.8,105.871,11.6,24.8,15.3792,16.0417,253.513
India,259,242.378,7.15058,0.339768,244.568,7.12741,0.30888,60,S Dhawan,0,0,0,0,212.671,0,40.8417,0,24.8,16.0417,19,8,11,19,241,183,2,0,1,5.65217,0.362319,43.2174,88.9088,69,4,106.8,105.871,11.6,24.8,15.3792,16.0417,253.513
India,259,242.378,7.15058,0.339768,244.568,7.12741,0.30888,60,V Kohli,0,0,0,0,212.671,0,40.8417,0,24.8,16.0417,19,8,11,19,241,183,2,0,1,4.66456,0.379747,44.9937,88.3325,158,4,106.8,105.871,11.6,24.8,15.3792,16.0417,253.513
Australia,228,239.627,7.69737,0.372807,232.079,7.23246,0.337719,61,SR Watson,0,0,0,0,183.665,0,30.5132,0,13.6,16.9132,25,16,9,25,223,227,2,0,1,4.71318,0.286822,37.7907,90.0943,129,4,75.6,108.065,6.8,13.6,15.4759,16.9132,214.178
Australia,228,239.627,7.69737,0.372807,232.079,7.23246,0.337719,61,DA Warner,0,0,0,0,183.665,0,30.5132,0,13.6,16.9132,25,16,9,25,223,227,2,0,1,4.20312,0.265625,35.2031,87.7336,64,4,75.6,108.065,6.8,13.6,15.4759,16.9132,214.178
Sri Lanka,244,223.373,7.09016,0.344262,227.578,7.47541,0.385246,62,WU Tharanga,0,0,0,0,200.603,0,23.6462,0,8.4,15.2462,28,16,12,28,212,213,5,1,1,3.93985,0.263158,32.9699,71.6035,133,4,99.2,101.403,15.2,8.4,14.6637,15.2462,224.25
Sri Lanka,244,223.373,7.09016,0.344262,227.578,7.47541,0.385246,62,KC Sangakkara,0,0,0,0,200.603,0,23.6462,0,8.4,15.2462,28,16,12,28,212,213,5,1,1,4.33659,0.360976,41.9854,80.6276,205,4,99.2,101.403,15.2,8.4,14.6637,15.2462,224.25
Sri Lanka,244,223.373,7.09016,0.344262,227.578,7.47541,0.385246,62,DPMD Jayawardene,0,0,0,0,200.603,0,23.6462,0,8.4,15.2462,28,16,12,28,212,213,5,1,1,3.20833,0.244792,31.6979,79.1109,192,4,99.2,101.403,15.2,8.4,14.6637,15.2462,224.25
Sri Lanka,244,223.373,7.09016,0.344262,227.578,7.47541,0.385246,62,TM Dilshan,0,0,0,0,200.603,0,23.6462,0,8.4,15.2462,28,16,12,28,212,213,5,1,1,4.60199,0.273632,38.3632,86.0219,201,4,99.2,101.403,15.2,8.4,14.6637,15.2462,224.25
India,259,242.378,7.15058,0.339768,244.568,7.12741,0.30888,63,V Sehwag,0,0,0,0,220.518,0,30.8101,0,14.8,16.0101,8,4,4,8,253,165,10,0,1,5.88636,0.238636,38.8295,108.649,88,0,114,106.518,12.4,14.8,14.8813,16.0101,251.328
India,259,242.378,7.15058,0.339768,244.568,7.12741,0.30888,63,SR Tendulkar,0,0,0,0,220.799,0,30.6137,0,14.8,15.8137,8,4,4,8,253,165,10,0,1,5.89773,0.363636,45.6023,84.5376,88,4,113.2,107.599,12.4,14.8,15.244,15.8137,251.413
India,259,242.378,7.15058,0.339768,244.568,7.12741,0.30888,63,G Gambhir,0,0,0,0,220.799,0,30.6137,0,14.8,15.8137,8,4,4,8,253,165,10,0,1,3.99145,0.333333,37.4701,84.1944,117,4,113.2,107.599,12.4,14.8,15.244,15.8137,251.413
South Africa,190,234.274,7.4,0.373684,232.363,7.33158,0.342105,64,HM Amla,0,0,0,0,173.248,0,25.2704,0,8.8,16.4704,35,32,3,35,231,231,1,0,1,5.20168,0.403361,48.7899,86.9292,119,4,68.4,104.848,12,8.8,15.824,16.4704,198.518
South Africa,190,234.274,7.4,0.373684,232.363,7.33158,0.342105,64,JH Kallis,0,0,0,0,173.248,0,25.2704,0,8.8,16.4704,35,32,3,35,231,231,1,0,1,3.58621,0.356322,37.2644,76.4442,87,4,68.4,104.848,12,8.8,15.824,16.4704,198.518
South Africa,190,234.274,7.4,0.373684,232.363,7.33158,0.342105,64,F du Plessis,0,0,0,0,173.248,0,25.2704,0,8.8,16.4704,35,32,3,35,231,231,1,0,1,3.45122,0.292683,34.9268,83.135,82,4,68.4,104.848,12,8.8,15.824,16.4704,198.518
Bangladesh,160,218.438,7.70625,0.4,211.106,7.05,0.325,65,Tamim Iqbal,0,0,0,0,173.503,0,20.3581,0,7.6,12.7581,47,36,11,47,200,203,3,0,1,4.05344,0.274809,31.8015,76.8068,131,4,83.2,90.303,16.4,7.6,13.8708,12.7581,193.861
Bangladesh,160,218.438,7.70625,0.4,211.106,7.05,0.325,65,Imrul Kayes,0,0,0,0,173.503,0,20.3581,0,7.6,12.7581,47,36,11,47,200,203,3,0,1,3,0.207547,26.2642,63.6488,53,4,83.2,90.303,16.4,7.6,13.8708,12.7581,193.861
Bangladesh,160,218.438,7.70625,0.4,211.106,7.05,0.325,65,Junaid Siddique,0,0,0,0,158.388,0,18.1038,0,4.8,13.3038,47,36,11,47,200,203,3,0,1,2.16279,0.116279,20.0233,68.225,43,1,69.2,89.1877,14,4.8,13.9291,13.3038,176.492
Pakistan,211,222.621,7.38389,0.393365,235.517,7.54976,0.336493,66,Mohammad Hafeez,0,0,0,0,150.799,0,18.0272,0,4.4,13.6272,21,12,9,21,132,132,9,0,1,4.04511,0.255639,34.3534,78.0625,133,4,61.6,89.1988,5.2,4.4,11.8862,13.6272,168.826
Pakistan,211,222.621,7.38389,0.393365,235.517,7.54976,0.336493,66,Imran Farhat,0,0,0,0,150.799,0,18.0272,0,4.4,13.6272,21,12,9,21,132,132,9,0,1,3.03333,0.266667,27.0333,62.9658,30,4,61.6,89.1988,5.2,4.4,11.8862,13.6272,168.826
Pakistan,211,222.621,7.38389,0.393365,235.517,7.54976,0.336493,66,Younis Khan,0,0,0,0,150.799,0,18.0272,0,4.4,13.6272,21,12,9,21,132,132,9,0,1,2.64655,0.215517,28.5,73.2713,116,4,61.6,89.1988,5.2,4.4,11.8862,13.6272,168.826
West Indies,176,217.33,7.15909,0.3125,225.278,7.57386,0.380682,67,LMP Simmons,0,0,0,0,152.808,0,17.6095,0,2.4,15.2095,13,6,7,13,221,221,5,0,1,3.3125,0.28125,30.5938,71.4338,64,4,58.4,94.4081,10.4,2.4,13.7507,15.2095,170.418
West Indies,176,217.33,7.15909,0.3125,225.278,7.57386,0.380682,67,DP Hyatt,0,0,0,0,152.555,0,17.6647,0,2.4,15.2647,13,6,7,13,221,221,5,0,1,1.55556,0,12.4444,59.2593,9,3,58.4,94.1552,10.4,2.4,13.6657,15.2647,170.22
England,221,237.176,7.17647,0.289593,230.633,7.45701,0.384615,68,AN Cook,0,0,0,0,195.035,0,34.8891,0,17.6,17.2891,10,4,6,10,221,224,7,1,1,4.17045,0.272727,35.75,75.5524,88,4,88.8,106.235,9.6,17.6,15.0526,17.2891,229.924
England,221,237.176,7.17647,0.289593,230.633,7.45701,0.384615,68,IR Bell,0,0,0,0,195.035,0,34.8891,0,17.6,17.2891,10,4,6,10,221,224,7,1,1,3.63433,0.246269,35.3806,75.6623,134,4,88.8,106.235,9.6,17.6,15.0526,17.2891,229.924
England,221,237.176,7.17647,0.289593,230.633,7.45701,0.384615,68,IJL Trott,0,0,0,0,195.035,0,34.8891,0,17.6,17.2891,10,4,6,10,221,224,7,1,1,3.3871,0.403226,43.7903,75.2494,62,4,88.8,106.235,9.6,17.6,15.0526,17.2891,229.924
India,259,242.378,7.15058,0.339768,244.568,7.12741,0.30888,69,PA Patel,0,0,0,0,214.968,0,36.3087,0,18.4,17.9087,21,12,9,21,270,270,2,1,1,2.65217,0.130435,22.1304,79.4072,23,4,102.8,112.168,10.4,18.4,16.6659,17.9087,251.277
India,259,242.378,7.15058,0.339768,244.568,7.12741,0.30888,69,V Sehwag,0,0,0,0,215.09,0,39.3846,0,21.2,18.1846,21,12,9,21,270,270,2,1,1,5.88636,0.238636,38.8295,108.649,88,0,104,111.09,10.4,21.2,16.3781,18.1846,254.474
India,259,242.378,7.15058,0.339768,244.568,7.12741,0.30888,69,G Gambhir,0,0,0,0,214.968,0,36.3087,0,18.4,17.9087,21,12,9,21,270,270,2,1,1,3.99145,0.333333,37.4701,84.1944,117,4,102.8,112.168,10.4,18.4,16.6659,17.9087,251.277
Australia,228,239.627,7.69737,0.372807,232.079,7.23246,0.337719,70,SR Watson,0,0,0,0,209.908,0,29.8135,0,11.6,18.2135,33,24,9,33,295,252,4,0,1,4.71318,0.286822,37.7907,90.0943,129,4,92.8,117.108,10,11.6,16.9598,18.2135,239.722
Australia,228,239.627,7.69737,0.372807,232.079,7.23246,0.337719,70,DA Warner,0,0,0,0,209.908,0,29.8135,0,11.6,18.2135,33,24,9,33,295,252,4,0,1,4.20312,0.265625,35.2031,87.7336,64,4,92.8,117.108,10,11.6,16.9598,18.2135,239.722
Australia,228,239.627,7.69737,0.372807,232.079,7.23246,0.337719,70,PJ Forrest,0,0,0,0,209.908,0,29.8135,0,11.6,18.2135,33,24,9,33,295,252,4,0,1,2.71429,0.285714,26.2143,63.6049,14,4,92.8,117.108,10,11.6,16.9598,18.2135,239.722
New Zealand,184,233.745,7.39674,0.36413,227.951,7.30435,0.353261,71,RJ Nicol,0,0,0,0,173.153,0,22.7557,0,5.6,17.1557,34,24,10,34,265,240,8,0,1,3.3,0.2,29.25,73.4003,20,4,63.2,109.953,4.8,5.6,16.6699,17.1557,195.909
New Zealand,184,233.745,7.39674,0.36413,227.951,7.30435,0.353261,71,MJ Guptill,0,0,0,0,173.153,0,22.7557,0,5.6,17.1557,34,24,10,34,265,240,8,0,1,4.8087,0.313043,38.1217,82.7482,115,4,63.2,109.953,4.8,5.6,16.6699,17.1557,195.909
New Zealand,184,233.745,7.39674,0.36413,227.951,7.30435,0.353261,71,BB McCullum,0,0,0,0,174.067,0,22.5022,0,5.2,17.3022,34,24,10,34,265,240,8,0,1,3.98611,0.201389,29.9028,98.4004,144,0,65.2,108.867,7.2,5.2,16.3301,17.3022,196.57
Sri Lanka,244,223.373,7.09016,0.344262,227.578,7.47541,0.385246,72,WU Tharanga,0,0,0,0,197.916,0,37.8687,0,19.6,18.2687,23,8,15,23,295,274,12,1,1,3.93985,0.263158,32.9699,71.6035,133,4,84.8,113.116,5.6,19.6,17.4966,18.2687,235.785
Sri Lanka,244,223.373,7.09016,0.344262,227.578,7.47541,0.385246,72,TM Dilshan,0,0,0,0,197.916,0,37.8687,0,19.6,18.2687,23,8,15,23,295,274,12,1,1,4.60199,0.273632,38.3632,86.0219,201,4,84.8,113.116,5.6,19.6,17.4966,18.2687,235.785
Sri Lanka,244,223.373,7.09016,0.344262,227.578,7.47541,0.385246,72,HDRL Thirimanne,0,0,0,0,197.916,0,37.8687,0,19.6,18.2687,23,8,15,23,295,274,12,1,1,2.77778,0.246914,31.5802,71.4725,81,4,84.8,113.116,5.6,19.6,17.4966,18.2687,235.785
England,221,237.176,7.17647,0.289593,230.633,7.45701,0.384615,73,KP Pietersen,0,0,0,0,194.287,0,28.3459,0,8.4,19.9459,7,4,3,7,316,227,3,1,1,3.69892,0.236559,33.4946,82.2117,93,4,75.6,118.687,2.4,8.4,17.609,19.9459,222.633
England,221,237.176,7.17647,0.289593,230.633,7.45701,0.384615,73,MA Carberry,0,0,0,0,199.883,0,32.4363,0,12.4,20.0363,7,4,3,7,316,227,3,1,1,2.8,0.2,22.6,63.4831,5,1,82.4,117.483,4.8,12.4,17.3532,20.0363,232.32
England,221,237.176,7.17647,0.289593,230.633,7.45701,0.384615,73,IJL Trott,0,0,0,0,194.287,0,28.3459,0,8.4,19.9459,7,4,3,7,316,227,3,1,1,3.3871,0.403226,43.7903,75.2494,62,4,75.6,118.687,2.4,8.4,17.609,19.9459,222.633
England,221,237.176,7.17647,0.289593,230.633,7.45701,0.384615,73,JE Root,0,0,0,0,194.287,0,28.3459,0,8.4,19.9459,7,4,3,7,316,227,3,1,1,3.68852,0.327869,41.6721,83.3443,61,4,75.6,118.687,2.4,8.4,17.609,19.9459,222.633
Pakistan,211,222.621,7.38389,0.393365,235.517,7.54976,0.336493,74,Nasir Jamshed,0,0,0,0,160.619,0,19.1557,0,4,15.1557,19,14,5,19,192,192,0,0,1,3.63043,0.23913,30.2174,73.8184,46,4,64.4,96.2186,10.4,4,13.6116,15.1557,179.774
Pakistan,211,222.621,7.38389,0.393365,235.517,7.54976,0.336493,74,Mohammad Hafeez,0,0,0,0,160.619,0,19.1557,0,4,15.1557,19,14,5,19,192,192,0,0,1,4.04511,0.255639,34.3534,78.0625,133,4,64.4,96.2186,10.4,4,13.6116,15.1557,179.774
South Africa,190,234.274,7.4,0.373684,232.363,7.33158,0.342105,76,HM Amla,0,0,0,0,219.545,0,28.5178,0,10.4,18.1178,42,28,14,42,332,305,0,0,1,5.20168,0.403361,48.7899,86.9292,119,4,101.6,117.945,10,10.4,17.5464,18.1178,248.063
South Africa,190,234.274,7.4,0.373684,232.363,7.33158,0.342105,76,CA Ingram,0,0,0,0,219.545,0,28.5178,0,10.4,18.1178,42,28,14,42,332,305,0,0,1,3,0.178571,27.1786,81.3904,28,4,101.6,117.945,10,10.4,17.5464,18.1178,248.063
South Africa,190,234.274,7.4,0.373684,232.363,7.33158,0.342105,76,RJ Peterson,0,0,0,0,217.573,0,28.7235,0,10.4,18.3235,42,28,14,42,332,305,0,0,1,1.62069,0.0344828,15.7931,83.5766,29,1,100.4,117.173,10,10.4,17.3294,18.3235,246.296
South Africa,190,234.274,7.4,0.373684,232.363,7.33158,0.342105,76,AB de Villiers,0,0,0,0,219.545,0,28.5178,0,10.4,18.1178,42,28,14,42,332,305,0,0,1,5.04969,0.403727,47.2174,98.8428,161,4,101.6,117.945,10,10.4,17.5464,18.1178,248.063
Australia,228,239.627,7.69737,0.372807,232.079,7.23246,0.337719,77,SR Watson,0,0,0,0,190.734,0,36.1998,0,18.4,17.7998,35,30,5,35,254,233,6,0,1,4.71318,0.286822,37.7907,90.0943,129,4,79.6,111.134,7.2,18.4,16.3364,17.7998,226.934
Australia,228,239.627,7.69737,0.372807,232.079,7.23246,0.337719,77,PJ Hughes,0,0,0,0,190.734,0,36.1998,0,18.4,17.7998,35,30,5,35,254,233,6,0,1,4.52381,0.285714,38.7619,74.7475,21,4,79.6,111.134,7.2,18.4,16.3364,17.7998,226.934
Australia,228,239.627,7.69737,0.372807,232.079,7.23246,0.337719,77,GJ Maxwell,0,0,0,0,182.766,0,32.1043,0,14,18.1043,35,30,5,35,254,233,6,0,1,3.79245,0.226415,28.2264,119.68,53,0,72.4,110.366,6.4,14,16.1066,18.1043,214.87
India,259,242.378,7.15058,0.339768,244.568,7.12741,0.30888,78,G Gambhir,0,0,0,0,224.023,0,31.7022,0,14.8,16.9022,21,12,9,21,251,165,6,1,1,3.99145,0.333333,37.4701,84.1944,117,4,114,110.023,12.4,14.8,15.7103,16.9022,255.725
India,259,242.378,7.15058,0.339768,244.568,7.12741,0.30888,78,V Sehwag,0,0,0,0,217.991,0,36.6327,0,19.2,17.4327,21,12,9,21,251,165,6,1,1,5.88636,0.238636,38.8295,108.649,88,0,108.8,109.191,10.4,19.2,15.6041,17.4327,254.624
Sri Lanka,244,223.373,7.09016,0.344262,227.578,7.47541,0.385246,79,WU Tharanga,0,0,0,0,160.034,0,16.7356,0,4.4,12.3356,12,8,4,12,120,96,6,0,1,3.93985,0.263158,32.9699,71.6035,133,4,72.4,87.6338,5.2,4.4,12.0303,12.3356,176.769
Sri Lanka,244,223.373,7.09016,0.344262,227.578,7.47541,0.385246,79,DPMD Jayawardene,0,0,0,0,160.034,0,16.7356,0,4.4,12.3356,12,8,4,12,120,96,6,0,1,3.20833,0.244792,31.6979,79.1109,192,4,72.4,87.6338,5.2,4.4,12.0303,12.3356,176.769
Sri Lanka,244,223.373,7.09016,0.344262,227.578,7.47541,0.385246,79,KC Sangakkara,0,0,0,0,160.034,0,16.7356,0,4.4,12.3356,12,8,4,12,120,96,6,0,1,4.33659,0.360976,41.9854,80.6276,205,4,72.4,87.6338,5.2,4.4,12.0303,12.3356,176.769
Sri Lanka,244,223.373,7.09016,0.344262,227.578,7.47541,0.385246,79,LD Chandimal,0,0,0,0,160.034,0,16.7356,0,4.4,12.3356,12,8,4,12,120,96,6,0,1,2.18478,0.184783,25.7391,73.8615,92,4,72.4,87.6338,5.2,4.4,12.0303,12.3356,176.769
England,221,237.176,7.17647,0.289593,230.633,7.45701,0.384615,81,AN Cook,0,0,0,0,182.84,0,24.847,0,8.8,16.047,15,8,7,15,218,212,3,0,1,4.17045,0.272727,35.75,75.5524,88,4,80.8,102.04,6.4,8.8,14.3109,16.047,207.687
England,221,237.176,7.17647,0.289593,230.633,7.45701,0.384615,81,IR Bell,0,0,0,0,182.84,0,24.847,0,8.8,16.047,15,8,7,15,218,212,3,0,1,3.63433,0.246269,35.3806,75.6623,134,4,80.8,102.04,6.4,8.8,14.3109,16.047,207.687
Pakistan,211,222.621,7.38389,0.393365,235.517,7.54976,0.336493,82,Nasir Jamshed,0,0,0,0,143.183,0,23.8902,0,6.8,17.0902,0,0,0,0,233,195,5,0,1,3.63043,0.23913,30.2174,73.8184,46,4,40.8,102.383,4,6.8,15.3828,17.0902,167.074
Pakistan,211,222.621,7.38389,0.393365,235.517,7.54976,0.336493,82,Ahmed Shehzad,0,0,0,0,143.183,0,23.8902,0,6.8,17.0902,0,0,0,0,233,195,5,0,1,3.67143,0.242857,33.2714,70.8118,70,4,40.8,102.383,4,6.8,15.3828,17.0902,167.074
India,259,242.378,7.15058,0.339768,244.568,7.12741,0.30888,83,RG Sharma,0,0,0,0,192.206,0,31.1789,0,13.6,17.5789,11,4,7,11,281,146,6,0,1,3.82836,0.268657,35.9179,83.083,134,4,81.2,111.006,3.2,13.6,16.7368,17.5789,223.385
India,259,242.378,7.15058,0.339768,244.568,7.12741,0.30888,83,S Dhawan,0,0,0,0,192.206,0,31.1789,0,13.6,17.5789,11,4,7,11,281,146,6,0,1,5.65217,0.362319,43.2174,88.9088,69,4,81.2,111.006,3.2,13.6,16.7368,17.5789,223.385
India,259,242.378,7.15058,0.339768,244.568,7.12741,0.30888,83,V Kohli,0,0,0,0,192.206,0,31.1789,0,13.6,17.5789,11,4,7,11,281,146,6,0,1,4.66456,0.379747,44.9937,88.3325,158,4,81.2,111.006,3.2,13.6,16.7368,17.5789,223.385
India,259,242.378,7.15058,0.339768,244.568,7.12741,0.30888,83,AM Rahane,0,0,0,0,192.206,0,31.1789,0,13.6,17.5789,11,4,7,11,281,146,6,0,1,3.55738,0.262295,32.2295,78.0159,61,4,81.2,111.006,3.2,13.6,16.7368,17.5789,223.385
Ireland,55,219.527,7.65455,0.290909,202.727,7.56364,0.4,84,WTS Porterfield,0,0,0,0,177.26,0,32.8656,0,15.6,17.2656,27,18,9,27,305,307,5,0,1,2.6,0.142857,24.6857,56.2866,35,3,76,101.26,4.8,15.6,14.9575,17.2656,210.126
Ireland,55,219.527,7.65455,0.290909,202.727,7.56364,0.4,84,PR Stirling,0,0,0,0,174.246,0,32.2793,0,14.8,17.4793,27,18,9,27,305,307,5,0,1,3.47826,0.173913,24.2174,88.1329,23,0,73.6,100.646,4.8,14.8,14.7479,17.4793,206.525
West Indies,176,217.33,7.15909,0.3125,225.278,7.57386,0.380682,88,CH Gayle,0,0,0,0,237.772,0,56.1009,0,37.2,18.9009,20,14,6,20,394,250,1,0,1,4.58621,0.206897,31.1293,89.4255,116,4,121.6,116.172,2.4,37.2,17.4107,18.9009,293.873
West Indies,176,217.33,7.15909,0.3125,225.278,7.57386,0.380682,88,J Charles,0,0,0,0,237.772,0,56.1009,0,37.2,18.9009,20,14,6,20,394,250,1,0,1,3.82353,0.147059,28.2353,81.2183,34,4,121.6,116.172,2.4,37.2,17.4107,18.9009,293.873
West Indies,176,217.33,7.15909,0.3125,225.278,7.57386,0.380682,88,LMP Simmons,0,0,0,0,237.772,0,56.1009,0,37.2,18.9009,20,14,6,20,394,250,1,0,1,3.3125,0.28125,30.5938,71.4338,64,4,121.6,116.172,2.4,37.2,17.4107,18.9009,293.873
Zimbabwe,142,212.077,7.5,0.380282,227.704,6.97887,0.316901,89,H Masakadza,0,0,0,0,198.998,0,38.1296,0,21.2,16.9296,25,16,9,25,300,209,3,1,1,3.11215,0.186916,26.972,70.0485,107,4,91.6,107.398,4.8,21.2,16.8473,16.9296,237.128
Zimbabwe,142,212.077,7.5,0.380282,227.704,6.97887,0.316901,89,V Sibanda,0,0,0,0,199.014,0,38.2704,0,21.2,17.0704,25,16,9,25,300,209,3,1,1,2.9697,0.181818,23.5152,63.5545,66,1,92.4,106.614,5.6,21.2,16.5924,17.0704,237.285
Zimbabwe,142,212.077,7.5,0.380282,227.704,6.97887,0.316901,89,BRM Taylor,0,0,0,0,198.998,0,38.1296,0,21.2,16.9296,25,16,9,25,300,209,3,1,1,3.3,0.26,33.56,76.3421,100,4,91.6,107.398,4.8,21.2,16.8473,16.9296,237.128
India,259,242.378,7.15058,0.339768,244.568,7.12741,0.30888,90,RG Sharma,0,0,0,0,190.016,0,23.6254,0,5.2,18.4254,25,14,11,25,315,314,0,0,1,3.82836,0.268657,35.9179,83.083,134,4,73.6,116.416,1.6,5.2,17.5963,18.4254,213.641
India,259,242.378,7.15058,0.339768,244.568,7.12741,0.30888,90,S Dhawan,0,0,0,0,190.016,0,23.6254,0,5.2,18.4254,25,14,11,25,315,314,0,0,1,5.65217,0.362319,43.2174,88.9088,69,4,73.6,116.416,1.6,5.2,17.5963,18.4254,213.641
England,221,237.176,7.17647,0.289593,230.633,7.45701,0.384615,91,AN Cook,0,0,0,0,208.794,0,30.7168,0,11.6,19.1168,12,8,4,12,301,293,4,1,1,4.17045,0.272727,35.75,75.5524,88,4,93.2,115.594,11.2,11.6,16.9995,19.1168,239.511
England,221,237.176,7.17647,0.289593,230.633,7.45701,0.384615,91,IR Bell,0,0,0,0,208.794,0,30.7168,0,11.6,19.1168,12,8,4,12,301,293,4,1,1,3.63433,0.246269,35.3806,75.6623,134,4,93.2,115.594,11.2,11.6,16.9995,19.1168,239.511
England,221,237.176,7.17647,0.289593,230.633,7.45701,0.384615,91,GS Ballance,0,0,0,0,206.887,0,32.1602,0,12.8,19.3602,12,8,4,12,301,293,4,1,1,1.69231,0.153846,22,66.3573,13,1,92,114.887,11.2,12.8,16.8179,19.3602,239.047
England,221,237.176,7.17647,0.289593,230.633,7.45701,0.384615,91,JE Root,0,0,0,0,208.794,0,30.7168,0,11.6,19.1168,12,8,4,12,301,293,4,1,1,3.68852,0.327869,41.6721,83.3443,61,4,93.2,115.594,11.2,11.6,16.9995,19.1168,239.511
Pakistan,211,222.621,7.38389,0.393365,235.517,7.54976,0.336493,94,Ahmed Shehzad,0,0,0,0,199.753,0,36.0895,0,17.6,18.4895,22,12,10,22,327,329,4,0,1,3.67143,0.242857,33.2714,70.8118,70,4,84.8,114.953,5.6,17.6,16.9497,18.4895,235.843
Pakistan,211,222.621,7.38389,0.393365,235.517,7.54976,0.336493,94,Mohammad Hafeez,0,0,0,0,199.753,0,36.0895,0,17.6,18.4895,22,12,10,22,327,329,4,0,1,4.04511,0.255639,34.3534,78.0625,133,4,84.8,114.953,5.6,17.6,16.9497,18.4895,235.843
Australia,228,239.627,7.69737,0.372807,232.079,7.23246,0.337719,95,DA Warner,0,0,0,0,200.359,0,29.7511,0,13.6,16.1511,29,24,5,29,216,217,3,0,1,4.20312,0.265625,35.2031,87.7336,64,4,94.4,105.959,13.6,13.6,14.8918,16.1511,230.11
Australia,228,239.627,7.69737,0.372807,232.079,7.23246,0.337719,95,AJ Finch,0,0,0,0,200.359,0,29.7511,0,13.6,16.1511,29,24,5,29,216,217,3,0,1,4.52941,0.313725,37.2549,83.4431,51,4,94.4,105.959,13.6,13.6,14.8918,16.1511,230.11
Australia,228,239.627,7.69737,0.372807,232.079,7.23246,0.337719,95,SPD Smith,0,0,0,0,200.359,0,29.7511,0,13.6,16.1511,29,24,5,29,216,217,3,0,1,3.19298,0.22807,34.5614,87.0526,57,4,94.4,105.959,13.6,13.6,14.8918,16.1511,230.11
Bangladesh,160,218.438,7.70625,0.4,211.106,7.05,0.325,96,Tamim Iqbal,0,0,0,0,204.988,0,39.3187,0,22.8,16.5187,15,8,7,15,339,247,0,0,1,4.05344,0.274809,31.8015,76.8068,131,4,95.2,109.788,8.4,22.8,17.5617,16.5187,244.306
Bangladesh,160,218.438,7.70625,0.4,211.106,7.05,0.325,96,Anamul Haque,0,0,0,0,204.988,0,39.3187,0,22.8,16.5187,15,8,7,15,339,247,0,0,1,4.12,0.24,36.8,69.6442,25,4,95.2,109.788,8.4,22.8,17.5617,16.5187,244.306
Bangladesh,160,218.438,7.70625,0.4,211.106,7.05,0.325,96,Imrul Kayes,0,0,0,0,204.988,0,39.3187,0,22.8,16.5187,15,8,7,15,339,247,0,0,1,3,0.207547,26.2642,63.6488,53,4,95.2,109.788,8.4,22.8,17.5617,16.5187,244.306
Bangladesh,160,218.438,7.70625,0.4,211.106,7.05,0.325,96,Mushfiqur Rahim,0,0,0,0,204.988,0,39.3187,0,22.8,16.5187,15,8,7,15,339,247,0,0,1,2.61111,0.18254,27.7778,75.2526,126,4,95.2,109.788,8.4,22.8,17.5617,16.5187,244.306
South Africa,190,234.274,7.4,0.373684,232.363,7.33158,0.342105,97,HM Amla,0,0,0,0,201.468,0,33.0221,0,17.6,15.4221,20,8,12,20,218,221,0,0,1,5.20168,0.403361,48.7899,86.9292,119,4,98,103.468,11.2,17.6,14.767,15.4221,234.491
South Africa,190,234.274,7.4,0.373684,232.363,7.33158,0.342105,97,Q de Kock,0,0,0,0,201.468,0,33.0221,0,17.6,15.4221,20,8,12,20,218,221,0,0,1,5.12963,0.240741,39.1111,91.2311,54,4,98,103.468,11.2,17.6,14.767,15.4221,234.491
South Africa,190,234.274,7.4,0.373684,232.363,7.33158,0.342105,97,F du Plessis,0,0,0,0,201.468,0,33.0221,0,17.6,15.4221,20,8,12,20,218,221,0,0,1,3.45122,0.292683,34.9268,83.135,82,4,98,103.468,11.2,17.6,14.767,15.4221,234.491
New Zealand,184,233.745,7.39674,0.36413,227.951,7.30435,0.353261,98,MJ Guptill,0,0,0,0,179.961,0,28.6721,0,10.4,18.2721,17,8,9,17,303,306,5,0,1,4.8087,0.313043,38.1217,82.7482,115,4,65.6,114.361,8.4,10.4,17.8665,18.2721,208.633
New Zealand,184,233.745,7.39674,0.36413,227.951,7.30435,0.353261,98,BB McCullum,0,0,0,0,180.88,0,28.8308,0,10.4,18.4308,17,8,9,17,303,306,5,0,1,3.98611,0.201389,29.9028,98.4004,144,0,67.6,113.28,10,10.4,17.5064,18.4308,209.711
New Zealand,184,233.745,7.39674,0.36413,227.951,7.30435,0.353261,98,KS Williamson,0,0,0,0,179.961,0,28.6721,0,10.4,18.2721,17,8,9,17,303,306,5,0,1,4.31707,0.390244,43.0488,82.8833,82,4,65.6,114.361,8.4,10.4,17.8665,18.2721,208.633
Bangladesh,160,218.438,7.70625,0.4,211.106,7.05,0.325,99,Tamim Iqbal,0,0,0,0,157.123,0,15.9231,0,4.4,11.5231,17,16,1,17,106,58,2,1,1,4.05344,0.274809,31.8015,76.8068,131,4,76.4,80.7225,5.2,4.4,11.6187,11.5231,173.046
Bangladesh,160,218.438,7.70625,0.4,211.106,7.05,0.325,99,Mithun Ali,0,0,0,0,156.364,0,16.0886,0,4.4,11.6886,17,16,1,17,106,58,2,1,1,5,0,26,60.4651,1,1,76.4,79.9637,5.2,4.4,11.3638,11.6886,172.452
Bangladesh,160,218.438,7.70625,0.4,211.106,7.05,0.325,99,Anamul Haque,0,0,0,0,157.123,0,15.9231,0,4.4,11.5231,17,16,1,17,106,58,2,1,1,4.12,0.24,36.8,69.6442,25,4,76.4,80.7225,5.2,4.4,11.6187,11.5231,173.046
Bangladesh,160,218.438,7.70625,0.4,211.106,7.05,0.325,99,Mushfiqur Rahim,0,0,0,0,157.123,0,15.9231,0,4.4,11.5231,17,16,1,17,106,58,2,1,1,2.61111,0.18254,27.7778,75.2526,126,4,76.4,80.7225,5.2,4.4,11.6187,11.5231,173.046
Sri Lanka,244,223.373,7.09016,0.344262,227.578,7.47541,0.385246,100,HDRL Thirimanne,0,0,0,0,208.53,0,37.737,0,20.4,17.337,20,12,8,20,316,195,1,0,1,2.77778,0.246914,31.5802,71.4725,81,4,94.8,113.73,5.6,20.4,17.2358,17.337,246.267
Sri Lanka,244,223.373,7.09016,0.344262,227.578,7.47541,0.385246,100,TM Dilshan,0,0,0,0,208.53,0,37.737,0,20.4,17.337,20,12,8,20,316,195,1,0,1,4.60199,0.273632,38.3632,86.0219,201,4,94.8,113.73,5.6,20.4,17.2358,17.337,246.267
England,221,237.176,7.17647,0.289593,230.633,7.45701,0.384615,101,AN Cook,0,0,0,0,205.64,0,27.5597,0,9.6,17.9597,24,14,10,24,303,215,0,0,1,4.17045,0.272727,35.75,75.5524,88,4,92.4,113.24,11.2,9.6,16.4643,17.9597,233.2
England,221,237.176,7.17647,0.289593,230.633,7.45701,0.384615,101,MM Ali,0,0,0,0,206.573,0,31.0209,0,12.8,18.2209,24,14,10,24,303,215,0,0,1,2.67647,0.117647,21.3824,94.5384,34,0,94.4,112.173,10.4,12.8,16.1436,18.2209,237.594
England,221,237.176,7.17647,0.289593,230.633,7.45701,0.384615,101,AD Hales,0,0,0,0,205.64,0,27.5597,0,9.6,17.9597,24,14,10,24,303,215,0,0,1,4.2963,0.296296,34.1111,85.1201,27,4,92.4,113.24,11.2,9.6,16.4643,17.9597,233.2
England,221,237.176,7.17647,0.289593,230.633,7.45701,0.384615,102,IR Bell,0,0,0,0,177.204,0,22.0255,0,6.4,15.6255,14,8,6,14,201,201,2,0,1,3.63433,0.246269,35.3806,75.6623,134,4,77.6,99.6043,5.2,6.4,13.7597,15.6255,199.23
England,221,237.176,7.17647,0.289593,230.633,7.45701,0.384615,102,MM Ali,0,0,0,0,171.317,0,21.5813,0,5.6,15.9813,14,8,6,14,201,201,2,0,1,2.67647,0.117647,21.3824,94.5384,34,0,72.8,98.5172,5.2,5.6,13.5471,15.9813,192.899
England,221,237.176,7.17647,0.289593,230.633,7.45701,0.384615,102,JWA Taylor,0,0,0,0,177.204,0,22.0255,0,6.4,15.6255,14,8,6,14,201,201,2,0,1,3.375,0.333333,35.9167,79.8888,24,4,77.6,99.6043,5.2,6.4,13.7597,15.6255,199.23
India,259,242.378,7.15058,0.339768,244.568,7.12741,0.30888,103,AM Rahane,0,0,0,0,232.833,0,27.8334,0,9.2,18.6334,21,12,9,21,322,197,0,1,1,3.55738,0.262295,32.2295,78.0159,61,4,114,118.833,18,9.2,17.6712,18.6334,260.667
India,259,242.378,7.15058,0.339768,244.568,7.12741,0.30888,103,S Dhawan,0,0,0,0,232.833,0,27.8334,0,9.2,18.6334,21,12,9,21,322,197,0,1,1,5.65217,0.362319,43.2174,88.9088,69,4,114,118.833,18,9.2,17.6712,18.6334,260.667
South Africa,190,234.274,7.4,0.373684,232.363,7.33158,0.342105,104,Q de Kock,0,0,0,0,196.687,0,30.5359,0,10.8,19.7359,25,24,1,25,319,319,0,1,1,5.12963,0.240741,39.1111,91.2311,54,4,76.8,119.887,4,10.8,18.3706,19.7359,227.223
South Africa,190,234.274,7.4,0.373684,232.363,7.33158,0.342105,104,HM Amla,0,0,0,0,196.687,0,30.5359,0,10.8,19.7359,25,24,1,25,319,319,0,1,1,5.20168,0.403361,48.7899,86.9292,119,4,76.8,119.887,4,10.8,18.3706,19.7359,227.223
Bangladesh,160,218.438,7.70625,0.4,211.106,7.05,0.325,105,Tamim Iqbal,0,0,0,0,182.937,0,18.076,0,5.6,12.476,32,26,6,32,163,167,1,1,1,4.05344,0.274809,31.8015,76.8068,131,4,94.8,88.1369,6.4,5.6,12.6784,12.476,201.013
Bangladesh,160,218.438,7.70625,0.4,211.106,7.05,0.325,105,Liton Das,0,0,0,0,182.178,0,18.2415,0,5.6,12.6415,32,26,6,32,163,167,1,1,1,1,0,7.66667,69.697,6,1,94.8,87.378,6.4,5.6,12.4235,12.6415,200.42
Bangladesh,160,218.438,7.70625,0.4,211.106,7.05,0.325,105,Soumya Sarkar,0,0,0,0,182.937,0,18.076,0,5.6,12.476,32,26,6,32,163,167,1,1,1,7.35714,0.357143,47.2857,99.1018,14,4,94.8,88.1369,6.4,5.6,12.6784,12.476,201.013
Bangladesh,160,218.438,7.70625,0.4,211.106,7.05,0.325,105,Mahmudullah,0,0,0,0,182.937,0,18.076,0,5.6,12.476,32,26,6,32,163,167,1,1,1,2.26531,0.153061,24.4286,70.9544,98,4,94.8,88.1369,6.4,5.6,12.6784,12.476,201.013
Sri Lanka,244,223.373,7.09016,0.344262,227.578,7.47541,0.385246,106,MDKJ Perera,0,0,0,0,221.91,0,28.8575,0,10.8,18.0575,26,12,14,26,317,181,2,1,1,3.30435,0.195652,25.7391,90.5199,46,0,106.8,115.11,11.2,10.8,16.9619,18.0575,250.768
Sri Lanka,244,223.373,7.09016,0.344262,227.578,7.47541,0.385246,106,TM Dilshan,0,0,0,0,211.512,0,29.8388,0,11.6,18.2388,26,12,14,26,317,181,2,1,1,4.60199,0.273632,38.3632,86.0219,201,4,94.8,116.712,8.8,11.6,17.6187,18.2388,241.351
Zimbabwe,142,212.077,7.5,0.380282,227.704,6.97887,0.316901,107,H Masakadza,0,0,0,0,185.073,0,28.7879,0,12.4,16.3879,7,0,7,7,277,193,5,1,1,3.11215,0.186916,26.972,70.0485,107,4,82,103.073,6,12.4,16.3338,16.3879,213.86
Zimbabwe,142,212.077,7.5,0.380282,227.704,6.97887,0.316901,107,CJ Chibhabha,0,0,0,0,197.646,0,29.3397,0,13.2,16.1397,7,0,7,7,277,193,5,1,1,2.56716,0.149254,23.5373,64.7373,67,1,96,101.646,7.6,13.2,15.7068,16.1397,226.986
Pakistan,211,222.621,7.38389,0.393365,235.517,7.54976,0.336493,108,Azhar Ali,0,0,0,0,190.137,0,27.2243,0,10,17.2243,8,0,8,8,284,188,2,0,1,3.83333,0.3,38.5333,73.6775,30,4,81.6,108.537,6.8,10,15.6733,17.2243,217.361
Pakistan,211,222.621,7.38389,0.393365,235.517,7.54976,0.336493,108,Babar Azam,0,0,0,0,190.137,0,27.2243,0,10,17.2243,8,0,8,8,284,188,2,0,1,4.375,0.5,40.125,88.9197,8,4,81.6,108.537,6.8,10,15.6733,17.2243,217.361
Pakistan,211,222.621,7.38389,0.393365,235.517,7.54976,0.336493,108,Mohammad Hafeez,0,0,0,0,190.137,0,27.2243,0,10,17.2243,8,0,8,8,284,188,2,0,1,4.04511,0.255639,34.3534,78.0625,133,4,81.6,108.537,6.8,10,15.6733,17.2243,217.361
Pakistan,211,222.621,7.38389,0.393365,235.517,7.54976,0.336493,108,Iftikhar Ahmed,0,0,0,0,194.572,0,30.4301,0,13.2,17.2301,8,0,8,8,284,188,2,0,1,0.5,0,4,25.8065,2,3,86.4,108.172,6.8,13.2,15.5252,17.2301,225.002
New Zealand,184,233.745,7.39674,0.36413,227.951,7.30435,0.353261,109,MJ Guptill,0,0,0,0,167.516,0,18.4018,0,4.4,14.0018,63,52,11,63,118,118,8,1,1,4.8087,0.313043,38.1217,82.7482,115,4,74.8,92.7164,5.2,4.4,12.7602,14.0018,185.918
New Zealand,184,233.745,7.39674,0.36413,227.951,7.30435,0.353261,109,TWM Latham,0,0,0,0,167.516,0,18.4018,0,4.4,14.0018,63,52,11,63,118,118,8,1,1,2.76471,0.147059,25.3529,75.2182,34,4,74.8,92.7164,5.2,4.4,12.7602,14.0018,185.918
Sri Lanka,244,223.373,7.09016,0.344262,227.578,7.47541,0.385246,110,MDKJ Perera,0,0,0,0,146.743,0,26.2814,0,9.2,17.0814,34,22,12,34,207,180,4,1,1,3.30435,0.195652,25.7391,90.5199,46,0,46.4,100.343,7.6,9.2,15.6767,17.0814,173.024
Sri Lanka,244,223.373,7.09016,0.344262,227.578,7.47541,0.385246,110,TM Dilshan,0,0,0,0,150.542,0,22.253,0,5.6,16.653,34,22,12,34,207,180,4,1,1,4.60199,0.273632,38.3632,86.0219,201,4,49.6,100.942,10.8,5.6,15.9142,16.653,172.795
Zimbabwe,142,212.077,7.5,0.380282,227.704,6.97887,0.316901,111,CJ Chibhabha,0,0,0,0,164.027,0,19.1792,0,3.6,15.5792,12,4,8,12,274,128,1,0,1,2.56716,0.149254,23.5373,64.7373,67,1,64.4,99.6272,2.4,3.6,15.6236,15.5792,183.206
Zimbabwe,142,212.077,7.5,0.380282,227.704,6.97887,0.316901,111,LM Jongwe,0,0,0,0,164.027,0,19.1792,0,3.6,15.5792,12,4,8,12,274,128,1,0,1,1.09091,0,11,65.7609,11,1,64.4,99.6272,2.4,3.6,15.6236,15.5792,183.206
