Runs Scored,Wickets Lost,Got All Out,Runs Conceded,Opponent Wickets Taken,Opponent All Out,Total Runs Scored,Balls Faced,R0,W0,R1,W1,Target,ClusterID,Non Home Runs,Home,Current_NHR,Predicted_NHR
237.176,7.17647,0.289593,230.633,7.45701,0.384615,0,0,78,2,19,0,0,1,0,1,0,3.65234
222.621,7.38389,0.393365,235.517,7.54976,0.336493,13,51,43,3,28,0,0,4,9,0,9,6.01173
237.176,7.17647,0.289593,230.633,7.45701,0.384615,0,0,68,3,29,2,140,1,0,1,3,3.83744
237.176,7.17647,0.289593,230.633,7.45701,0.384615,39,65,62,2,13,2,226,4,19,1,10,7.20946
223.373,7.09016,0.344262,227.578,7.47541,0.385246,46,66,68,1,25,0,0,0,20,0,9,5.78105
223.373,7.09016,0.344262,227.578,7.47541,0.385246,3,12,114,1,16,1,249,4,3,0,10,5.41772
223.373,7.09016,0.344262,227.578,7.47541,0.385246,53,69,91,1,30,0,0,4,33,0,7,8.57026
242.378,7.15058,0.339768,244.568,7.12741,0.30888,16,41,40,2,20,1,0,4,8,0,10,6.22187
217.33,7.15909,0.3125,225.278,7.57386,0.380682,29,63,61,1,20,1,0,4,25,1,7,7.35139
219.527,7.65455,0.290909,202.727,7.56364,0.4,0,0,58,4,15,0,0,1,0,0,1,1.87953
212.077,7.5,0.380282,227.704,6.97887,0.316901,10,33,62,1,19,0,212,1,6,0,2,4.01813
242.378,7.15058,0.339768,244.568,7.12741,0.30888,6,9,29,3,20,0,0,4,6,0,8,5.58244
219.527,7.65455,0.290909,202.727,7.56364,0.4,0,0,40,2,12,0,120,3,0,0,0,2.44383
223.373,7.09016,0.344262,227.578,7.47541,0.385246,74,65,91,1,16,0,0,0,26,0,9,5.73201
219.527,7.65455,0.290909,202.727,7.56364,0.4,11,19,52,1,13,1,0,4,3,0,0,3.1576
239.627,7.69737,0.372807,232.079,7.23246,0.337719,91,60,106,1,43,0,0,4,17,0,4,5.35574
223.373,7.09016,0.344262,227.578,7.47541,0.385246,4,16,63,3,19,0,0,4,4,0,1,5.28784
237.176,7.17647,0.289593,230.633,7.45701,0.384615,0,0,63,2,12,0,0,4,0,0,4,4.27509
219.527,7.65455,0.290909,202.727,7.56364,0.4,34,42,55,2,13,1,202,4,18,0,9,4.95688
218.438,7.70625,0.4,211.106,7.05,0.325,22,42,57,4,23,1,0,3,22,0,2,6.63034
223.373,7.09016,0.344262,227.578,7.47541,0.385246,16,41,39,2,42,0,0,4,16,0,14,6.88805
233.745,7.39674,0.36413,227.951,7.30435,0.353261,55,67,60,1,26,0,168,4,23,0,11,7.33763
237.176,7.17647,0.289593,230.633,7.45701,0.384615,35,40,69,2,15,0,228,4,17,0,9,6.32293
218.438,7.70625,0.4,211.106,7.05,0.325,0,0,44,1,20,2,0,1,0,0,3,3.00345
237.176,7.17647,0.289593,230.633,7.45701,0.384615,45,44,69,2,27,0,0,4,19,0,14,6.26028
239.627,7.69737,0.372807,232.079,7.23246,0.337719,1,2,67,1,20,1,238,4,1,0,6,4.79841
233.745,7.39674,0.36413,227.951,7.30435,0.353261,0,0,66,2,21,1,0,0,0,0,0,3.48909
219.527,7.65455,0.290909,202.727,7.56364,0.4,22,21,37,3,23,0,122,4,8,0,8,3.57759
217.33,7.15909,0.3125,225.278,7.57386,0.380682,0,0,87,3,33,1,283,4,0,1,1,4.24243
219.527,7.65455,0.290909,202.727,7.56364,0.4,20,48,47,0,17,0,0,1,16,0,10,4.08033
218.438,7.70625,0.4,211.106,7.05,0.325,0,0,48,3,32,1,148,4,0,0,0,4.10833
223.373,7.09016,0.344262,227.578,7.47541,0.385246,22,52,46,3,13,0,0,4,10,0,6,6.13899
223.373,7.09016,0.344262,227.578,7.47541,0.385246,19,34,46,3,13,0,0,4,11,0,8,5.98852
219.527,7.65455,0.290909,202.727,7.56364,0.4,0,0,38,3,5,4,0,3,0,0,2,2.49229
218.438,7.70625,0.4,211.106,7.05,0.325,3,15,30,4,12,1,122,4,3,0,3,4.55985
233.745,7.39674,0.36413,227.951,7.30435,0.353261,4,3,85,5,23,1,125,0,0,0,0,3.67019
233.745,7.39674,0.36413,227.951,7.30435,0.353261,0,0,85,5,23,1,125,1,0,0,2,4.03544
223.373,7.09016,0.344262,227.578,7.47541,0.385246,6,26,60,2,14,0,0,4,6,0,3,5.61761
239.627,7.69737,0.372807,232.079,7.23246,0.337719,36,49,59,2,28,0,143,4,20,0,5,6.9917
239.627,7.69737,0.372807,232.079,7.23246,0.337719,0,0,88,0,39,0,0,4,0,0,3,4.60096
242.378,7.15058,0.339768,244.568,7.12741,0.30888,12,16,55,2,20,2,89,4,0,0,2,4.99877
242.378,7.15058,0.339768,244.568,7.12741,0.30888,0,0,55,2,20,2,89,1,0,0,1,4.09835
242.378,7.15058,0.339768,244.568,7.12741,0.30888,1,1,54,4,26,1,152,1,1,0,5,4.29417
239.627,7.69737,0.372807,232.079,7.23246,0.337719,10,17,76,1,25,1,0,4,2,1,0,5.08593
239.627,7.69737,0.372807,232.079,7.23246,0.337719,0,0,76,1,25,1,0,4,0,1,2,4.79039
233.745,7.39674,0.36413,227.951,7.30435,0.353261,1,1,60,2,18,1,175,4,1,0,6,4.91831
233.745,7.39674,0.36413,227.951,7.30435,0.353261,43,53,60,2,18,1,175,4,11,0,9,5.96776
233.745,7.39674,0.36413,227.951,7.30435,0.353261,7,20,35,3,11,1,0,4,3,0,8,5.17132
233.745,7.39674,0.36413,227.951,7.30435,0.353261,35,48,60,1,33,0,0,4,23,0,10,7.45763
239.627,7.69737,0.372807,232.079,7.23246,0.337719,6,15,73,2,22,0,279,4,6,1,3,5.8019
239.627,7.69737,0.372807,232.079,7.23246,0.337719,6,22,43,4,12,0,139,4,6,1,1,5.76412
239.627,7.69737,0.372807,232.079,7.23246,0.337719,18,42,43,4,12,0,139,4,18,1,5,7.28798
239.627,7.69737,0.372807,232.079,7.23246,0.337719,27,25,46,3,50,0,177,4,9,1,8,5.73712
239.627,7.69737,0.372807,232.079,7.23246,0.337719,0,0,46,3,50,0,177,4,0,1,6,4.91573
233.745,7.39674,0.36413,227.951,7.30435,0.353261,10,14,62,2,18,1,0,4,6,0,8,5.42687
237.176,7.17647,0.289593,230.633,7.45701,0.384615,2,6,49,1,18,1,196,4,2,0,3,4.68537
237.176,7.17647,0.289593,230.633,7.45701,0.384615,0,0,49,1,18,1,196,4,0,0,0,4.37806
233.745,7.39674,0.36413,227.951,7.30435,0.353261,2,5,37,2,19,1,0,4,2,0,0,4.90378
237.176,7.17647,0.289593,230.633,7.45701,0.384615,4,26,39,3,13,0,113,4,4,0,6,5.18817
237.176,7.17647,0.289593,230.633,7.45701,0.384615,50,60,72,1,27,1,243,4,26,0,10,7.46341
237.176,7.17647,0.289593,230.633,7.45701,0.384615,18,22,48,3,39,0,0,4,10,0,11,5.49875
233.745,7.39674,0.36413,227.951,7.30435,0.353261,8,21,68,1,20,0,238,4,4,0,4,5.49887
233.745,7.39674,0.36413,227.951,7.30435,0.353261,0,0,68,1,20,0,238,4,0,0,2,4.82012
237.176,7.17647,0.289593,230.633,7.45701,0.384615,34,52,40,3,34,0,241,4,22,0,12,7.21191
237.176,7.17647,0.289593,230.633,7.45701,0.384615,12,28,53,1,26,2,0,4,8,0,11,5.52493
239.627,7.69737,0.372807,232.079,7.23246,0.337719,0,0,69,5,24,0,142,1,0,1,0,4.00172
223.373,7.09016,0.344262,227.578,7.47541,0.385246,49,55,68,1,45,0,0,4,15,0,6,6.17556
223.373,7.09016,0.344262,227.578,7.47541,0.385246,0,0,68,1,45,0,0,4,0,0,4,4.65579
218.438,7.70625,0.4,211.106,7.05,0.325,0,17,41,2,17,2,230,4,0,0,5,4.42279
223.373,7.09016,0.344262,227.578,7.47541,0.385246,16,24,67,2,26,0,0,4,12,0,6,6.09462
218.438,7.70625,0.4,211.106,7.05,0.325,0,0,69,1,24,1,0,3,0,0,6,3.6931
217.33,7.15909,0.3125,225.278,7.57386,0.380682,33,60,59,0,17,0,157,4,17,0,2,5.98955
218.438,7.70625,0.4,211.106,7.05,0.325,19,25,47,2,17,0,0,4,11,0,5,5.1912
212.077,7.5,0.380282,227.704,6.97887,0.316901,0,3,52,2,13,1,127,1,0,0,5,2.92017
217.33,7.15909,0.3125,225.278,7.57386,0.380682,22,64,38,4,6,1,0,3,10,0,5,5.14794
234.274,7.4,0.373684,232.363,7.33158,0.342105,41,54,47,4,17,0,100,4,21,0,1,7.23594
234.274,7.4,0.373684,232.363,7.33158,0.342105,0,0,47,4,17,0,100,0,0,0,2,3.5312
223.373,7.09016,0.344262,227.578,7.47541,0.385246,0,0,85,1,35,1,0,4,0,0,2,4.70993
222.621,7.38389,0.393365,235.517,7.54976,0.336493,16,28,85,2,13,1,237,4,4,0,9,5.09722
222.621,7.38389,0.393365,235.517,7.54976,0.336493,0,2,85,2,13,1,237,0,0,0,1,3.31282
217.33,7.15909,0.3125,225.278,7.57386,0.380682,3,16,60,4,11,0,0,4,3,0,3,4.25354
223.373,7.09016,0.344262,227.578,7.47541,0.385246,30,48,79,1,17,0,154,4,14,0,8,6.49181
237.176,7.17647,0.289593,230.633,7.45701,0.384615,1,1,64,0,17,2,0,4,1,0,3,4.42165
237.176,7.17647,0.289593,230.633,7.45701,0.384615,36,58,64,0,17,2,0,4,20,0,6,6.87755
222.621,7.38389,0.393365,235.517,7.54976,0.336493,28,37,64,3,27,1,210,4,8,0,7,5.41051
222.621,7.38389,0.393365,235.517,7.54976,0.336493,8,13,64,3,27,1,210,4,4,0,4,5.01944
242.378,7.15058,0.339768,244.568,7.12741,0.30888,0,12,57,2,8,1,0,4,0,1,3,5.36349
217.33,7.15909,0.3125,225.278,7.57386,0.380682,0,0,70,1,16,0,211,4,0,0,4,3.7578
217.33,7.15909,0.3125,225.278,7.57386,0.380682,40,62,66,1,19,0,0,4,16,0,5,5.66473
237.176,7.17647,0.289593,230.633,7.45701,0.384615,0,0,84,1,23,0,252,4,0,0,7,4.52362
242.378,7.15058,0.339768,244.568,7.12741,0.30888,51,66,51,1,28,1,0,0,19,1,6,6.08668
217.33,7.15909,0.3125,225.278,7.57386,0.380682,50,57,94,0,22,0,247,4,28,0,7,6.98571
217.33,7.15909,0.3125,225.278,7.57386,0.380682,66,66,94,0,22,0,247,4,22,0,7,5.96639
234.274,7.4,0.373684,232.363,7.33158,0.342105,54,69,80,0,52,2,0,4,16,1,7,6.91439
234.274,7.4,0.373684,232.363,7.33158,0.342105,8,5,85,2,31,2,198,0,0,1,4,3.88508
222.621,7.38389,0.393365,235.517,7.54976,0.336493,0,3,27,3,13,1,0,4,0,0,4,4.24308
233.745,7.39674,0.36413,227.951,7.30435,0.353261,40,44,93,1,16,0,0,4,18,1,2,6.8959
233.745,7.39674,0.36413,227.951,7.30435,0.353261,59,65,93,1,16,0,0,1,21,1,8,6.20524
223.373,7.09016,0.344262,227.578,7.47541,0.385246,87,71,121,0,17,0,260,0,29,0,4,6.09003
223.373,7.09016,0.344262,227.578,7.47541,0.385246,0,13,92,0,7,3,0,4,0,0,3,4.92441
233.745,7.39674,0.36413,227.951,7.30435,0.353261,35,54,64,0,23,0,144,4,17,1,8,7.10637
239.627,7.69737,0.372807,232.079,7.23246,0.337719,41,65,82,0,15,0,0,4,21,0,12,7.17454
233.745,7.39674,0.36413,227.951,7.30435,0.353261,1,3,72,4,59,1,324,0,1,1,12,4.29651
234.274,7.4,0.373684,232.363,7.33158,0.342105,30,36,62,3,17,0,181,4,14,1,5,6.6382
242.378,7.15058,0.339768,244.568,7.12741,0.30888,13,14,64,1,27,0,0,1,5,0,8,4.5241
217.33,7.15909,0.3125,225.278,7.57386,0.380682,24,29,75,2,25,0,241,4,12,0,10,5.21303
242.378,7.15058,0.339768,244.568,7.12741,0.30888,0,1,53,4,12,2,0,1,0,0,5,4.0794
239.627,7.69737,0.372807,232.079,7.23246,0.337719,0,0,53,2,13,0,0,4,0,0,1,4.43251
239.627,7.69737,0.372807,232.079,7.23246,0.337719,17,54,38,2,19,0,0,3,13,0,2,6.27503
239.627,7.69737,0.372807,232.079,7.23246,0.337719,0,0,38,2,19,0,0,4,0,0,0,4.40272
234.274,7.4,0.373684,232.363,7.33158,0.342105,61,56,93,0,54,0,0,4,23,1,7,7.29809
222.621,7.38389,0.393365,235.517,7.54976,0.336493,0,17,44,3,7,0,140,4,0,1,4,4.84132
217.33,7.15909,0.3125,225.278,7.57386,0.380682,4,14,65,3,12,0,0,3,4,0,4,3.99166
222.621,7.38389,0.393365,235.517,7.54976,0.336493,5,5,35,3,16,1,0,3,1,1,5,4.21667
222.621,7.38389,0.393365,235.517,7.54976,0.336493,31,60,35,3,16,1,0,3,23,1,7,7.26121
217.33,7.15909,0.3125,225.278,7.57386,0.380682,46,59,57,2,35,0,183,4,12,0,5,5.11396
217.33,7.15909,0.3125,225.278,7.57386,0.380682,0,0,51,4,20,2,126,1,0,0,1,2.87272
217.33,7.15909,0.3125,225.278,7.57386,0.380682,0,0,51,4,20,2,126,1,0,0,4,2.87272
217.33,7.15909,0.3125,225.278,7.57386,0.380682,39,68,61,1,24,0,0,4,11,0,8,5.20222
242.378,7.15058,0.339768,244.568,7.12741,0.30888,4,29,30,4,11,0,165,4,4,0,5,5.8962
242.378,7.15058,0.339768,244.568,7.12741,0.30888,0,0,62,0,35,1,0,4,0,0,4,4.96452
242.378,7.15058,0.339768,244.568,7.12741,0.30888,58,71,62,0,35,1,0,4,14,0,6,6.42093
237.176,7.17647,0.289593,230.633,7.45701,0.384615,0,0,73,1,13,1,0,4,0,1,3,4.54467
237.176,7.17647,0.289593,230.633,7.45701,0.384615,7,15,84,4,18,1,195,4,3,1,1,5.27444
242.378,7.15058,0.339768,244.568,7.12741,0.30888,82,66,102,0,30,0,300,4,24,0,0,7.13106
242.378,7.15058,0.339768,244.568,7.12741,0.30888,0,0,53,3,29,1,0,4,0,0,0,4.99265
237.176,7.17647,0.289593,230.633,7.45701,0.384615,4,14,59,2,10,1,172,4,4,1,12,5.27497
212.077,7.5,0.380282,227.704,6.97887,0.316901,6,13,43,3,15,1,0,1,2,0,0,3.11476
212.077,7.5,0.380282,227.704,6.97887,0.316901,0,0,43,3,15,1,0,4,0,0,0,3.7114
218.438,7.70625,0.4,211.106,7.05,0.325,8,13,77,1,14,1,0,4,4,1,7,4.73623
218.438,7.70625,0.4,211.106,7.05,0.325,10,26,65,2,12,0,137,4,10,1,5,5.70576
217.33,7.15909,0.3125,225.278,7.57386,0.380682,32,35,68,4,17,1,175,4,6,0,10,4.35619
242.378,7.15058,0.339768,244.568,7.12741,0.30888,0,0,91,2,12,0,231,0,0,1,1,4.13509
242.378,7.15058,0.339768,244.568,7.12741,0.30888,11,9,98,2,22,1,253,4,1,1,9,5.46639
223.373,7.09016,0.344262,227.578,7.47541,0.385246,0,0,43,3,18,0,0,4,0,0,1,4.51877
242.378,7.15058,0.339768,244.568,7.12741,0.30888,0,0,79,3,26,0,241,1,0,0,5,4.26473
218.438,7.70625,0.4,211.106,7.05,0.325,0,0,67,3,13,2,222,4,0,1,3,4.40708
237.176,7.17647,0.289593,230.633,7.45701,0.384615,0,0,64,3,13,1,145,4,0,0,3,4.43475
237.176,7.17647,0.289593,230.633,7.45701,0.384615,2,3,45,2,17,2,0,4,2,0,8,4.54361
223.373,7.09016,0.344262,227.578,7.47541,0.385246,20,20,41,4,23,0,152,4,12,1,5,6.17244
223.373,7.09016,0.344262,227.578,7.47541,0.385246,21,35,69,3,15,0,0,4,17,1,5,7.00059
237.176,7.17647,0.289593,230.633,7.45701,0.384615,0,1,48,2,26,4,97,4,0,0,5,4.4885
233.745,7.39674,0.36413,227.951,7.30435,0.353261,0,0,58,4,16,1,154,0,0,0,0,3.5945
239.627,7.69737,0.372807,232.079,7.23246,0.337719,37,47,69,1,19,1,0,0,19,1,7,5.70306
223.373,7.09016,0.344262,227.578,7.47541,0.385246,0,0,64,3,8,1,118,1,0,0,0,3.73372
223.373,7.09016,0.344262,227.578,7.47541,0.385246,0,0,64,3,8,1,118,1,0,0,1,3.73372
223.373,7.09016,0.344262,227.578,7.47541,0.385246,28,67,41,2,16,0,0,4,16,0,13,6.96718
239.627,7.69737,0.372807,232.079,7.23246,0.337719,1,3,38,1,12,2,0,4,1,1,3,4.79252
239.627,7.69737,0.372807,232.079,7.23246,0.337719,9,19,38,1,12,2,0,4,9,1,2,5.86177
223.373,7.09016,0.344262,227.578,7.47541,0.385246,0,16,33,2,9,1,76,4,0,0,12,4.82199
242.378,7.15058,0.339768,244.568,7.12741,0.30888,19,35,69,4,18,0,273,4,7,0,8,6.18255
223.373,7.09016,0.344262,227.578,7.47541,0.385246,0,3,71,2,7,3,0,4,0,0,4,4.70564
223.373,7.09016,0.344262,227.578,7.47541,0.385246,0,3,71,2,7,3,0,1,0,0,3,3.77757
223.373,7.09016,0.344262,227.578,7.47541,0.385246,0,0,71,2,7,3,0,1,0,0,0,3.71757
242.378,7.15058,0.339768,244.568,7.12741,0.30888,63,56,85,1,31,0,177,4,23,0,0,7.25252
223.373,7.09016,0.344262,227.578,7.47541,0.385246,0,1,44,3,15,1,0,4,0,0,12,4.56345
239.627,7.69737,0.372807,232.079,7.23246,0.337719,0,3,105,1,7,3,200,4,0,1,1,5.07547
239.627,7.69737,0.372807,232.079,7.23246,0.337719,0,0,81,3,26,0,0,4,0,1,2,4.83453
242.378,7.15058,0.339768,244.568,7.12741,0.30888,0,0,60,0,24,0,0,4,0,0,11,4.88231
219.527,7.65455,0.290909,202.727,7.56364,0.4,0,0,40,2,9,1,0,4,0,1,0,2.92368
219.527,7.65455,0.290909,202.727,7.56364,0.4,9,22,53,4,20,3,119,1,9,1,7,3.56301
219.527,7.65455,0.290909,202.727,7.56364,0.4,0,0,53,4,20,3,119,3,0,1,4,2.89882
234.274,7.4,0.373684,232.363,7.33158,0.342105,0,1,64,1,28,1,232,4,0,0,1,4.92438
242.378,7.15058,0.339768,244.568,7.12741,0.30888,27,51,59,0,27,0,219,4,19,0,2,7.5968
223.373,7.09016,0.344262,227.578,7.47541,0.385246,0,8,57,2,7,1,0,4,0,1,2,4.91619
218.438,7.70625,0.4,211.106,7.05,0.325,9,17,44,4,14,1,156,1,5,0,3,3.82185
223.373,7.09016,0.344262,227.578,7.47541,0.385246,3,5,39,3,22,1,0,4,3,1,13,5.15915
237.176,7.17647,0.289593,230.633,7.45701,0.384615,21,31,56,1,22,1,0,4,13,1,5,6.12513
237.176,7.17647,0.289593,230.633,7.45701,0.384615,0,0,56,1,22,1,0,4,0,1,4,4.51939
233.745,7.39674,0.36413,227.951,7.30435,0.353261,0,0,39,4,4,0,0,1,0,0,5,3.66023
233.745,7.39674,0.36413,227.951,7.30435,0.353261,1,9,44,2,12,1,0,1,1,0,6,3.95976
237.176,7.17647,0.289593,230.633,7.45701,0.384615,20,26,57,2,20,1,194,4,4,1,6,5.09687
234.274,7.4,0.373684,232.363,7.33158,0.342105,6,13,79,1,17,1,233,4,2,0,9,5.24694
234.274,7.4,0.373684,232.363,7.33158,0.342105,12,4,43,5,19,2,0,1,0,0,1,3.59624
237.176,7.17647,0.289593,230.633,7.45701,0.384615,11,18,93,0,17,1,0,4,3,1,8,5.01219
242.378,7.15058,0.339768,244.568,7.12741,0.30888,35,61,45,3,25,0,231,4,15,1,4,7.33342
239.627,7.69737,0.372807,232.079,7.23246,0.337719,67,66,98,1,18,1,266,4,23,0,7,6.98346
239.627,7.69737,0.372807,232.079,7.23246,0.337719,21,23,78,1,24,0,148,4,13,0,6,6.07499
242.378,7.15058,0.339768,244.568,7.12741,0.30888,43,47,73,1,27,1,225,4,15,1,1,6.9017
222.621,7.38389,0.393365,235.517,7.54976,0.336493,9,18,63,2,13,0,297,4,5,0,3,5.1503
242.378,7.15058,0.339768,244.568,7.12741,0.30888,10,20,78,2,11,0,0,4,6,1,5,6.02248
222.621,7.38389,0.393365,235.517,7.54976,0.336493,1,1,50,1,28,1,0,4,1,0,9,4.3804
233.745,7.39674,0.36413,227.951,7.30435,0.353261,0,0,39,1,31,0,0,4,0,0,4,4.60941
233.745,7.39674,0.36413,227.951,7.30435,0.353261,32,53,49,2,17,1,0,4,12,0,8,6.25554
233.745,7.39674,0.36413,227.951,7.30435,0.353261,1,3,49,2,17,1,0,4,1,0,2,4.80475
233.745,7.39674,0.36413,227.951,7.30435,0.353261,0,0,49,2,17,1,0,0,0,0,4,3.41367
217.33,7.15909,0.3125,225.278,7.57386,0.380682,1,5,52,3,10,2,0,1,1,0,2,2.92382
217.33,7.15909,0.3125,225.278,7.57386,0.380682,7,15,52,3,10,2,0,4,7,0,8,4.61382
234.274,7.4,0.373684,232.363,7.33158,0.342105,41,46,63,2,33,0,0,4,7,1,4,5.58402
234.274,7.4,0.373684,232.363,7.33158,0.342105,43,57,63,2,33,0,0,4,15,1,5,6.72709
234.274,7.4,0.373684,232.363,7.33158,0.342105,0,0,80,2,31,0,254,4,0,1,3,5.20669
234.274,7.4,0.373684,232.363,7.33158,0.342105,20,35,51,2,18,1,0,4,8,0,8,5.8022
222.621,7.38389,0.393365,235.517,7.54976,0.336493,33,55,43,3,22,0,0,4,15,1,10,6.45027
222.621,7.38389,0.393365,235.517,7.54976,0.336493,25,36,76,2,14,0,211,4,13,1,11,6.24839
222.621,7.38389,0.393365,235.517,7.54976,0.336493,24,44,76,2,14,0,211,4,12,1,8,6.31474
218.438,7.70625,0.4,211.106,7.05,0.325,27,48,64,2,22,0,0,4,15,0,5,5.98923
218.438,7.70625,0.4,211.106,7.05,0.325,3,19,61,3,7,0,168,1,3,0,9,3.77064
237.176,7.17647,0.289593,230.633,7.45701,0.384615,51,62,82,0,34,0,0,4,23,0,11,6.95449
212.077,7.5,0.380282,227.704,6.97887,0.316901,0,0,43,2,18,1,0,3,0,1,0,3.61132
234.274,7.4,0.373684,232.363,7.33158,0.342105,27,57,51,1,30,1,201,4,11,0,4,6.55326
234.274,7.4,0.373684,232.363,7.33158,0.342105,68,77,80,0,28,0,232,4,28,0,8,7.90389
217.33,7.15909,0.3125,225.278,7.57386,0.380682,44,54,72,1,24,0,0,4,26,0,10,6.65554
217.33,7.15909,0.3125,225.278,7.57386,0.380682,0,0,72,1,24,0,0,4,0,0,2,3.66202
217.33,7.15909,0.3125,225.278,7.57386,0.380682,39,58,56,2,30,0,221,4,21,0,6,6.40167
217.33,7.15909,0.3125,225.278,7.57386,0.380682,53,50,73,3,44,0,121,4,23,1,1,6.38497
217.33,7.15909,0.3125,225.278,7.57386,0.380682,2,20,35,2,5,1,132,4,2,1,1,4.41491
239.627,7.69737,0.372807,232.079,7.23246,0.337719,45,51,92,1,20,0,215,4,17,0,11,6.5066
239.627,7.69737,0.372807,232.079,7.23246,0.337719,22,28,54,2,33,0,0,4,14,0,7,6.15257
217.33,7.15909,0.3125,225.278,7.57386,0.380682,42,68,72,1,24,0,257,4,26,1,7,7.38173
217.33,7.15909,0.3125,225.278,7.57386,0.380682,0,0,68,3,16,0,162,4,0,1,6,4.00043
218.438,7.70625,0.4,211.106,7.05,0.325,49,60,54,2,15,0,0,4,21,1,3,6.49068
218.438,7.70625,0.4,211.106,7.05,0.325,0,0,54,2,15,0,0,1,0,1,0,3.20707
234.274,7.4,0.373684,232.363,7.33158,0.342105,34,60,55,0,26,0,170,4,10,0,4,6.20647
218.438,7.70625,0.4,211.106,7.05,0.325,20,49,48,4,10,0,0,4,12,1,6,6.02215
234.274,7.4,0.373684,232.363,7.33158,0.342105,3,12,51,2,15,1,166,4,3,0,7,5.31519
212.077,7.5,0.380282,227.704,6.97887,0.316901,24,30,63,1,38,1,228,1,16,0,11,4.89843
212.077,7.5,0.380282,227.704,6.97887,0.316901,0,0,63,1,38,1,228,4,0,0,1,3.9598
212.077,7.5,0.380282,227.704,6.97887,0.316901,25,40,63,2,29,0,0,4,21,0,10,6.42645
222.621,7.38389,0.393365,235.517,7.54976,0.336493,0,0,94,1,32,0,232,4,0,0,4,4.55173
222.621,7.38389,0.393365,235.517,7.54976,0.336493,0,0,47,1,21,2,0,0,0,1,2,3.24984
212.077,7.5,0.380282,227.704,6.97887,0.316901,30,49,48,2,33,0,0,4,14,0,10,5.56571
222.621,7.38389,0.393365,235.517,7.54976,0.336493,43,60,85,1,33,0,178,4,19,1,7,6.99912
222.621,7.38389,0.393365,235.517,7.54976,0.336493,0,0,56,0,29,0,0,4,0,0,5,4.23138
242.378,7.15058,0.339768,244.568,7.12741,0.30888,65,55,104,1,41,0,287,0,19,0,8,5.62195
218.438,7.70625,0.4,211.106,7.05,0.325,0,1,76,2,19,1,0,4,0,0,3,4.05555
218.438,7.70625,0.4,211.106,7.05,0.325,0,0,76,2,19,1,0,1,0,0,3,3.10748
223.373,7.09016,0.344262,227.578,7.47541,0.385246,19,29,60,2,27,0,0,1,9,0,8,4.79091
222.621,7.38389,0.393365,235.517,7.54976,0.336493,9,12,70,1,14,1,236,4,1,0,9,4.53474
218.438,7.70625,0.4,211.106,7.05,0.325,24,27,74,2,26,1,161,1,8,0,7,4.05511
218.438,7.70625,0.4,211.106,7.05,0.325,7,8,74,2,26,1,161,4,3,0,1,4.48257
222.621,7.38389,0.393365,235.517,7.54976,0.336493,38,45,97,1,32,1,304,4,22,0,9,7.1375
218.438,7.70625,0.4,211.106,7.05,0.325,0,8,62,4,5,1,0,4,0,0,4,4.14751
242.378,7.15058,0.339768,244.568,7.12741,0.30888,15,24,95,4,14,1,171,4,7,0,10,6.12284
218.438,7.70625,0.4,211.106,7.05,0.325,2,5,30,3,18,3,0,1,2,0,9,3.32171
218.438,7.70625,0.4,211.106,7.05,0.325,0,1,30,3,18,3,0,1,0,0,4,3.0544
239.627,7.69737,0.372807,232.079,7.23246,0.337719,24,38,55,1,16,0,0,4,16,1,3,6.67556
218.438,7.70625,0.4,211.106,7.05,0.325,0,0,72,3,21,2,118,1,0,0,4,3.23624
218.438,7.70625,0.4,211.106,7.05,0.325,0,0,72,3,21,2,118,1,0,0,0,3.23624
223.373,7.09016,0.344262,227.578,7.47541,0.385246,5,27,44,2,22,0,136,1,5,1,5,4.90184
223.373,7.09016,0.344262,227.578,7.47541,0.385246,9,24,35,5,8,1,0,1,1,1,5,4.17925
242.378,7.15058,0.339768,244.568,7.12741,0.30888,0,0,54,3,11,0,0,4,0,0,1,4.89403
242.378,7.15058,0.339768,244.568,7.12741,0.30888,0,0,65,3,16,3,97,3,0,0,1,4.80239
218.438,7.70625,0.4,211.106,7.05,0.325,0,0,52,3,9,3,110,1,0,0,0,3.14702
218.438,7.70625,0.4,211.106,7.05,0.325,0,0,61,2,11,1,0,4,0,0,5,3.95176
222.621,7.38389,0.393365,235.517,7.54976,0.336493,0,0,84,0,46,0,0,3,0,1,1,4.31179
222.621,7.38389,0.393365,235.517,7.54976,0.336493,21,36,83,1,22,0,0,4,17,0,11,6.52359
218.438,7.70625,0.4,211.106,7.05,0.325,25,43,65,5,15,1,162,4,17,0,3,6.38734
222.621,7.38389,0.393365,235.517,7.54976,0.336493,25,26,91,2,20,0,0,4,9,0,8,5.27487
222.621,7.38389,0.393365,235.517,7.54976,0.336493,12,10,85,4,30,1,188,0,4,0,7,3.70553
218.438,7.70625,0.4,211.106,7.05,0.325,26,46,46,2,14,0,0,1,18,1,14,5.54901
242.378,7.15058,0.339768,244.568,7.12741,0.30888,47,54,112,1,17,0,219,4,17,0,8,7.00823
242.378,7.15058,0.339768,244.568,7.12741,0.30888,4,9,87,3,26,1,271,0,4,0,9,4.58996
237.176,7.17647,0.289593,230.633,7.45701,0.384615,0,0,56,1,19,0,241,4,0,1,8,4.62779
239.627,7.69737,0.372807,232.079,7.23246,0.337719,7,14,59,1,12,2,0,4,3,0,8,4.93268
237.176,7.17647,0.289593,230.633,7.45701,0.384615,7,17,59,3,24,0,0,4,7,1,8,5.55591
239.627,7.69737,0.372807,232.079,7.23246,0.337719,32,45,53,2,21,0,222,4,16,0,5,6.53896
239.627,7.69737,0.372807,232.079,7.23246,0.337719,1,4,83,1,22,1,211,4,1,0,11,4.88549
237.176,7.17647,0.289593,230.633,7.45701,0.384615,0,0,71,1,23,1,0,4,0,1,3,4.57618
239.627,7.69737,0.372807,232.079,7.23246,0.337719,10,19,56,2,23,0,0,4,10,0,9,5.79822
237.176,7.17647,0.289593,230.633,7.45701,0.384615,8,16,56,4,18,0,172,4,8,1,7,5.73249
237.176,7.17647,0.289593,230.633,7.45701,0.384615,0,0,56,4,18,0,172,0,0,1,0,3.42582
239.627,7.69737,0.372807,232.079,7.23246,0.337719,0,0,54,2,15,0,0,4,0,0,0,4.44376
237.176,7.17647,0.289593,230.633,7.45701,0.384615,46,76,62,0,25,0,157,4,30,1,1,8.45732
234.274,7.4,0.373684,232.363,7.33158,0.342105,14,29,68,2,21,0,0,4,10,1,12,6.36551
234.274,7.4,0.373684,232.363,7.33158,0.342105,49,50,83,1,14,2,137,4,25,1,3,7.76136
239.627,7.69737,0.372807,232.079,7.23246,0.337719,4,8,52,1,20,1,237,4,4,0,8,5.14581
239.627,7.69737,0.372807,232.079,7.23246,0.337719,0,0,52,1,20,1,237,4,0,0,1,4.61119
239.627,7.69737,0.372807,232.079,7.23246,0.337719,72,59,84,0,33,0,246,4,26,0,0,7.00184
239.627,7.69737,0.372807,232.079,7.23246,0.337719,46,53,73,1,21,0,0,4,26,1,0,7.64723
233.745,7.39674,0.36413,227.951,7.30435,0.353261,0,0,27,3,20,0,160,1,0,0,2,3.75329
239.627,7.69737,0.372807,232.079,7.23246,0.337719,48,59,65,0,42,0,0,4,28,1,6,7.97964
233.745,7.39674,0.36413,227.951,7.30435,0.353261,36,54,61,2,18,0,247,4,22,0,0,7.55589
233.745,7.39674,0.36413,227.951,7.30435,0.353261,3,4,50,0,26,1,0,4,3,0,2,4.99495
233.745,7.39674,0.36413,227.951,7.30435,0.353261,0,0,50,0,26,1,0,4,0,0,1,4.63399
237.176,7.17647,0.289593,230.633,7.45701,0.384615,0,0,60,2,28,0,0,4,0,0,4,4.32622
217.33,7.15909,0.3125,225.278,7.57386,0.380682,32,49,50,1,21,0,222,4,16,1,8,5.95379
237.176,7.17647,0.289593,230.633,7.45701,0.384615,0,0,65,2,14,2,220,4,0,0,2,4.4947
237.176,7.17647,0.289593,230.633,7.45701,0.384615,1,7,33,5,12,1,0,0,1,0,3,3.28121
237.176,7.17647,0.289593,230.633,7.45701,0.384615,0,0,33,5,12,1,0,1,0,0,0,3.3569
217.33,7.15909,0.3125,225.278,7.57386,0.380682,0,0,66,4,28,0,138,0,0,1,1,2.8147
242.378,7.15058,0.339768,244.568,7.12741,0.30888,65,59,82,0,34,1,0,0,21,1,6,5.89116
237.176,7.17647,0.289593,230.633,7.45701,0.384615,0,0,78,1,21,1,0,4,0,0,5,4.36779
242.378,7.15058,0.339768,244.568,7.12741,0.30888,24,30,64,2,33,0,191,4,12,1,4,6.70909
242.378,7.15058,0.339768,244.568,7.12741,0.30888,58,66,64,2,33,0,191,0,24,1,6,6.67813
242.378,7.15058,0.339768,244.568,7.12741,0.30888,0,0,86,1,49,1,0,0,0,1,0,4.11884
242.378,7.15058,0.339768,244.568,7.12741,0.30888,0,0,98,0,32,1,259,0,0,1,1,4.23205
242.378,7.15058,0.339768,244.568,7.12741,0.30888,1,10,108,1,12,1,0,4,1,0,1,5.35948
233.745,7.39674,0.36413,227.951,7.30435,0.353261,0,0,73,2,24,1,149,0,0,1,0,3.84515
242.378,7.15058,0.339768,244.568,7.12741,0.30888,110,67,125,0,36,0,189,0,30,0,3,5.87211
242.378,7.15058,0.339768,244.568,7.12741,0.30888,1,2,62,3,19,1,0,4,1,0,4,5.11949
233.745,7.39674,0.36413,227.951,7.30435,0.353261,44,45,92,2,27,0,151,4,14,1,3,6.47175
233.745,7.39674,0.36413,227.951,7.30435,0.353261,10,19,92,2,27,0,151,4,2,1,4,5.4653
217.33,7.15909,0.3125,225.278,7.57386,0.380682,21,43,39,3,14,2,0,4,13,0,5,5.47354
217.33,7.15909,0.3125,225.278,7.57386,0.380682,0,0,39,3,14,2,0,1,0,0,3,2.69972
222.621,7.38389,0.393365,235.517,7.54976,0.336493,9,9,54,0,23,1,277,4,9,0,11,5.4323
222.621,7.38389,0.393365,235.517,7.54976,0.336493,25,48,56,3,15,0,0,4,21,0,9,7.07129
222.621,7.38389,0.393365,235.517,7.54976,0.336493,5,16,56,3,15,0,0,4,5,0,5,5.0487
222.621,7.38389,0.393365,235.517,7.54976,0.336493,0,0,56,3,15,0,0,4,0,0,4,4.26041
212.077,7.5,0.380282,227.704,6.97887,0.316901,0,0,45,2,18,0,0,1,0,1,7,2.96695
212.077,7.5,0.380282,227.704,6.97887,0.316901,0,0,81,1,24,0,158,1,0,1,2,3.18956
242.378,7.15058,0.339768,244.568,7.12741,0.30888,53,59,66,2,24,0,0,1,27,0,4,6.98616
242.378,7.15058,0.339768,244.568,7.12741,0.30888,0,0,53,5,21,1,0,3,0,0,0,4.70778
217.33,7.15909,0.3125,225.278,7.57386,0.380682,10,13,94,0,24,1,183,4,10,1,1,5.28258
217.33,7.15909,0.3125,225.278,7.57386,0.380682,0,0,94,0,24,1,183,4,0,1,5,4.08603
242.378,7.15058,0.339768,244.568,7.12741,0.30888,0,0,104,1,32,2,152,0,0,0,1,4.02044
218.438,7.70625,0.4,211.106,7.05,0.325,19,31,54,4,13,0,158,4,11,1,11,5.70133
237.176,7.17647,0.289593,230.633,7.45701,0.384615,0,0,49,2,17,0,146,4,0,1,4,4.56286
237.176,7.17647,0.289593,230.633,7.45701,0.384615,0,0,72,1,28,0,0,4,0,1,3,4.56627
217.33,7.15909,0.3125,225.278,7.57386,0.380682,28,57,63,2,18,1,262,4,16,0,4,6.12436
222.621,7.38389,0.393365,235.517,7.54976,0.336493,0,0,74,3,28,0,150,0,0,0,0,3.23169
223.373,7.09016,0.344262,227.578,7.47541,0.385246,48,59,56,1,19,0,0,0,20,1,6,5.74299
223.373,7.09016,0.344262,227.578,7.47541,0.385246,16,42,51,3,14,0,224,4,12,1,11,6.74688
242.378,7.15058,0.339768,244.568,7.12741,0.30888,75,59,101,2,49,0,0,4,19,0,8,6.51576
223.373,7.09016,0.344262,227.578,7.47541,0.385246,0,0,91,2,25,1,209,1,0,1,2,4.14994
223.373,7.09016,0.344262,227.578,7.47541,0.385246,38,42,85,2,31,0,258,4,22,1,4,7.51515
234.274,7.4,0.373684,232.363,7.33158,0.342105,27,40,62,2,20,0,0,4,11,1,4,6.30647
234.274,7.4,0.373684,232.363,7.33158,0.342105,0,0,62,2,20,0,0,4,0,1,6,4.9398
237.176,7.17647,0.289593,230.633,7.45701,0.384615,24,25,80,3,30,0,229,4,12,0,8,5.85347
239.627,7.69737,0.372807,232.079,7.23246,0.337719,35,38,77,1,18,2,0,4,21,0,5,6.89539
222.621,7.38389,0.393365,235.517,7.54976,0.336493,0,0,49,2,20,0,160,4,0,0,2,4.3287
222.621,7.38389,0.393365,235.517,7.54976,0.336493,30,67,54,1,15,2,0,4,14,0,8,6.4511
222.621,7.38389,0.393365,235.517,7.54976,0.336493,46,72,55,0,25,0,156,4,18,0,2,6.62586
239.627,7.69737,0.372807,232.079,7.23246,0.337719,13,18,81,2,21,0,0,4,9,0,7,5.64919
222.621,7.38389,0.393365,235.517,7.54976,0.336493,22,26,46,2,35,1,239,4,14,0,8,6.05813
217.33,7.15909,0.3125,225.278,7.57386,0.380682,13,31,62,2,14,0,0,1,9,1,10,4.26017
217.33,7.15909,0.3125,225.278,7.57386,0.380682,21,39,62,2,14,0,0,4,17,1,10,6.09748
218.438,7.70625,0.4,211.106,7.05,0.325,11,14,59,2,21,0,250,1,11,0,9,4.49108
218.438,7.70625,0.4,211.106,7.05,0.325,17,32,59,2,21,0,250,1,13,0,14,4.92251
217.33,7.15909,0.3125,225.278,7.57386,0.380682,27,49,78,2,7,1,0,1,11,1,7,4.52201
218.438,7.70625,0.4,211.106,7.05,0.325,0,4,81,1,13,2,240,4,0,0,6,4.26716
223.373,7.09016,0.344262,227.578,7.47541,0.385246,31,36,56,2,18,0,0,4,23,1,1,7.40463
223.373,7.09016,0.344262,227.578,7.47541,0.385246,11,21,56,2,18,0,0,4,11,1,7,6.21257
222.621,7.38389,0.393365,235.517,7.54976,0.336493,3,8,65,3,11,2,186,4,3,0,5,4.901
223.373,7.09016,0.344262,227.578,7.47541,0.385246,0,0,49,3,17,0,160,4,0,1,5,4.86285
223.373,7.09016,0.344262,227.578,7.47541,0.385246,62,59,94,0,21,0,277,4,28,1,9,7.84545
223.373,7.09016,0.344262,227.578,7.47541,0.385246,14,36,37,3,13,1,0,4,14,1,9,6.7676
223.373,7.09016,0.344262,227.578,7.47541,0.385246,7,10,37,3,13,1,0,4,7,1,8,5.592
242.378,7.15058,0.339768,244.568,7.12741,0.30888,0,0,64,2,28,1,153,0,0,0,0,3.85944
233.745,7.39674,0.36413,227.951,7.30435,0.353261,22,38,50,4,14,0,0,4,22,0,0,7.4861
242.378,7.15058,0.339768,244.568,7.12741,0.30888,0,0,54,1,15,2,153,0,0,0,1,3.77905
223.373,7.09016,0.344262,227.578,7.47541,0.385246,22,22,110,4,24,1,259,4,22,1,6,7.72863
239.627,7.69737,0.372807,232.079,7.23246,0.337719,21,33,61,1,21,0,0,4,15,1,9,6.5803
239.627,7.69737,0.372807,232.079,7.23246,0.337719,8,15,82,1,16,1,0,4,8,1,9,5.82609
217.33,7.15909,0.3125,225.278,7.57386,0.380682,32,38,62,3,32,0,258,1,20,0,10,5.23376
239.627,7.69737,0.372807,232.079,7.23246,0.337719,0,0,89,0,10,1,0,4,0,1,4,4.75074
239.627,7.69737,0.372807,232.079,7.23246,0.337719,0,0,89,0,10,1,0,4,0,1,3,4.75074
222.621,7.38389,0.393365,235.517,7.54976,0.336493,0,0,34,4,10,1,123,1,0,0,4,3.37375
239.627,7.69737,0.372807,232.079,7.23246,0.337719,0,0,73,3,21,0,0,4,0,1,5,4.78701
222.621,7.38389,0.393365,235.517,7.54976,0.336493,22,41,25,3,25,0,0,4,14,0,9,6.08899
239.627,7.69737,0.372807,232.079,7.23246,0.337719,33,42,62,2,18,1,204,4,13,1,10,6.34899
218.438,7.70625,0.4,211.106,7.05,0.325,49,55,96,1,26,0,199,4,25,0,8,6.94485
218.438,7.70625,0.4,211.106,7.05,0.325,52,56,96,1,26,0,199,1,22,0,10,5.58198
218.438,7.70625,0.4,211.106,7.05,0.325,45,67,65,0,14,1,0,4,37,0,4,8.49554
218.438,7.70625,0.4,211.106,7.05,0.325,7,17,65,0,14,1,0,1,7,0,10,3.98961
212.077,7.5,0.380282,227.704,6.97887,0.316901,13,19,65,6,14,0,0,4,5,1,7,4.67738
218.438,7.70625,0.4,211.106,7.05,0.325,13,30,53,2,18,0,192,1,5,0,7,3.9479
234.274,7.4,0.373684,232.363,7.33158,0.342105,41,45,92,2,21,0,205,4,25,1,0,7.95722
233.745,7.39674,0.36413,227.951,7.30435,0.353261,10,21,63,2,17,0,0,4,6,0,2,5.53383
234.274,7.4,0.373684,232.363,7.33158,0.342105,5,12,64,1,19,1,210,4,5,1,7,5.78938
237.176,7.17647,0.289593,230.633,7.45701,0.384615,0,1,49,2,24,1,195,4,0,0,7,4.44825
239.627,7.69737,0.372807,232.079,7.23246,0.337719,1,4,62,1,14,1,0,4,1,0,5,4.64683
239.627,7.69737,0.372807,232.079,7.23246,0.337719,14,26,70,2,16,0,193,4,6,0,8,5.47653
217.33,7.15909,0.3125,225.278,7.57386,0.380682,19,28,38,4,29,1,0,1,15,0,3,4.59793
242.378,7.15058,0.339768,244.568,7.12741,0.30888,32,67,51,2,13,0,124,4,14,0,4,7.07175
242.378,7.15058,0.339768,244.568,7.12741,0.30888,0,0,64,2,24,0,265,4,0,1,4,5.34507
242.378,7.15058,0.339768,244.568,7.12741,0.30888,31,39,90,2,25,1,0,4,19,1,9,7.51727
239.627,7.69737,0.372807,232.079,7.23246,0.337719,4,8,71,1,22,1,0,4,4,0,7,5.07041
242.378,7.15058,0.339768,244.568,7.12741,0.30888,2,6,74,2,14,1,200,4,2,1,7,5.64064
242.378,7.15058,0.339768,244.568,7.12741,0.30888,6,13,74,2,14,1,200,4,6,1,6,6.15526
242.378,7.15058,0.339768,244.568,7.12741,0.30888,68,62,97,2,27,1,331,4,32,1,7,8.74156
212.077,7.5,0.380282,227.704,6.97887,0.316901,27,40,57,4,14,0,176,4,13,0,1,5.47533
212.077,7.5,0.380282,227.704,6.97887,0.316901,0,0,57,4,14,0,176,4,0,0,4,3.86342
212.077,7.5,0.380282,227.704,6.97887,0.316901,0,0,74,1,16,0,0,4,0,0,3,3.73658
218.438,7.70625,0.4,211.106,7.05,0.325,28,46,94,3,25,0,197,1,12,1,5,5.11962
212.077,7.5,0.380282,227.704,6.97887,0.316901,63,55,81,1,25,2,0,4,17,0,7,5.22084
212.077,7.5,0.380282,227.704,6.97887,0.316901,4,7,30,5,8,4,0,3,4,0,3,3.9973
218.438,7.70625,0.4,211.106,7.05,0.325,14,10,61,2,27,1,208,4,4,1,5,4.65553
233.745,7.39674,0.36413,227.951,7.30435,0.353261,38,39,76,2,26,0,0,4,14,1,8,6.36959
233.745,7.39674,0.36413,227.951,7.30435,0.353261,0,0,76,2,26,0,0,1,0,1,5,4.04568
218.438,7.70625,0.4,211.106,7.05,0.325,4,22,25,5,12,0,0,4,4,0,0,4.69352
233.745,7.39674,0.36413,227.951,7.30435,0.353261,7,13,85,3,19,0,235,0,7,1,8,4.83325
239.627,7.69737,0.372807,232.079,7.23246,0.337719,10,7,82,2,30,1,0,4,2,0,9,4.72867
233.745,7.39674,0.36413,227.951,7.30435,0.353261,5,28,86,2,9,0,270,4,5,1,0,6.14285
233.745,7.39674,0.36413,227.951,7.30435,0.353261,0,0,86,2,9,0,270,1,0,1,4,4.18647
239.627,7.69737,0.372807,232.079,7.23246,0.337719,0,0,77,2,30,0,0,4,0,0,2,4.58278
233.745,7.39674,0.36413,227.951,7.30435,0.353261,20,33,77,3,27,0,0,1,12,1,4,5.63284
233.745,7.39674,0.36413,227.951,7.30435,0.353261,0,0,82,1,19,1,0,4,0,1,1,4.97297
239.627,7.69737,0.372807,232.079,7.23246,0.337719,5,4,73,1,24,1,0,4,5,0,6,5.09883
239.627,7.69737,0.372807,232.079,7.23246,0.337719,4,12,67,1,10,1,0,4,4,0,16,5.09002
237.176,7.17647,0.289593,230.633,7.45701,0.384615,1,1,68,3,24,1,206,1,1,1,9,3.94091
218.438,7.70625,0.4,211.106,7.05,0.325,16,20,67,2,23,0,0,1,10,0,7,4.22114
218.438,7.70625,0.4,211.106,7.05,0.325,78,59,84,3,23,1,0,4,22,1,6,5.9502
218.438,7.70625,0.4,211.106,7.05,0.325,39,76,64,2,15,0,0,4,23,1,8,7.38098
237.176,7.17647,0.289593,230.633,7.45701,0.384615,47,51,75,3,17,0,253,4,23,0,3,7.00342
237.176,7.17647,0.289593,230.633,7.45701,0.384615,16,24,75,3,17,0,253,4,8,0,4,5.52217
237.176,7.17647,0.289593,230.633,7.45701,0.384615,11,18,77,3,21,1,205,4,11,1,4,6.16508
237.176,7.17647,0.289593,230.633,7.45701,0.384615,0,0,87,0,23,1,207,4,0,1,4,4.73612
222.621,7.38389,0.393365,235.517,7.54976,0.336493,8,18,63,2,16,2,130,4,8,0,9,5.51835
222.621,7.38389,0.393365,235.517,7.54976,0.336493,0,0,43,2,14,1,0,0,0,0,3,2.97829
233.745,7.39674,0.36413,227.951,7.30435,0.353261,45,57,84,1,22,0,0,4,23,0,7,7.39018
233.745,7.39674,0.36413,227.951,7.30435,0.353261,0,0,84,1,22,0,0,4,0,0,1,4.7335
222.621,7.38389,0.393365,235.517,7.54976,0.336493,37,53,65,0,24,1,226,4,17,0,9,6.49247
222.621,7.38389,0.393365,235.517,7.54976,0.336493,0,0,58,3,18,2,192,4,0,0,0,4.46613
212.077,7.5,0.380282,227.704,6.97887,0.316901,0,0,46,4,13,1,115,3,0,0,4,3.50546
223.373,7.09016,0.344262,227.578,7.47541,0.385246,48,52,122,0,26,0,391,4,24,0,7,7.5855
242.378,7.15058,0.339768,244.568,7.12741,0.30888,41,46,71,2,31,1,0,4,13,1,10,6.58788
223.373,7.09016,0.344262,227.578,7.47541,0.385246,0,0,115,1,29,0,0,4,0,0,1,4.75994
242.378,7.15058,0.339768,244.568,7.12741,0.30888,31,43,98,1,25,0,228,4,19,1,1,7.70957
239.627,7.69737,0.372807,232.079,7.23246,0.337719,1,2,52,0,9,1,0,4,1,0,14,4.52458
239.627,7.69737,0.372807,232.079,7.23246,0.337719,31,54,52,0,9,1,0,4,19,0,11,6.90272
217.33,7.15909,0.3125,225.278,7.57386,0.380682,0,0,69,1,29,0,0,4,0,0,1,3.67072
233.745,7.39674,0.36413,227.951,7.30435,0.353261,7,9,57,5,14,1,0,0,7,0,5,4.34894
239.627,7.69737,0.372807,232.079,7.23246,0.337719,2,7,91,0,30,2,176,4,2,0,2,5.0811
219.527,7.65455,0.290909,202.727,7.56364,0.4,1,9,59,2,16,1,166,1,1,0,5,2.24312
222.621,7.38389,0.393365,235.517,7.54976,0.336493,0,0,74,2,26,0,0,4,0,0,11,4.33869
242.378,7.15058,0.339768,244.568,7.12741,0.30888,30,34,82,1,26,0,0,4,14,1,13,6.74834
242.378,7.15058,0.339768,244.568,7.12741,0.30888,43,62,82,1,26,0,0,4,25,1,8,8.28061
237.176,7.17647,0.289593,230.633,7.45701,0.384615,71,71,101,1,24,1,328,4,35,0,9,8.32324
237.176,7.17647,0.289593,230.633,7.45701,0.384615,7,8,101,1,24,1,328,4,7,0,6,5.48392
212.077,7.5,0.380282,227.704,6.97887,0.316901,0,0,42,5,28,0,0,3,0,0,1,3.47129
219.527,7.65455,0.290909,202.727,7.56364,0.4,32,58,43,2,30,0,0,4,24,0,8,5.93312
242.378,7.15058,0.339768,244.568,7.12741,0.30888,0,0,63,2,20,0,202,4,0,1,10,5.2862
242.378,7.15058,0.339768,244.568,7.12741,0.30888,0,0,63,2,20,0,202,4,0,1,2,5.2862
237.176,7.17647,0.289593,230.633,7.45701,0.384615,32,67,39,3,24,0,0,4,24,0,9,7.62033
234.274,7.4,0.373684,232.363,7.33158,0.342105,3,5,67,1,16,2,160,4,3,0,10,5.23674
234.274,7.4,0.373684,232.363,7.33158,0.342105,1,3,67,1,16,2,160,4,1,0,5,5.00943
212.077,7.5,0.380282,227.704,6.97887,0.316901,70,59,78,0,27,1,173,4,28,0,10,6.49326
217.33,7.15909,0.3125,225.278,7.57386,0.380682,43,69,49,0,22,0,0,4,21,0,6,6.25485
217.33,7.15909,0.3125,225.278,7.57386,0.380682,28,51,49,0,22,0,0,4,16,0,7,5.7163
219.527,7.65455,0.290909,202.727,7.56364,0.4,25,29,55,2,26,0,224,4,17,0,0,4.86636
222.621,7.38389,0.393365,235.517,7.54976,0.336493,0,0,53,1,27,0,152,0,0,0,3,3.09964
219.527,7.65455,0.290909,202.727,7.56364,0.4,0,0,65,4,16,0,138,1,0,0,3,1.99552
217.33,7.15909,0.3125,225.278,7.57386,0.380682,2,6,100,3,10,2,215,4,2,0,1,4.27116
233.745,7.39674,0.36413,227.951,7.30435,0.353261,1,1,68,2,15,2,143,4,1,0,5,4.94741
233.745,7.39674,0.36413,227.951,7.30435,0.353261,0,0,68,2,15,2,143,0,0,0,3,3.59633
239.627,7.69737,0.372807,232.079,7.23246,0.337719,0,0,57,1,14,1,0,4,0,0,2,4.45553
222.621,7.38389,0.393365,235.517,7.54976,0.336493,0,0,60,2,21,0,172,4,0,0,0,4.37898
218.438,7.70625,0.4,211.106,7.05,0.325,22,35,30,4,16,1,71,4,10,1,4,5.47626
242.378,7.15058,0.339768,244.568,7.12741,0.30888,4,8,69,1,22,1,241,4,4,1,9,5.87946
234.274,7.4,0.373684,232.363,7.33158,0.342105,0,0,69,2,18,0,170,4,0,0,1,4.83912
237.176,7.17647,0.289593,230.633,7.45701,0.384615,14,36,46,2,19,0,0,4,10,0,14,5.78278
223.373,7.09016,0.344262,227.578,7.47541,0.385246,31,57,63,1,15,0,209,4,15,1,5,6.96153
222.621,7.38389,0.393365,235.517,7.54976,0.336493,20,27,70,1,19,1,224,4,12,0,10,5.87662
242.378,7.15058,0.339768,244.568,7.12741,0.30888,0,0,77,2,21,0,263,4,0,1,2,5.37811
218.438,7.70625,0.4,211.106,7.05,0.325,3,10,63,3,12,1,0,1,3,1,4,3.76863
223.373,7.09016,0.344262,227.578,7.47541,0.385246,48,48,75,1,36,0,238,4,16,0,13,6.32794
223.373,7.09016,0.344262,227.578,7.47541,0.385246,55,60,90,0,21,0,244,4,23,0,5,7.19472
223.373,7.09016,0.344262,227.578,7.47541,0.385246,4,5,66,5,26,1,0,1,0,0,5,3.77491
217.33,7.15909,0.3125,225.278,7.57386,0.380682,20,48,46,0,13,1,0,3,16,1,9,5.79152
217.33,7.15909,0.3125,225.278,7.57386,0.380682,6,19,46,0,13,1,0,4,6,1,8,4.70021
217.33,7.15909,0.3125,225.278,7.57386,0.380682,16,36,68,3,19,0,133,1,8,1,5,4.30304
234.274,7.4,0.373684,232.363,7.33158,0.342105,10,10,81,0,26,1,0,4,6,0,11,5.42802
234.274,7.4,0.373684,232.363,7.33158,0.342105,60,60,81,0,26,1,0,4,36,0,10,8.6582
217.33,7.15909,0.3125,225.278,7.57386,0.380682,0,0,62,3,15,0,146,0,0,1,1,2.72783
217.33,7.15909,0.3125,225.278,7.57386,0.380682,50,63,70,1,23,0,0,4,20,1,5,6.14043
234.274,7.4,0.373684,232.363,7.33158,0.342105,0,5,85,2,20,1,285,4,0,0,7,5.10889
242.378,7.15058,0.339768,244.568,7.12741,0.30888,37,48,98,1,27,0,0,1,23,1,10,7.06142
223.373,7.09016,0.344262,227.578,7.47541,0.385246,2,6,72,2,13,4,230,1,2,0,8,4.23
223.373,7.09016,0.344262,227.578,7.47541,0.385246,0,1,67,0,21,1,0,4,0,0,5,4.58473
239.627,7.69737,0.372807,232.079,7.23246,0.337719,6,27,75,2,14,0,103,4,6,1,0,5.9066
239.627,7.69737,0.372807,232.079,7.23246,0.337719,14,25,35,4,23,0,0,4,10,1,9,6.00897
237.176,7.17647,0.289593,230.633,7.45701,0.384615,0,0,56,3,14,0,165,4,0,0,2,4.39032
237.176,7.17647,0.289593,230.633,7.45701,0.384615,44,59,95,1,17,0,0,4,32,0,11,8.20891
237.176,7.17647,0.289593,230.633,7.45701,0.384615,29,44,64,3,19,0,186,4,25,0,7,7.55663
237.176,7.17647,0.289593,230.633,7.45701,0.384615,0,0,74,1,25,0,0,4,0,0,6,4.33638
239.627,7.69737,0.372807,232.079,7.23246,0.337719,0,0,99,2,32,0,324,4,0,1,2,5.0988
239.627,7.69737,0.372807,232.079,7.23246,0.337719,14,32,49,2,12,1,0,4,10,1,10,6.13332
237.176,7.17647,0.289593,230.633,7.45701,0.384615,21,33,53,5,22,0,196,4,17,0,10,6.62184
237.176,7.17647,0.289593,230.633,7.45701,0.384615,6,13,53,5,22,0,196,1,6,0,9,4.37945
212.077,7.5,0.380282,227.704,6.97887,0.316901,61,75,74,0,22,0,190,4,35,1,7,8.10246
223.373,7.09016,0.344262,227.578,7.47541,0.385246,43,53,79,2,20,0,265,4,21,0,9,7.18312
223.373,7.09016,0.344262,227.578,7.47541,0.385246,72,65,92,0,22,0,0,4,30,0,0,7.51688
212.077,7.5,0.380282,227.704,6.97887,0.316901,3,11,34,2,26,1,0,3,3,1,8,4.11139
223.373,7.09016,0.344262,227.578,7.47541,0.385246,21,35,62,2,17,0,0,4,17,1,11,6.95592
222.621,7.38389,0.393365,235.517,7.54976,0.336493,0,0,40,4,24,0,212,4,0,0,2,4.40066
242.378,7.15058,0.339768,244.568,7.12741,0.30888,5,10,63,3,15,0,144,4,5,0,10,5.70073
223.373,7.09016,0.344262,227.578,7.47541,0.385246,42,57,107,0,17,1,0,4,20,1,7,7.29156
242.378,7.15058,0.339768,244.568,7.12741,0.30888,6,14,74,2,16,1,0,0,6,0,6,4.59344
242.378,7.15058,0.339768,244.568,7.12741,0.30888,3,7,81,1,19,1,0,4,3,0,9,5.4185
223.373,7.09016,0.344262,227.578,7.47541,0.385246,9,20,44,4,12,1,170,4,5,1,9,5.64505
233.745,7.39674,0.36413,227.951,7.30435,0.353261,18,36,48,3,30,0,0,4,14,0,11,6.60796
242.378,7.15058,0.339768,244.568,7.12741,0.30888,8,13,46,5,13,2,80,4,4,0,4,5.56372
223.373,7.09016,0.344262,227.578,7.47541,0.385246,41,58,43,4,22,0,0,4,21,1,4,7.33458
233.745,7.39674,0.36413,227.951,7.30435,0.353261,19,27,59,3,23,0,0,4,15,0,5,6.53342
223.373,7.09016,0.344262,227.578,7.47541,0.385246,34,50,71,1,16,1,183,4,10,1,6,6.16981
242.378,7.15058,0.339768,244.568,7.12741,0.30888,66,61,75,4,19,0,0,0,26,0,7,6.28536
233.745,7.39674,0.36413,227.951,7.30435,0.353261,0,0,28,4,10,2,106,0,0,0,0,3.46779
242.378,7.15058,0.339768,244.568,7.12741,0.30888,0,0,50,3,15,1,0,4,0,0,0,4.92806
223.373,7.09016,0.344262,227.578,7.47541,0.385246,67,55,80,0,26,0,0,4,25,1,5,7.04707
242.378,7.15058,0.339768,244.568,7.12741,0.30888,35,54,83,2,13,1,209,4,15,0,2,7.04694
234.274,7.4,0.373684,232.363,7.33158,0.342105,18,47,76,2,23,0,193,4,14,0,10,7.03299
222.621,7.38389,0.393365,235.517,7.54976,0.336493,6,6,56,2,21,2,280,0,2,0,12,3.45272
234.274,7.4,0.373684,232.363,7.33158,0.342105,47,46,55,2,24,1,0,4,27,0,10,7.60708
234.274,7.4,0.373684,232.363,7.33158,0.342105,63,72,75,2,21,0,0,4,31,0,9,8.18034
222.621,7.38389,0.393365,235.517,7.54976,0.336493,30,54,81,2,23,0,259,4,30,0,7,8.40557
222.621,7.38389,0.393365,235.517,7.54976,0.336493,0,0,81,2,23,0,259,0,0,0,0,3.27849
234.274,7.4,0.373684,232.363,7.33158,0.342105,39,42,97,2,24,0,0,4,27,0,7,7.87436
222.621,7.38389,0.393365,235.517,7.54976,0.336493,57,57,86,2,22,2,248,4,29,0,2,7.63293
222.621,7.38389,0.393365,235.517,7.54976,0.336493,0,0,86,2,22,2,248,0,0,0,4,3.35075
234.274,7.4,0.373684,232.363,7.33158,0.342105,5,9,76,2,16,1,184,4,1,1,8,5.28086
234.274,7.4,0.373684,232.363,7.33158,0.342105,39,71,55,2,24,0,0,4,27,1,4,8.53157
234.274,7.4,0.373684,232.363,7.33158,0.342105,0,0,67,1,32,1,0,1,0,1,5,4.08071
242.378,7.15058,0.339768,244.568,7.12741,0.30888,37,53,49,3,20,0,139,4,21,0,10,7.56237
242.378,7.15058,0.339768,244.568,7.12741,0.30888,44,61,60,2,32,0,275,4,28,1,9,8.74693
223.373,7.09016,0.344262,227.578,7.47541,0.385246,16,36,74,1,14,1,0,4,16,1,8,7.03399
233.745,7.39674,0.36413,227.951,7.30435,0.353261,4,14,60,1,11,1,0,4,4,0,5,5.29373
242.378,7.15058,0.339768,244.568,7.12741,0.30888,8,10,77,0,23,1,252,4,4,1,11,5.81495
242.378,7.15058,0.339768,244.568,7.12741,0.30888,0,0,82,2,22,2,305,0,0,1,8,4.25423
233.745,7.39674,0.36413,227.951,7.30435,0.353261,2,3,64,3,10,3,0,1,2,0,8,4.08938
222.621,7.38389,0.393365,235.517,7.54976,0.336493,13,39,36,3,13,2,0,4,13,0,6,6.2451
233.745,7.39674,0.36413,227.951,7.30435,0.353261,15,36,55,3,13,1,0,4,11,1,0,6.54424
233.745,7.39674,0.36413,227.951,7.30435,0.353261,72,51,96,1,24,0,0,0,22,1,6,5.40328
233.745,7.39674,0.36413,227.951,7.30435,0.353261,36,59,96,1,24,0,0,4,18,1,8,7.35325
222.621,7.38389,0.393365,235.517,7.54976,0.336493,16,24,66,3,37,0,245,4,12,0,6,6.02376
223.373,7.09016,0.344262,227.578,7.47541,0.385246,18,48,48,5,14,2,112,4,14,0,1,6.86806
223.373,7.09016,0.344262,227.578,7.47541,0.385246,2,2,48,5,14,2,112,1,2,0,6,4.01198
223.373,7.09016,0.344262,227.578,7.47541,0.385246,0,0,48,5,14,2,112,1,0,0,3,3.78467
237.176,7.17647,0.289593,230.633,7.45701,0.384615,32,50,63,2,15,1,0,4,12,1,6,6.0892
223.373,7.09016,0.344262,227.578,7.47541,0.385246,0,0,85,1,27,0,225,4,0,0,2,4.78891
242.378,7.15058,0.339768,244.568,7.12741,0.30888,2,3,110,2,45,2,0,4,2,0,0,5.50786
237.176,7.17647,0.289593,230.633,7.45701,0.384615,75,57,136,2,36,1,185,4,49,1,5,9.97635
237.176,7.17647,0.289593,230.633,7.45701,0.384615,2,2,136,2,36,1,185,0,2,1,7,3.99048
242.378,7.15058,0.339768,244.568,7.12741,0.30888,1,2,41,4,11,1,0,4,1,0,7,5.0422
237.176,7.17647,0.289593,230.633,7.45701,0.384615,4,5,76,1,16,2,211,4,4,1,9,5.20785
237.176,7.17647,0.289593,230.633,7.45701,0.384615,3,10,76,1,16,2,211,0,3,1,10,3.97678
237.176,7.17647,0.289593,230.633,7.45701,0.384615,24,40,68,3,29,0,263,4,20,1,10,7.33522
242.378,7.15058,0.339768,244.568,7.12741,0.30888,14,16,46,1,27,1,0,4,6,0,10,5.55503
218.438,7.70625,0.4,211.106,7.05,0.325,14,31,59,1,11,1,0,1,10,1,6,4.65501
233.745,7.39674,0.36413,227.951,7.30435,0.353261,8,14,57,3,20,1,226,0,8,0,0,4.65358
212.077,7.5,0.380282,227.704,6.97887,0.316901,6,17,64,3,12,0,0,4,2,0,4,4.15266
212.077,7.5,0.380282,227.704,6.97887,0.316901,7,27,54,3,9,0,0,1,7,0,9,3.96189
217.33,7.15909,0.3125,225.278,7.57386,0.380682,0,5,42,1,15,1,0,4,0,1,2,3.87955
217.33,7.15909,0.3125,225.278,7.57386,0.380682,0,0,42,1,15,1,0,1,0,1,2,2.85147
222.621,7.38389,0.393365,235.517,7.54976,0.336493,10,24,78,1,16,1,211,4,6,0,5,5.37902
217.33,7.15909,0.3125,225.278,7.57386,0.380682,49,45,59,2,21,0,0,4,21,1,2,5.91315
217.33,7.15909,0.3125,225.278,7.57386,0.380682,0,0,59,2,21,0,0,1,0,1,4,2.92956
217.33,7.15909,0.3125,225.278,7.57386,0.380682,3,36,59,2,21,0,0,4,3,1,7,4.85864
222.621,7.38389,0.393365,235.517,7.54976,0.336493,0,5,52,0,14,1,218,4,0,0,5,4.43026
217.33,7.15909,0.3125,225.278,7.57386,0.380682,0,0,63,1,19,0,0,4,0,1,5,3.83636
222.621,7.38389,0.393365,235.517,7.54976,0.336493,18,31,50,4,22,0,165,1,12,0,3,5.04042
222.621,7.38389,0.393365,235.517,7.54976,0.336493,45,61,47,2,16,0,0,4,21,0,6,6.69626
217.33,7.15909,0.3125,225.278,7.57386,0.380682,27,65,67,0,24,0,118,1,19,1,9,5.83648
242.378,7.15058,0.339768,244.568,7.12741,0.30888,20,17,54,2,29,2,218,4,10,0,10,6.12616
239.627,7.69737,0.372807,232.079,7.23246,0.337719,13,24,89,3,11,0,0,4,5,0,7,5.29603
239.627,7.69737,0.372807,232.079,7.23246,0.337719,23,30,105,1,35,0,231,4,13,0,9,6.34735
234.274,7.4,0.373684,232.363,7.33158,0.342105,0,0,81,6,35,2,122,1,0,1,1,4.39008
234.274,7.4,0.373684,232.363,7.33158,0.342105,55,64,71,1,32,0,0,4,25,1,9,7.74238
234.274,7.4,0.373684,232.363,7.33158,0.342105,24,26,57,1,29,0,0,4,14,1,6,6.47064
239.627,7.69737,0.372807,232.079,7.23246,0.337719,10,20,71,3,11,0,207,4,6,0,4,5.4932
223.373,7.09016,0.344262,227.578,7.47541,0.385246,18,33,37,2,21,0,0,4,14,0,10,6.33678
223.373,7.09016,0.344262,227.578,7.47541,0.385246,37,55,37,2,21,0,0,4,19,0,10,6.83945
234.274,7.4,0.373684,232.363,7.33158,0.342105,55,57,74,0,18,1,234,4,23,1,0,7.46701
223.373,7.09016,0.344262,227.578,7.47541,0.385246,63,63,87,1,28,1,288,4,19,0,11,6.63713
223.373,7.09016,0.344262,227.578,7.47541,0.385246,8,8,78,3,25,2,0,4,0,1,3,4.88834
239.627,7.69737,0.372807,232.079,7.23246,0.337719,49,62,78,1,21,1,199,4,23,0,7,7.32351
239.627,7.69737,0.372807,232.079,7.23246,0.337719,30,18,48,3,50,0,0,4,18,1,10,6.50873
242.378,7.15058,0.339768,244.568,7.12741,0.30888,13,16,73,5,26,0,145,4,13,0,6,6.70366
242.378,7.15058,0.339768,244.568,7.12741,0.30888,2,4,71,1,18,1,228,4,2,0,4,5.37016
239.627,7.69737,0.372807,232.079,7.23246,0.337719,3,6,72,2,19,1,0,4,3,1,9,5.18178
223.373,7.09016,0.344262,227.578,7.47541,0.385246,0,0,60,2,16,1,0,4,0,0,8,4.5761
242.378,7.15058,0.339768,244.568,7.12741,0.30888,0,0,64,2,15,0,229,0,0,0,4,3.82473
223.373,7.09016,0.344262,227.578,7.47541,0.385246,21,25,83,2,30,0,269,4,9,0,3,5.84421
242.378,7.15058,0.339768,244.568,7.12741,0.30888,0,9,59,2,12,3,143,4,0,0,6,5.25663
223.373,7.09016,0.344262,227.578,7.47541,0.385246,42,63,61,1,22,0,0,4,30,0,4,8.26436
223.373,7.09016,0.344262,227.578,7.47541,0.385246,19,24,61,1,22,0,0,4,15,0,6,6.3113
223.373,7.09016,0.344262,227.578,7.47541,0.385246,32,32,58,2,27,0,0,4,18,0,13,6.49891
239.627,7.69737,0.372807,232.079,7.23246,0.337719,0,0,82,0,21,0,0,4,0,1,1,4.73574
223.373,7.09016,0.344262,227.578,7.47541,0.385246,0,0,82,2,17,1,290,4,0,0,5,4.84133
223.373,7.09016,0.344262,227.578,7.47541,0.385246,63,73,83,0,36,0,255,4,35,0,9,8.73459
239.627,7.69737,0.372807,232.079,7.23246,0.337719,0,0,74,1,34,0,0,4,0,1,1,4.78533
239.627,7.69737,0.372807,232.079,7.23246,0.337719,0,0,74,1,34,0,0,4,0,1,1,4.78533
223.373,7.09016,0.344262,227.578,7.47541,0.385246,21,40,60,4,20,0,195,4,17,0,8,7.01397
233.745,7.39674,0.36413,227.951,7.30435,0.353261,67,67,75,0,37,0,0,4,27,1,6,7.66708
212.077,7.5,0.380282,227.704,6.97887,0.316901,18,35,38,4,21,1,220,4,18,0,11,6.26976
234.274,7.4,0.373684,232.363,7.33158,0.342105,25,36,57,3,17,0,249,4,21,0,10,7.44151
234.274,7.4,0.373684,232.363,7.33158,0.342105,23,24,91,2,32,0,222,4,11,0,7,6.16624
234.274,7.4,0.373684,232.363,7.33158,0.342105,60,64,76,0,15,1,203,4,36,0,7,8.80675
237.176,7.17647,0.289593,230.633,7.45701,0.384615,21,38,57,3,27,0,0,4,13,0,9,6.0852
242.378,7.15058,0.339768,244.568,7.12741,0.30888,44,41,82,2,24,0,223,4,16,1,10,6.88923
237.176,7.17647,0.289593,230.633,7.45701,0.384615,37,29,73,2,35,0,0,4,13,0,10,5.50126
237.176,7.17647,0.289593,230.633,7.45701,0.384615,28,43,81,2,19,0,0,4,18,0,5,6.62169
237.176,7.17647,0.289593,230.633,7.45701,0.384615,0,0,81,2,19,0,0,4,0,0,2,4.36561
242.378,7.15058,0.339768,244.568,7.12741,0.30888,26,38,47,3,25,0,211,4,14,1,9,7.00591
242.378,7.15058,0.339768,244.568,7.12741,0.30888,1,7,71,0,10,3,0,0,1,1,3,4.18691
237.176,7.17647,0.289593,230.633,7.45701,0.384615,63,62,90,0,29,0,168,4,21,0,0,6.47695
212.077,7.5,0.380282,227.704,6.97887,0.316901,53,58,83,1,17,0,178,1,25,1,8,5.87244
212.077,7.5,0.380282,227.704,6.97887,0.316901,0,0,83,1,17,0,178,3,0,1,1,3.80101
218.438,7.70625,0.4,211.106,7.05,0.325,0,4,41,3,12,3,0,4,0,0,4,4.05816
212.077,7.5,0.380282,227.704,6.97887,0.316901,0,0,56,1,16,0,178,4,0,1,1,4.01123
218.438,7.70625,0.4,211.106,7.05,0.325,39,50,56,1,21,1,240,4,31,0,5,7.76858
218.438,7.70625,0.4,211.106,7.05,0.325,10,12,56,1,21,1,240,4,6,0,7,4.78311
218.438,7.70625,0.4,211.106,7.05,0.325,13,28,99,2,17,0,194,4,9,0,3,5.48622
212.077,7.5,0.380282,227.704,6.97887,0.316901,1,6,65,2,11,2,156,3,1,1,7,4.00718
222.621,7.38389,0.393365,235.517,7.54976,0.336493,48,63,65,0,16,0,215,4,28,0,12,7.65212
212.077,7.5,0.380282,227.704,6.97887,0.316901,36,61,63,0,14,0,238,1,20,1,8,5.74005
233.745,7.39674,0.36413,227.951,7.30435,0.353261,37,46,65,3,29,0,0,0,15,0,7,5.19881
223.373,7.09016,0.344262,227.578,7.47541,0.385246,32,52,57,2,16,0,0,4,16,0,3,6.60773
223.373,7.09016,0.344262,227.578,7.47541,0.385246,41,59,69,1,26,0,222,4,29,0,4,8.27502
222.621,7.38389,0.393365,235.517,7.54976,0.336493,8,10,53,1,12,2,0,4,0,0,2,4.21657
223.373,7.09016,0.344262,227.578,7.47541,0.385246,11,18,55,3,12,0,165,4,7,0,6,5.54222
223.373,7.09016,0.344262,227.578,7.47541,0.385246,18,52,55,3,12,0,165,4,10,0,5,6.38734
222.621,7.38389,0.393365,235.517,7.54976,0.336493,16,24,54,2,20,0,207,4,8,0,8,5.37359
237.176,7.17647,0.289593,230.633,7.45701,0.384615,13,17,56,0,23,1,0,4,9,0,9,5.33719
222.621,7.38389,0.393365,235.517,7.54976,0.336493,0,0,57,4,19,0,0,0,0,0,2,3.06962
237.176,7.17647,0.289593,230.633,7.45701,0.384615,56,67,82,0,27,0,216,4,22,0,9,6.89686
217.33,7.15909,0.3125,225.278,7.57386,0.380682,12,15,64,1,23,0,0,4,2,0,6,3.82753
218.438,7.70625,0.4,211.106,7.05,0.325,29,61,46,1,25,0,243,1,21,1,10,6.2987
237.176,7.17647,0.289593,230.633,7.45701,0.384615,42,68,71,1,30,0,0,4,30,1,0,8.39245
217.33,7.15909,0.3125,225.278,7.57386,0.380682,0,0,91,1,24,3,170,0,0,0,0,2.69751
237.176,7.17647,0.289593,230.633,7.45701,0.384615,61,60,79,0,35,0,228,4,29,1,6,7.72362
237.176,7.17647,0.289593,230.633,7.45701,0.384615,0,0,59,0,24,1,0,4,0,1,6,4.51001
237.176,7.17647,0.289593,230.633,7.45701,0.384615,4,8,55,1,12,2,205,4,4,1,9,5.17452
234.274,7.4,0.373684,232.363,7.33158,0.342105,34,42,65,3,20,0,178,4,14,0,7,6.43719
223.373,7.09016,0.344262,227.578,7.47541,0.385246,24,43,60,4,11,0,0,4,12,0,8,6.21565
242.378,7.15058,0.339768,244.568,7.12741,0.30888,73,70,92,1,33,1,320,4,31,0,13,8.37955
223.373,7.09016,0.344262,227.578,7.47541,0.385246,19,34,48,3,20,0,0,4,11,0,9,6.02257
218.438,7.70625,0.4,211.106,7.05,0.325,0,4,60,0,8,2,224,4,0,1,3,4.36134
217.33,7.15909,0.3125,225.278,7.57386,0.380682,16,17,55,4,25,1,0,4,4,0,7,4.08859
217.33,7.15909,0.3125,225.278,7.57386,0.380682,41,52,42,2,32,0,0,4,15,0,5,5.30624
217.33,7.15909,0.3125,225.278,7.57386,0.380682,0,0,94,4,22,1,262,0,0,0,2,2.77627
218.438,7.70625,0.4,211.106,7.05,0.325,0,0,29,5,17,0,0,3,0,1,0,3.82831
222.621,7.38389,0.393365,235.517,7.54976,0.336493,2,5,44,1,22,1,0,4,2,0,4,4.50975
222.621,7.38389,0.393365,235.517,7.54976,0.336493,9,31,38,3,13,0,0,4,9,0,2,5.65209
218.438,7.70625,0.4,211.106,7.05,0.325,34,68,52,1,7,1,108,4,18,1,1,6.75297
218.438,7.70625,0.4,211.106,7.05,0.325,0,2,52,1,7,1,108,4,0,1,0,4.21071
217.33,7.15909,0.3125,225.278,7.57386,0.380682,6,9,59,2,16,2,158,4,6,1,10,4.74582
217.33,7.15909,0.3125,225.278,7.57386,0.380682,24,56,61,1,13,0,0,4,14,1,5,5.94764
239.627,7.69737,0.372807,232.079,7.23246,0.337719,26,30,73,3,31,0,239,4,14,0,0,6.31513
217.33,7.15909,0.3125,225.278,7.57386,0.380682,38,70,45,3,15,1,245,3,14,1,4,5.70723
217.33,7.15909,0.3125,225.278,7.57386,0.380682,0,0,45,3,15,1,245,1,0,1,2,3.07264
217.33,7.15909,0.3125,225.278,7.57386,0.380682,2,8,80,1,13,1,0,4,2,1,10,4.25324
233.745,7.39674,0.36413,227.951,7.30435,0.353261,40,55,70,2,21,0,242,4,20,0,10,7.25491
233.745,7.39674,0.36413,227.951,7.30435,0.353261,44,52,75,2,21,1,0,4,16,0,8,6.48554
222.621,7.38389,0.393365,235.517,7.54976,0.336493,18,46,39,2,24,1,114,4,6,0,3,5.44671
222.621,7.38389,0.393365,235.517,7.54976,0.336493,6,8,67,1,25,1,0,4,2,0,7,4.54659
223.373,7.09016,0.344262,227.578,7.47541,0.385246,29,53,43,2,23,0,227,4,21,1,7,7.67458
223.373,7.09016,0.344262,227.578,7.47541,0.385246,1,4,53,1,20,1,271,4,1,1,8,5.10989
223.373,7.09016,0.344262,227.578,7.47541,0.385246,0,0,59,0,35,1,0,4,0,1,5,4.81588
223.373,7.09016,0.344262,227.578,7.47541,0.385246,9,15,85,4,19,1,246,1,5,1,7,4.83681
237.176,7.17647,0.289593,230.633,7.45701,0.384615,1,17,66,4,5,0,148,4,1,0,5,4.84148
242.378,7.15058,0.339768,244.568,7.12741,0.30888,4,6,66,1,20,1,151,4,0,1,6,5.27363
237.176,7.17647,0.289593,230.633,7.45701,0.384615,46,68,45,1,21,0,0,4,10,0,7,5.47219
242.378,7.15058,0.339768,244.568,7.12741,0.30888,0,0,62,1,15,1,252,0,0,1,3,4.06267
242.378,7.15058,0.339768,244.568,7.12741,0.30888,31,46,54,4,19,0,0,0,9,1,2,5.06604
242.378,7.15058,0.339768,244.568,7.12741,0.30888,14,20,54,4,19,0,0,4,6,1,1,5.9081
237.176,7.17647,0.289593,230.633,7.45701,0.384615,1,3,50,1,15,1,213,4,1,0,4,4.53444
233.745,7.39674,0.36413,227.951,7.30435,0.353261,44,64,70,2,12,0,206,4,12,0,6,6.2805
237.176,7.17647,0.289593,230.633,7.45701,0.384615,3,7,55,1,18,1,0,4,3,1,9,4.9214
233.745,7.39674,0.36413,227.951,7.30435,0.353261,0,1,80,2,20,3,239,1,0,0,7,4.08087
237.176,7.17647,0.289593,230.633,7.45701,0.384615,57,63,51,3,38,0,221,4,21,1,3,6.90987
237.176,7.17647,0.289593,230.633,7.45701,0.384615,0,0,51,3,38,0,221,0,0,1,1,3.48869
237.176,7.17647,0.289593,230.633,7.45701,0.384615,19,22,61,2,12,2,236,4,7,1,11,5.45631
234.274,7.4,0.373684,232.363,7.33158,0.342105,1,3,49,4,20,2,0,1,1,0,0,4.01492
234.274,7.4,0.373684,232.363,7.33158,0.342105,0,0,49,4,20,2,0,0,0,0,3,3.55191
223.373,7.09016,0.344262,227.578,7.47541,0.385246,3,8,36,1,10,2,0,4,3,0,8,4.91427
234.274,7.4,0.373684,232.363,7.33158,0.342105,19,20,46,3,28,0,0,4,11,1,9,6.14029
233.745,7.39674,0.36413,227.951,7.30435,0.353261,31,53,51,3,16,2,179,4,15,0,8,6.8294
233.745,7.39674,0.36413,227.951,7.30435,0.353261,46,56,48,2,30,0,0,4,14,0,8,6.16906
233.745,7.39674,0.36413,227.951,7.30435,0.353261,20,23,48,2,30,0,0,4,8,0,6,5.52656
233.745,7.39674,0.36413,227.951,7.30435,0.353261,17,25,44,2,14,1,0,4,9,0,6,5.733
234.274,7.4,0.373684,232.363,7.33158,0.342105,50,66,77,0,15,1,255,4,26,1,8,8.17209
234.274,7.4,0.373684,232.363,7.33158,0.342105,11,18,77,0,15,1,255,4,7,1,5,6.01209
222.621,7.38389,0.393365,235.517,7.54976,0.336493,12,21,64,3,13,0,184,4,8,0,10,5.45087
234.274,7.4,0.373684,232.363,7.33158,0.342105,45,45,49,2,41,0,0,4,29,1,11,8.12734
222.621,7.38389,0.393365,235.517,7.54976,0.336493,13,15,81,1,29,2,299,4,9,0,2,5.62917
222.621,7.38389,0.393365,235.517,7.54976,0.336493,0,0,81,1,29,2,299,0,0,0,1,3.36474
234.274,7.4,0.373684,232.363,7.33158,0.342105,24,38,54,4,23,0,0,0,16,1,6,5.76778
222.621,7.38389,0.393365,235.517,7.54976,0.336493,20,57,37,3,18,0,219,4,16,0,8,6.86632
234.274,7.4,0.373684,232.363,7.33158,0.342105,28,36,44,2,21,0,191,4,16,1,10,6.87197
239.627,7.69737,0.372807,232.079,7.23246,0.337719,0,0,51,1,15,1,0,4,0,0,3,4.43821
239.627,7.69737,0.372807,232.079,7.23246,0.337719,1,14,81,1,9,1,244,4,1,0,4,5.04921
239.627,7.69737,0.372807,232.079,7.23246,0.337719,0,0,81,1,9,1,244,4,0,0,1,4.67554
223.373,7.09016,0.344262,227.578,7.47541,0.385246,38,53,51,2,26,0,186,4,22,0,13,7.32489
223.373,7.09016,0.344262,227.578,7.47541,0.385246,6,16,54,2,14,1,197,4,2,0,0,5.06346
239.627,7.69737,0.372807,232.079,7.23246,0.337719,0,0,57,4,17,0,0,0,0,1,0,3.50536
217.33,7.15909,0.3125,225.278,7.57386,0.380682,17,38,37,4,13,2,0,4,9,0,6,5.01569
217.33,7.15909,0.3125,225.278,7.57386,0.380682,0,4,37,4,13,2,0,0,0,0,4,2.48712
239.627,7.69737,0.372807,232.079,7.23246,0.337719,0,0,43,2,21,1,0,4,0,1,4,4.68618
242.378,7.15058,0.339768,244.568,7.12741,0.30888,64,78,89,0,26,0,0,4,26,0,1,7.88646
217.33,7.15909,0.3125,225.278,7.57386,0.380682,24,49,57,2,16,2,156,4,12,0,6,5.52641
237.176,7.17647,0.289593,230.633,7.45701,0.384615,11,24,63,1,17,0,0,4,7,1,7,5.51179
234.274,7.4,0.373684,232.363,7.33158,0.342105,10,18,53,1,23,0,0,4,10,0,4,5.96311
222.621,7.38389,0.393365,235.517,7.54976,0.336493,25,56,28,2,15,1,153,4,13,0,8,6.25347
223.373,7.09016,0.344262,227.578,7.47541,0.385246,43,53,82,1,14,0,285,4,25,0,1,7.64607
223.373,7.09016,0.344262,227.578,7.47541,0.385246,0,0,82,1,14,0,285,4,0,0,4,4.7662
234.274,7.4,0.373684,232.363,7.33158,0.342105,28,21,96,1,35,2,0,4,18,0,5,6.74607
217.33,7.15909,0.3125,225.278,7.57386,0.380682,4,3,83,3,42,1,179,4,0,0,4,3.91587
237.176,7.17647,0.289593,230.633,7.45701,0.384615,0,0,102,3,35,2,0,0,0,1,4,3.58251
233.745,7.39674,0.36413,227.951,7.30435,0.353261,54,49,65,5,38,0,144,4,26,0,3,7.53389
223.373,7.09016,0.344262,227.578,7.47541,0.385246,38,54,54,2,23,0,0,4,22,0,7,7.22606
233.745,7.39674,0.36413,227.951,7.30435,0.353261,26,46,47,1,17,0,0,4,14,0,7,6.46716
223.373,7.09016,0.344262,227.578,7.47541,0.385246,36,45,65,2,27,1,105,4,20,1,3,7.23762
233.745,7.39674,0.36413,227.951,7.30435,0.353261,7,9,40,3,21,1,0,1,7,0,5,4.56995
218.438,7.70625,0.4,211.106,7.05,0.325,47,60,57,2,37,0,0,4,15,1,7,5.90832
217.33,7.15909,0.3125,225.278,7.57386,0.380682,1,2,60,4,16,2,125,0,1,0,5,2.71271
218.438,7.70625,0.4,211.106,7.05,0.325,11,14,63,3,20,1,0,4,3,1,1,4.57578
217.33,7.15909,0.3125,225.278,7.57386,0.380682,0,3,52,1,17,3,0,4,0,0,2,3.72261
218.438,7.70625,0.4,211.106,7.05,0.325,0,0,44,5,21,0,111,0,0,1,5,3.03893
218.438,7.70625,0.4,211.106,7.05,0.325,47,50,73,3,28,0,195,4,19,1,1,6.37178
218.438,7.70625,0.4,211.106,7.05,0.325,0,0,73,3,28,0,195,4,0,1,4,4.40357
222.621,7.38389,0.393365,235.517,7.54976,0.336493,60,63,85,0,29,0,0,4,28,0,8,7.28894
242.378,7.15058,0.339768,244.568,7.12741,0.30888,4,9,54,3,14,1,0,4,4,1,5,5.71832
217.33,7.15909,0.3125,225.278,7.57386,0.380682,0,0,62,0,34,0,189,4,0,1,5,3.98276
223.373,7.09016,0.344262,227.578,7.47541,0.385246,49,60,60,0,28,0,0,4,27,0,9,7.6256
217.33,7.15909,0.3125,225.278,7.57386,0.380682,9,16,63,5,21,0,153,1,5,1,0,3.79604
217.33,7.15909,0.3125,225.278,7.57386,0.380682,0,0,63,5,21,0,153,0,0,1,2,2.81429
223.373,7.09016,0.344262,227.578,7.47541,0.385246,12,37,33,3,9,0,0,4,12,0,8,6.31265
219.527,7.65455,0.290909,202.727,7.56364,0.4,63,66,61,1,26,0,261,0,23,1,7,4.24608
218.438,7.70625,0.4,211.106,7.05,0.325,12,26,58,3,17,0,0,4,4,0,5,4.62213
223.373,7.09016,0.344262,227.578,7.47541,0.385246,0,0,83,0,24,0,0,4,0,1,5,4.82543
218.438,7.70625,0.4,211.106,7.05,0.325,0,0,55,1,15,1,0,4,0,0,1,3.91833
212.077,7.5,0.380282,227.704,6.97887,0.316901,0,2,70,3,15,3,138,1,0,1,3,3.29687
212.077,7.5,0.380282,227.704,6.97887,0.316901,0,2,70,3,15,3,138,3,0,1,0,3.91559
218.438,7.70625,0.4,211.106,7.05,0.325,0,0,51,2,25,1,0,4,0,0,2,3.97047
223.373,7.09016,0.344262,227.578,7.47541,0.385246,28,50,65,1,16,0,0,4,18,1,5,7.15481
234.274,7.4,0.373684,232.363,7.33158,0.342105,14,21,71,4,24,1,128,0,8,0,0,4.68876
234.274,7.4,0.373684,232.363,7.33158,0.342105,0,0,71,4,24,1,128,1,0,0,4,4.00271
234.274,7.4,0.373684,232.363,7.33158,0.342105,17,31,71,5,19,0,99,0,17,0,1,5.86279
223.373,7.09016,0.344262,227.578,7.47541,0.385246,18,47,32,3,16,0,157,4,6,1,5,5.9514
234.274,7.4,0.373684,232.363,7.33158,0.342105,30,50,87,1,22,0,0,4,18,0,6,7.12082
239.627,7.69737,0.372807,232.079,7.23246,0.337719,53,67,75,3,26,0,283,4,25,1,2,7.86282
239.627,7.69737,0.372807,232.079,7.23246,0.337719,21,32,83,1,27,0,234,4,13,1,6,6.56409
237.176,7.17647,0.289593,230.633,7.45701,0.384615,52,49,99,1,19,0,0,4,16,0,3,5.83693
217.33,7.15909,0.3125,225.278,7.57386,0.380682,13,29,44,3,12,1,0,4,9,1,10,5.1374
217.33,7.15909,0.3125,225.278,7.57386,0.380682,14,32,62,4,17,1,265,1,14,1,3,5.13188
212.077,7.5,0.380282,227.704,6.97887,0.316901,55,64,57,1,39,0,217,1,15,1,0,4.72605
212.077,7.5,0.380282,227.704,6.97887,0.316901,0,0,59,2,14,3,0,3,0,1,1,3.7178
242.378,7.15058,0.339768,244.568,7.12741,0.30888,32,62,52,1,24,0,143,4,20,0,7,7.73782
242.378,7.15058,0.339768,244.568,7.12741,0.30888,31,35,52,1,24,0,143,0,19,0,8,5.8667
242.378,7.15058,0.339768,244.568,7.12741,0.30888,7,30,58,2,28,0,150,4,7,0,3,6.29669
222.621,7.38389,0.393365,235.517,7.54976,0.336493,19,34,25,4,13,0,0,4,13,0,0,5.89467
222.621,7.38389,0.393365,235.517,7.54976,0.336493,0,0,25,4,13,0,0,0,0,0,5,2.93355
217.33,7.15909,0.3125,225.278,7.57386,0.380682,0,0,24,3,9,0,81,4,0,1,2,3.76683
217.33,7.15909,0.3125,225.278,7.57386,0.380682,1,9,52,1,17,1,0,4,1,1,4,4.09621
217.33,7.15909,0.3125,225.278,7.57386,0.380682,36,58,52,1,17,1,0,4,20,1,2,6.3921
217.33,7.15909,0.3125,225.278,7.57386,0.380682,19,49,43,2,13,1,215,4,11,1,5,5.71772
222.621,7.38389,0.393365,235.517,7.54976,0.336493,0,0,62,2,26,0,185,0,0,0,3,3.17613
239.627,7.69737,0.372807,232.079,7.23246,0.337719,61,62,82,0,29,2,0,4,11,0,7,5.42825
242.378,7.15058,0.339768,244.568,7.12741,0.30888,21,38,70,2,14,0,222,4,17,1,5,7.53668
239.627,7.69737,0.372807,232.079,7.23246,0.337719,14,17,66,0,27,1,0,4,4,0,4,4.93466
242.378,7.15058,0.339768,244.568,7.12741,0.30888,67,64,75,0,28,0,336,4,35,1,7,9.01973
234.274,7.4,0.373684,232.363,7.33158,0.342105,0,1,72,1,21,1,0,4,0,0,6,4.77861
234.274,7.4,0.373684,232.363,7.33158,0.342105,0,0,72,1,21,1,0,4,0,0,3,4.75861
234.274,7.4,0.373684,232.363,7.33158,0.342105,1,7,73,0,17,1,0,4,1,0,4,4.9527
222.621,7.38389,0.393365,235.517,7.54976,0.336493,33,60,49,0,28,1,231,4,17,0,0,6.71051
233.745,7.39674,0.36413,227.951,7.30435,0.353261,0,0,103,0,17,1,0,4,0,1,4,5.01169
239.627,7.69737,0.372807,232.079,7.23246,0.337719,61,66,84,3,19,0,0,4,41,1,7,9.39849
239.627,7.69737,0.372807,232.079,7.23246,0.337719,15,28,84,3,19,0,0,4,15,1,4,6.78294
234.274,7.4,0.373684,232.363,7.33158,0.342105,25,35,50,2,27,1,0,4,15,0,0,6.5469
242.378,7.15058,0.339768,244.568,7.12741,0.30888,47,51,69,1,27,0,0,4,25,0,7,7.6773
222.621,7.38389,0.393365,235.517,7.54976,0.336493,0,0,60,1,25,1,213,4,0,0,0,4.42542
222.621,7.38389,0.393365,235.517,7.54976,0.336493,0,0,60,1,25,1,213,0,0,0,1,3.188
217.33,7.15909,0.3125,225.278,7.57386,0.380682,0,0,47,2,21,0,0,0,0,0,5,2.35247
217.33,7.15909,0.3125,225.278,7.57386,0.380682,25,43,63,2,18,0,0,4,17,0,8,5.85516
222.621,7.38389,0.393365,235.517,7.54976,0.336493,37,52,46,5,30,0,152,4,19,0,9,6.73259
242.378,7.15058,0.339768,244.568,7.12741,0.30888,26,39,61,1,20,0,0,4,18,0,11,7.13211
217.33,7.15909,0.3125,225.278,7.57386,0.380682,57,57,65,1,21,0,0,4,25,0,6,6.18
223.373,7.09016,0.344262,227.578,7.47541,0.385246,42,70,65,0,18,0,0,4,34,0,6,8.86588
218.438,7.70625,0.4,211.106,7.05,0.325,24,42,74,3,11,1,226,4,16,0,0,6.27522
234.274,7.4,0.373684,232.363,7.33158,0.342105,31,44,54,1,28,0,0,4,27,0,8,7.98216
239.627,7.69737,0.372807,232.079,7.23246,0.337719,0,0,78,3,15,4,0,0,0,0,1,3.44958
233.745,7.39674,0.36413,227.951,7.30435,0.353261,0,0,99,4,29,1,142,0,0,1,2,4.00711
237.176,7.17647,0.289593,230.633,7.45701,0.384615,17,28,66,2,21,0,0,4,13,0,8,5.98202
222.621,7.38389,0.393365,235.517,7.54976,0.336493,21,58,28,2,21,0,0,4,13,0,9,6.30285
234.274,7.4,0.373684,232.363,7.33158,0.342105,50,60,73,1,35,0,0,4,26,0,7,7.72311
219.527,7.65455,0.290909,202.727,7.56364,0.4,36,50,60,5,26,0,199,4,20,0,10,5.4204
219.527,7.65455,0.290909,202.727,7.56364,0.4,15,31,60,5,26,0,199,4,11,0,6,4.54518
217.33,7.15909,0.3125,225.278,7.57386,0.380682,0,0,46,4,16,1,0,0,0,0,0,2.41773
242.378,7.15058,0.339768,244.568,7.12741,0.30888,14,12,58,3,20,1,160,0,10,0,4,4.90017
222.621,7.38389,0.393365,235.517,7.54976,0.336493,5,10,66,1,34,1,0,4,5,0,6,5.01463
234.274,7.4,0.373684,232.363,7.33158,0.342105,17,26,74,4,26,2,195,4,9,0,3,6.15538
234.274,7.4,0.373684,232.363,7.33158,0.342105,0,1,74,4,26,2,195,1,0,0,4,4.11619
212.077,7.5,0.380282,227.704,6.97887,0.316901,39,30,66,3,26,1,316,4,17,0,14,5.58994
223.373,7.09016,0.344262,227.578,7.47541,0.385246,0,0,100,1,30,0,302,4,0,0,2,4.90221
237.176,7.17647,0.289593,230.633,7.45701,0.384615,49,64,70,1,25,1,256,4,21,0,11,6.95272
219.527,7.65455,0.290909,202.727,7.56364,0.4,2,13,84,1,7,1,0,4,2,0,6,3.26551
242.378,7.15058,0.339768,244.568,7.12741,0.30888,71,67,90,0,40,0,242,4,17,0,6,6.57086
242.378,7.15058,0.339768,244.568,7.12741,0.30888,59,58,90,0,40,0,242,4,29,0,5,8.21003
212.077,7.5,0.380282,227.704,6.97887,0.316901,11,32,40,3,20,0,0,4,7,0,10,4.8671
212.077,7.5,0.380282,227.704,6.97887,0.316901,31,43,40,3,20,0,0,4,19,0,5,5.97916
222.621,7.38389,0.393365,235.517,7.54976,0.336493,50,60,85,0,22,0,227,4,38,0,7,8.86175
222.621,7.38389,0.393365,235.517,7.54976,0.336493,0,0,85,0,22,0,227,4,0,0,3,4.45055
223.373,7.09016,0.344262,227.578,7.47541,0.385246,1,5,41,2,19,1,0,4,1,0,3,4.71428
242.378,7.15058,0.339768,244.568,7.12741,0.30888,3,9,65,0,13,2,0,4,3,0,8,5.38394
218.438,7.70625,0.4,211.106,7.05,0.325,0,0,59,2,22,1,184,4,0,0,1,4.10371
222.621,7.38389,0.393365,235.517,7.54976,0.336493,28,44,56,2,19,0,0,4,16,0,8,6.27899
233.745,7.39674,0.36413,227.951,7.30435,0.353261,6,14,83,1,18,1,0,4,6,1,11,5.81458
217.33,7.15909,0.3125,225.278,7.57386,0.380682,0,0,111,4,46,1,245,0,0,0,4,2.91806
217.33,7.15909,0.3125,225.278,7.57386,0.380682,0,0,111,4,46,1,245,0,0,0,4,2.91806
233.745,7.39674,0.36413,227.951,7.30435,0.353261,8,9,107,2,30,1,287,4,4,1,3,5.75187
239.627,7.69737,0.372807,232.079,7.23246,0.337719,52,55,78,1,20,0,0,4,28,1,8,7.77243
242.378,7.15058,0.339768,244.568,7.12741,0.30888,0,2,70,1,18,2,219,0,0,0,3,3.92891
233.745,7.39674,0.36413,227.951,7.30435,0.353261,18,30,41,3,19,0,0,4,14,0,2,6.42082
233.745,7.39674,0.36413,227.951,7.30435,0.353261,15,20,41,3,19,0,0,4,15,0,10,6.43035
239.627,7.69737,0.372807,232.079,7.23246,0.337719,25,39,65,2,26,0,178,4,21,1,9,7.49403
222.621,7.38389,0.393365,235.517,7.54976,0.336493,58,54,73,1,34,0,0,1,16,0,3,4.77191
222.621,7.38389,0.393365,235.517,7.54976,0.336493,38,44,73,1,34,0,0,4,20,0,11,6.56993
223.373,7.09016,0.344262,227.578,7.47541,0.385246,36,38,74,3,23,0,0,4,12,0,5,5.83598
223.373,7.09016,0.344262,227.578,7.47541,0.385246,11,24,77,1,20,0,224,4,11,0,6,6.24326
212.077,7.5,0.380282,227.704,6.97887,0.316901,37,49,58,0,23,0,240,4,21,1,9,6.54009
212.077,7.5,0.380282,227.704,6.97887,0.316901,9,14,61,3,24,0,199,4,9,1,9,5.25128
222.621,7.38389,0.393365,235.517,7.54976,0.336493,27,62,60,0,9,1,0,4,19,0,9,6.98878
233.745,7.39674,0.36413,227.951,7.30435,0.353261,104,51,193,3,80,0,0,0,26,1,0,5.5803
233.745,7.39674,0.36413,227.951,7.30435,0.353261,0,0,193,3,80,0,0,0,0,1,3,4.38518
217.33,7.15909,0.3125,225.278,7.57386,0.380682,10,21,63,3,12,0,131,4,10,0,9,5.07888
242.378,7.15058,0.339768,244.568,7.12741,0.30888,0,0,57,1,15,1,254,0,0,0,6,3.82091
242.378,7.15058,0.339768,244.568,7.12741,0.30888,0,0,62,2,37,0,268,4,0,0,2,5.16467
233.745,7.39674,0.36413,227.951,7.30435,0.353261,27,44,61,1,21,0,0,4,23,1,9,7.79204
233.745,7.39674,0.36413,227.951,7.30435,0.353261,17,38,79,2,16,0,276,4,13,1,7,6.98229
242.378,7.15058,0.339768,244.568,7.12741,0.30888,10,25,34,3,24,0,211,4,6,0,6,5.95334
237.176,7.17647,0.289593,230.633,7.45701,0.384615,43,61,71,0,18,1,0,4,27,1,1,7.81435
237.176,7.17647,0.289593,230.633,7.45701,0.384615,0,0,71,0,18,1,0,4,0,1,5,4.52922
242.378,7.15058,0.339768,244.568,7.12741,0.30888,23,34,72,1,16,1,220,4,17,0,9,7.19189
237.176,7.17647,0.289593,230.633,7.45701,0.384615,14,35,37,3,19,0,0,4,6,1,9,5.49358
242.378,7.15058,0.339768,244.568,7.12741,0.30888,66,68,77,0,32,0,205,4,20,0,12,7.00343
237.176,7.17647,0.289593,230.633,7.45701,0.384615,0,0,72,2,16,1,0,4,0,1,5,4.58038
223.373,7.09016,0.344262,227.578,7.47541,0.385246,12,17,60,3,36,1,130,4,8,0,2,5.73663
237.176,7.17647,0.289593,230.633,7.45701,0.384615,1,5,41,5,20,2,91,1,1,1,3,3.92541
237.176,7.17647,0.289593,230.633,7.45701,0.384615,10,14,71,1,22,0,0,1,10,1,0,4.82808
237.176,7.17647,0.289593,230.633,7.45701,0.384615,0,0,71,1,22,0,0,4,0,1,6,4.5396
218.438,7.70625,0.4,211.106,7.05,0.325,43,53,49,3,24,0,0,4,21,1,10,6.56926
233.745,7.39674,0.36413,227.951,7.30435,0.353261,0,0,56,2,23,1,160,0,0,0,0,3.56289
218.438,7.70625,0.4,211.106,7.05,0.325,4,3,94,1,32,2,287,1,0,1,11,3.57752
223.373,7.09016,0.344262,227.578,7.47541,0.385246,51,66,72,1,33,0,0,4,15,1,4,6.53084
233.745,7.39674,0.36413,227.951,7.30435,0.353261,19,31,38,5,27,1,120,0,15,0,15,5.48142
242.378,7.15058,0.339768,244.568,7.12741,0.30888,40,48,81,1,29,0,193,4,20,1,8,7.6047
242.378,7.15058,0.339768,244.568,7.12741,0.30888,31,38,65,2,27,0,0,4,27,1,7,8.36504
222.621,7.38389,0.393365,235.517,7.54976,0.336493,2,4,45,0,18,2,0,4,2,0,3,4.48289
222.621,7.38389,0.393365,235.517,7.54976,0.336493,32,61,45,0,18,2,0,4,20,0,3,6.96103
218.438,7.70625,0.4,211.106,7.05,0.325,1,1,76,2,36,1,162,4,1,1,2,4.5428
223.373,7.09016,0.344262,227.578,7.47541,0.385246,9,33,66,3,16,0,0,4,5,0,4,5.60464
218.438,7.70625,0.4,211.106,7.05,0.325,45,48,55,1,25,1,0,4,25,1,3,6.9042
218.438,7.70625,0.4,211.106,7.05,0.325,0,0,55,1,25,1,0,1,0,1,2,3.25422
223.373,7.09016,0.344262,227.578,7.47541,0.385246,37,64,58,1,14,1,240,0,21,0,9,6.2315
217.33,7.15909,0.3125,225.278,7.57386,0.380682,0,6,86,0,11,2,193,4,0,1,1,4.16672
223.373,7.09016,0.344262,227.578,7.47541,0.385246,5,7,44,2,18,1,0,4,1,0,0,4.64512
219.527,7.65455,0.290909,202.727,7.56364,0.4,0,0,56,2,11,2,134,1,0,1,2,2.17741
218.438,7.70625,0.4,211.106,7.05,0.325,15,25,53,2,35,0,0,4,15,1,7,6.11358
223.373,7.09016,0.344262,227.578,7.47541,0.385246,48,58,71,0,20,1,258,0,24,0,8,6.21341
218.438,7.70625,0.4,211.106,7.05,0.325,36,56,62,0,36,0,0,4,18,1,5,6.47333
222.621,7.38389,0.393365,235.517,7.54976,0.336493,0,0,72,0,18,0,317,4,0,0,0,4.44627
222.621,7.38389,0.393365,235.517,7.54976,0.336493,0,0,72,0,18,0,317,4,0,0,2,4.44627
222.621,7.38389,0.393365,235.517,7.54976,0.336493,19,43,39,3,15,0,0,4,15,0,7,6.34938
223.373,7.09016,0.344262,227.578,7.47541,0.385246,26,38,80,2,25,0,254,4,8,0,9,5.79736
217.33,7.15909,0.3125,225.278,7.57386,0.380682,21,32,72,2,33,0,268,4,11,0,11,5.27471
217.33,7.15909,0.3125,225.278,7.57386,0.380682,0,0,42,4,12,1,0,1,0,0,3,2.69754
234.274,7.4,0.373684,232.363,7.33158,0.342105,47,50,66,2,23,0,0,4,25,1,8,7.66946
239.627,7.69737,0.372807,232.079,7.23246,0.337719,43,50,59,1,33,1,0,4,17,0,15,6.37473
223.373,7.09016,0.344262,227.578,7.47541,0.385246,0,0,89,1,24,1,219,4,0,1,1,5.04576
217.33,7.15909,0.3125,225.278,7.57386,0.380682,22,23,39,5,37,0,214,4,8,1,4,4.87101
218.438,7.70625,0.4,211.106,7.05,0.325,6,11,54,3,10,4,66,4,6,0,0,4.87278
234.274,7.4,0.373684,232.363,7.33158,0.342105,19,25,66,3,27,0,0,4,15,0,11,6.57214
212.077,7.5,0.380282,227.704,6.97887,0.316901,7,11,35,3,14,1,180,4,7,1,0,4.89433
212.077,7.5,0.380282,227.704,6.97887,0.316901,0,0,35,3,14,1,180,1,0,1,4,3.09067
212.077,7.5,0.380282,227.704,6.97887,0.316901,15,34,64,3,17,0,0,4,15,1,2,6.07072
212.077,7.5,0.380282,227.704,6.97887,0.316901,0,0,64,3,17,0,0,1,0,1,0,3.05782
234.274,7.4,0.373684,232.363,7.33158,0.342105,53,68,78,2,21,0,166,4,35,0,9,8.99634
239.627,7.69737,0.372807,232.079,7.23246,0.337719,0,0,79,0,11,1,0,4,0,0,1,4.49392
212.077,7.5,0.380282,227.704,6.97887,0.316901,3,5,55,3,22,1,163,1,3,1,4,3.5623
233.745,7.39674,0.36413,227.951,7.30435,0.353261,8,12,62,3,17,0,0,4,8,0,5,5.68117
222.621,7.38389,0.393365,235.517,7.54976,0.336493,33,44,60,3,32,0,0,4,19,0,0,6.59394
233.745,7.39674,0.36413,227.951,7.30435,0.353261,6,6,79,0,24,1,240,4,2,0,5,5.0721
233.745,7.39674,0.36413,227.951,7.30435,0.353261,0,0,69,3,35,0,208,0,0,0,7,3.68042
233.745,7.39674,0.36413,227.951,7.30435,0.353261,0,0,69,0,37,1,0,4,0,0,1,4.74347
233.745,7.39674,0.36413,227.951,7.30435,0.353261,1,4,58,1,26,1,0,4,1,0,9,4.86355
237.176,7.17647,0.289593,230.633,7.45701,0.384615,80,63,100,2,41,0,0,4,34,1,6,7.85441
233.745,7.39674,0.36413,227.951,7.30435,0.353261,15,21,98,3,28,0,181,4,11,0,5,6.3104
233.745,7.39674,0.36413,227.951,7.30435,0.353261,46,51,84,2,43,0,289,4,22,0,8,7.41035
239.627,7.69737,0.372807,232.079,7.23246,0.337719,64,66,104,0,17,0,0,4,30,0,5,7.71714
219.527,7.65455,0.290909,202.727,7.56364,0.4,0,0,88,3,35,4,140,0,0,1,2,2.17047
237.176,7.17647,0.289593,230.633,7.45701,0.384615,15,18,81,2,26,0,0,4,7,1,5,5.4018
237.176,7.17647,0.289593,230.633,7.45701,0.384615,20,27,81,2,26,0,0,4,20,1,14,7.03109
239.627,7.69737,0.372807,232.079,7.23246,0.337719,28,40,63,3,28,0,0,4,16,0,5,6.50415
218.438,7.70625,0.4,211.106,7.05,0.325,30,41,46,2,26,0,0,4,16,1,7,6.06221
242.378,7.15058,0.339768,244.568,7.12741,0.30888,0,0,87,0,18,2,146,0,0,0,3,3.87497
223.373,7.09016,0.344262,227.578,7.47541,0.385246,13,10,55,3,29,1,0,4,5,1,11,5.29814
222.621,7.38389,0.393365,235.517,7.54976,0.336493,40,56,99,1,15,2,228,4,20,0,4,6.98037
233.745,7.39674,0.36413,227.951,7.30435,0.353261,3,12,61,3,16,2,0,4,3,1,3,5.49634
233.745,7.39674,0.36413,227.951,7.30435,0.353261,13,15,61,3,16,2,0,0,5,1,8,4.27443
223.373,7.09016,0.344262,227.578,7.47541,0.385246,46,54,67,1,30,0,244,4,22,0,5,7.19407
223.373,7.09016,0.344262,227.578,7.47541,0.385246,0,0,69,1,33,0,0,4,0,0,5,4.61303
233.745,7.39674,0.36413,227.951,7.30435,0.353261,6,18,58,2,16,1,273,4,6,1,12,5.9993
233.745,7.39674,0.36413,227.951,7.30435,0.353261,37,50,58,2,20,0,0,4,17,1,12,6.89979
223.373,7.09016,0.344262,227.578,7.47541,0.385246,61,67,68,1,34,0,0,4,35,0,10,8.47799
233.745,7.39674,0.36413,227.951,7.30435,0.353261,0,0,46,3,29,0,243,0,0,1,3,3.82367
222.621,7.38389,0.393365,235.517,7.54976,0.336493,17,29,38,3,24,0,0,4,7,0,5,5.17748
222.621,7.38389,0.393365,235.517,7.54976,0.336493,0,0,38,3,24,0,0,4,0,0,0,4.23161
233.745,7.39674,0.36413,227.951,7.30435,0.353261,2,3,83,2,18,1,203,4,2,1,7,5.37625
233.745,7.39674,0.36413,227.951,7.30435,0.353261,43,62,69,1,38,0,0,4,19,1,10,7.29179
222.621,7.38389,0.393365,235.517,7.54976,0.336493,0,0,74,0,31,0,242,4,0,0,7,4.45595
222.621,7.38389,0.393365,235.517,7.54976,0.336493,0,0,74,0,31,0,242,4,0,0,2,4.45595
223.373,7.09016,0.344262,227.578,7.47541,0.385246,0,0,78,0,25,0,0,4,0,1,2,4.81164
223.373,7.09016,0.344262,227.578,7.47541,0.385246,30,48,67,2,18,0,180,4,18,1,7,7.21336
223.373,7.09016,0.344262,227.578,7.47541,0.385246,18,32,67,3,25,0,0,4,10,1,7,6.20064
237.176,7.17647,0.289593,230.633,7.45701,0.384615,1,4,56,4,19,1,206,0,1,0,10,3.43221
239.627,7.69737,0.372807,232.079,7.23246,0.337719,0,0,81,2,14,0,0,4,0,1,6,4.76056
234.274,7.4,0.373684,232.363,7.33158,0.342105,25,23,64,3,34,1,258,4,17,0,12,6.81968
234.274,7.4,0.373684,232.363,7.33158,0.342105,0,3,71,3,30,2,138,0,0,0,5,3.78788
234.274,7.4,0.373684,232.363,7.33158,0.342105,2,3,93,0,18,1,249,4,2,0,7,5.19855
239.627,7.69737,0.372807,232.079,7.23246,0.337719,35,66,74,1,24,0,256,4,19,1,14,7.54488
242.378,7.15058,0.339768,244.568,7.12741,0.30888,1,3,55,2,11,3,0,0,1,0,7,3.88427
237.176,7.17647,0.289593,230.633,7.45701,0.384615,65,65,79,1,30,0,153,4,37,0,16,8.42423
237.176,7.17647,0.289593,230.633,7.45701,0.384615,71,63,97,0,21,1,0,4,39,0,9,8.39255
239.627,7.69737,0.372807,232.079,7.23246,0.337719,24,24,86,1,29,2,299,4,12,1,12,6.31946
237.176,7.17647,0.289593,230.633,7.45701,0.384615,25,55,40,3,21,2,193,4,17,0,10,6.90443
237.176,7.17647,0.289593,230.633,7.45701,0.384615,0,0,40,3,21,2,193,0,0,0,11,3.20661
212.077,7.5,0.380282,227.704,6.97887,0.316901,31,40,72,2,21,1,180,4,21,0,4,6.40028
212.077,7.5,0.380282,227.704,6.97887,0.316901,16,35,52,4,17,0,175,1,16,0,5,5.12713
218.438,7.70625,0.4,211.106,7.05,0.325,19,23,38,4,19,0,0,4,7,1,12,4.91738
212.077,7.5,0.380282,227.704,6.97887,0.316901,0,0,78,1,27,1,0,3,0,0,1,3.51649
217.33,7.15909,0.3125,225.278,7.57386,0.380682,4,11,64,1,25,1,0,4,4,0,8,4.26499
242.378,7.15058,0.339768,244.568,7.12741,0.30888,6,13,74,2,16,2,183,4,6,1,2,6.18492
223.373,7.09016,0.344262,227.578,7.47541,0.385246,34,47,63,2,18,0,0,4,22,0,10,7.21442
223.373,7.09016,0.344262,227.578,7.47541,0.385246,15,27,79,4,25,0,236,4,7,0,7,5.81384
237.176,7.17647,0.289593,230.633,7.45701,0.384615,0,0,65,1,27,3,0,0,0,0,4,3.17306
234.274,7.4,0.373684,232.363,7.33158,0.342105,6,23,61,3,28,0,256,4,6,1,7,6.17896
234.274,7.4,0.373684,232.363,7.33158,0.342105,22,14,61,3,28,0,256,4,8,1,6,5.78062
237.176,7.17647,0.289593,230.633,7.45701,0.384615,5,9,73,2,28,1,0,0,5,0,11,3.81566
237.176,7.17647,0.289593,230.633,7.45701,0.384615,59,62,73,2,28,1,0,4,27,0,8,7.24638
218.438,7.70625,0.4,211.106,7.05,0.325,59,56,88,2,24,0,161,4,19,1,8,6.1324
218.438,7.70625,0.4,211.106,7.05,0.325,46,68,86,0,33,0,157,4,26,1,6,7.57722
233.745,7.39674,0.36413,227.951,7.30435,0.353261,45,65,56,1,37,0,253,4,23,0,2,7.66953
233.745,7.39674,0.36413,227.951,7.30435,0.353261,0,0,56,1,37,0,253,4,0,0,5,4.85285
234.274,7.4,0.373684,232.363,7.33158,0.342105,44,55,63,0,23,0,0,4,16,1,0,6.68682
233.745,7.39674,0.36413,227.951,7.30435,0.353261,28,44,65,1,18,0,216,4,16,0,7,6.8187
218.438,7.70625,0.4,211.106,7.05,0.325,40,54,73,0,18,0,245,4,20,1,6,6.68731
223.373,7.09016,0.344262,227.578,7.47541,0.385246,0,0,64,1,25,1,0,4,0,1,2,4.82263
223.373,7.09016,0.344262,227.578,7.47541,0.385246,44,72,65,1,25,0,0,4,28,1,12,8.39224
223.373,7.09016,0.344262,227.578,7.47541,0.385246,0,0,65,1,25,0,0,4,0,1,3,4.79344
222.621,7.38389,0.393365,235.517,7.54976,0.336493,0,0,82,2,30,1,197,0,0,0,5,3.30246
218.438,7.70625,0.4,211.106,7.05,0.325,0,0,104,1,20,2,0,0,0,1,1,3.13121
218.438,7.70625,0.4,211.106,7.05,0.325,9,10,65,1,28,2,188,4,1,1,3,4.44287
242.378,7.15058,0.339768,244.568,7.12741,0.30888,0,0,47,1,20,1,0,0,0,0,0,3.64398
242.378,7.15058,0.339768,244.568,7.12741,0.30888,30,53,47,1,20,1,0,4,14,0,5,6.78904
212.077,7.5,0.380282,227.704,6.97887,0.316901,0,0,47,2,21,0,234,4,0,1,0,4.06191
242.378,7.15058,0.339768,244.568,7.12741,0.30888,3,6,50,2,20,1,0,4,3,0,7,5.32063
212.077,7.5,0.380282,227.704,6.97887,0.316901,43,58,49,1,22,0,183,1,27,1,4,6.30989
233.745,7.39674,0.36413,227.951,7.30435,0.353261,32,50,47,2,23,0,0,4,14,0,11,6.42415
212.077,7.5,0.380282,227.704,6.97887,0.316901,10,15,73,1,24,0,290,4,6,1,6,4.91908
212.077,7.5,0.380282,227.704,6.97887,0.316901,45,59,73,1,24,0,290,4,21,1,8,6.62447
233.745,7.39674,0.36413,227.951,7.30435,0.353261,48,68,68,0,20,0,227,4,32,0,9,8.67888
233.745,7.39674,0.36413,227.951,7.30435,0.353261,0,0,57,1,34,0,0,0,0,0,7,3.44707
242.378,7.15058,0.339768,244.568,7.12741,0.30888,50,64,72,1,14,0,0,4,28,0,8,8.17872
239.627,7.69737,0.372807,232.079,7.23246,0.337719,40,46,67,2,33,0,294,4,32,1,12,8.65588
239.627,7.69737,0.372807,232.079,7.23246,0.337719,46,56,57,0,26,0,291,4,30,1,12,8.31726
242.378,7.15058,0.339768,244.568,7.12741,0.30888,36,43,58,1,22,0,0,4,28,0,7,8.14576
239.627,7.69737,0.372807,232.079,7.23246,0.337719,50,50,72,3,25,0,0,4,28,1,11,7.78384
222.621,7.38389,0.393365,235.517,7.54976,0.336493,17,25,62,3,26,0,210,4,9,0,5,5.56819
222.621,7.38389,0.393365,235.517,7.54976,0.336493,52,60,62,3,26,0,210,4,22,0,5,6.84831
222.621,7.38389,0.393365,235.517,7.54976,0.336493,4,10,36,3,15,2,170,0,4,0,4,3.70018
237.176,7.17647,0.289593,230.633,7.45701,0.384615,28,47,61,2,17,0,200,4,14,0,2,6.25962
234.274,7.4,0.373684,232.363,7.33158,0.342105,33,50,73,1,18,0,0,4,21,0,4,7.33694
234.274,7.4,0.373684,232.363,7.33158,0.342105,49,59,73,1,19,1,0,4,23,0,3,7.33521
242.378,7.15058,0.339768,244.568,7.12741,0.30888,57,55,88,2,38,0,220,4,25,1,3,7.9695
242.378,7.15058,0.339768,244.568,7.12741,0.30888,0,0,88,2,38,0,220,4,0,1,0,5.45525
223.373,7.09016,0.344262,227.578,7.47541,0.385246,3,1,52,5,26,3,0,3,3,0,2,4.72651
233.745,7.39674,0.36413,227.951,7.30435,0.353261,0,0,70,1,28,0,0,4,0,1,6,4.93262
233.745,7.39674,0.36413,227.951,7.30435,0.353261,67,63,97,2,33,0,0,4,19,1,9,6.72363
233.745,7.39674,0.36413,227.951,7.30435,0.353261,65,72,68,1,39,0,247,4,23,1,6,7.50172
217.33,7.15909,0.3125,225.278,7.57386,0.380682,40,20,34,3,47,1,0,0,10,0,1,2.93463
217.33,7.15909,0.3125,225.278,7.57386,0.380682,0,0,34,3,47,1,0,1,0,0,3,2.77664
217.33,7.15909,0.3125,225.278,7.57386,0.380682,6,9,90,2,22,1,0,4,6,0,4,4.52015
217.33,7.15909,0.3125,225.278,7.57386,0.380682,0,0,90,2,22,1,0,3,0,0,1,3.46887
217.33,7.15909,0.3125,225.278,7.57386,0.380682,0,0,55,5,24,1,0,1,0,0,2,2.81738
223.373,7.09016,0.344262,227.578,7.47541,0.385246,8,18,82,1,20,2,171,4,8,1,15,6.11718
222.621,7.38389,0.393365,235.517,7.54976,0.336493,0,0,41,3,31,0,0,0,0,0,0,3.03176
212.077,7.5,0.380282,227.704,6.97887,0.316901,48,73,64,0,24,0,0,1,28,1,0,6.50469
212.077,7.5,0.380282,227.704,6.97887,0.316901,0,0,64,0,24,0,0,3,0,1,4,3.6205
222.621,7.38389,0.393365,235.517,7.54976,0.336493,0,0,68,1,14,1,156,4,0,0,1,4.37511
212.077,7.5,0.380282,227.704,6.97887,0.316901,0,0,73,2,20,0,216,4,0,1,9,4.1384
219.527,7.65455,0.290909,202.727,7.56364,0.4,50,57,54,1,21,0,0,0,26,0,5,4.37585
219.527,7.65455,0.290909,202.727,7.56364,0.4,0,0,54,1,21,0,0,4,0,0,4,2.7336
212.077,7.5,0.380282,227.704,6.97887,0.316901,34,39,85,2,17,0,251,4,20,1,9,6.43883
218.438,7.70625,0.4,211.106,7.05,0.325,49,51,58,2,23,1,0,4,15,1,6,5.65261
218.438,7.70625,0.4,211.106,7.05,0.325,2,9,58,2,23,1,0,4,2,1,5,4.58016
212.077,7.5,0.380282,227.704,6.97887,0.316901,33,36,80,3,27,0,212,4,17,0,4,5.83843
