Runs Scored,Wickets Lost,Got All Out,Runs Conceded,Opponent Wickets Taken,Opponent All Out,Total Runs Scored,Balls Faced,R0,W0,R1,W1,Target,ClusterID,Home Runs,Home,Current_HR,Predicted_HR,Abs_Error
222.621,7.38389,0.393365,235.517,7.54976,0.336493,10,13,200,4,27,1,272,4,0,0,12,12,0
222.621,7.38389,0.393365,235.517,7.54976,0.336493,0,0,200,4,27,1,272,1,0,0,12,17.2,-5.2
223.373,7.09016,0.344262,227.578,7.47541,0.385246,0,0,174,6,17,0,0,1,0,0,8,20.4,-12.4
237.176,7.17647,0.289593,230.633,7.45701,0.384615,0,0,168,6,28,0,258,1,0,1,4,5.6,-1.6
223.373,7.09016,0.344262,227.578,7.47541,0.385246,8,8,218,2,36,1,0,4,4,0,16,20,-4
237.176,7.17647,0.289593,230.633,7.45701,0.384615,3,5,213,5,35,3,320,0,0,1,6,22,-16
237.176,7.17647,0.289593,230.633,7.45701,0.384615,0,0,213,5,35,3,320,1,0,1,6,18,-12
242.378,7.15058,0.339768,244.568,7.12741,0.30888,0,0,200,5,11,2,0,1,0,0,0,19.6,-19.6
217.33,7.15909,0.3125,225.278,7.57386,0.380682,0,0,165,4,31,0,246,1,0,1,12,16.4,-4.4
242.378,7.15058,0.339768,244.568,7.12741,0.30888,0,0,178,7,23,0,256,1,0,0,4,16,-12
217.33,7.15909,0.3125,225.278,7.57386,0.380682,1,1,148,3,28,3,0,1,0,1,38,26,12
222.621,7.38389,0.393365,235.517,7.54976,0.336493,0,0,140,6,31,1,242,1,0,0,4,6.4,-2.4
242.378,7.15058,0.339768,244.568,7.12741,0.30888,0,0,124,4,21,4,0,1,0,0,16,17.2,-1.2
212.077,7.5,0.380282,227.704,6.97887,0.316901,58,76,124,4,25,1,0,4,24,0,16,24,-8
223.373,7.09016,0.344262,227.578,7.47541,0.385246,59,70,154,4,31,0,0,4,20,0,30,12.8,17.2
219.527,7.65455,0.290909,202.727,7.56364,0.4,0,0,122,6,16,0,0,0,0,0,8,4.8,3.2
239.627,7.69737,0.372807,232.079,7.23246,0.337719,137,136,208,4,44,1,0,4,62,0,36,37.2,-1.2
237.176,7.17647,0.289593,230.633,7.45701,0.384615,0,0,155,4,29,1,0,4,0,0,44,6.4,37.6
219.527,7.65455,0.290909,202.727,7.56364,0.4,0,0,138,6,45,1,267,0,0,0,8,18.4,-10.4
219.527,7.65455,0.290909,202.727,7.56364,0.4,2,1,138,6,45,1,267,3,0,0,8,18.4,-10.4
223.373,7.09016,0.344262,227.578,7.47541,0.385246,0,0,204,3,30,1,0,1,0,0,20,20.8,-0.8
223.373,7.09016,0.344262,227.578,7.47541,0.385246,0,0,173,4,25,1,0,1,0,0,0,13.2,-13.2
218.438,7.70625,0.4,211.106,7.05,0.325,0,0,149,5,36,1,0,1,0,0,26,17.2,8.8
234.274,7.4,0.373684,232.363,7.33158,0.342105,0,0,133,8,15,0,252,1,0,0,10,11.2,-1.2
237.176,7.17647,0.289593,230.633,7.45701,0.384615,0,0,180,5,26,0,0,1,0,0,6,12.8,-6.8
237.176,7.17647,0.289593,230.633,7.45701,0.384615,0,0,180,5,26,0,0,3,0,0,6,10.4,-4.4
233.745,7.39674,0.36413,227.951,7.30435,0.353261,19,23,164,5,25,2,0,0,0,0,32,11.6,20.4
234.274,7.4,0.373684,232.363,7.33158,0.342105,7,5,214,2,64,1,0,0,4,0,48,40.8,7.2
233.745,7.39674,0.36413,227.951,7.30435,0.353261,7,10,145,6,21,1,0,1,0,0,14,12,2
239.627,7.69737,0.372807,232.079,7.23246,0.337719,11,13,244,4,24,1,0,4,0,0,44,26.4,17.6
217.33,7.15909,0.3125,225.278,7.57386,0.380682,11,8,232,4,24,1,0,4,4,1,8,17.2,-9.2
217.33,7.15909,0.3125,225.278,7.57386,0.380682,0,0,232,4,24,1,0,1,0,1,8,15.6,-7.6
217.33,7.15909,0.3125,225.278,7.57386,0.380682,0,0,232,4,24,1,0,1,0,1,8,15.6,-7.6
223.373,7.09016,0.344262,227.578,7.47541,0.385246,0,0,175,4,45,0,0,1,0,0,38,6.8,31.2
234.274,7.4,0.373684,232.363,7.33158,0.342105,0,0,179,4,20,1,0,1,0,1,22,14,8
234.274,7.4,0.373684,232.363,7.33158,0.342105,29,38,170,6,25,0,0,1,14,1,20,20.8,-0.8
234.274,7.4,0.373684,232.363,7.33158,0.342105,75,110,170,6,25,0,0,4,24,1,20,17.2,2.8
239.627,7.69737,0.372807,232.079,7.23246,0.337719,17,16,181,4,35,1,0,4,12,1,26,19.6,6.4
239.627,7.69737,0.372807,232.079,7.23246,0.337719,0,0,225,2,43,2,0,4,0,1,28,14.4,13.6
233.745,7.39674,0.36413,227.951,7.30435,0.353261,21,27,185,3,31,2,0,4,4,0,18,12.4,5.6
237.176,7.17647,0.289593,230.633,7.45701,0.384615,10,7,180,3,43,1,0,1,4,0,26,20.4,5.6
237.176,7.17647,0.289593,230.633,7.45701,0.384615,0,0,180,3,43,1,0,4,0,0,26,17.6,8.4
237.176,7.17647,0.289593,230.633,7.45701,0.384615,0,0,146,5,19,0,206,1,0,0,8,11.2,-3.2
233.745,7.39674,0.36413,227.951,7.30435,0.353261,4,4,191,4,27,2,0,1,0,0,40,10.8,29.2
233.745,7.39674,0.36413,227.951,7.30435,0.353261,0,0,191,4,27,2,0,0,0,0,40,12.4,27.6
237.176,7.17647,0.289593,230.633,7.45701,0.384615,5,10,171,6,37,1,319,0,0,0,16,1.6,14.4
237.176,7.17647,0.289593,230.633,7.45701,0.384615,35,32,171,6,37,1,319,1,12,0,16,12,4
237.176,7.17647,0.289593,230.633,7.45701,0.384615,86,111,183,5,29,0,0,4,20,0,24,19.6,4.4
239.627,7.69737,0.372807,232.079,7.23246,0.337719,8,8,207,4,23,2,0,1,4,1,0,21.6,-21.6
239.627,7.69737,0.372807,232.079,7.23246,0.337719,0,0,207,4,23,2,0,1,0,1,0,19.2,-19.2
237.176,7.17647,0.289593,230.633,7.45701,0.384615,0,0,168,4,30,1,0,0,0,0,0,13.6,-13.6
223.373,7.09016,0.344262,227.578,7.47541,0.385246,9,7,212,3,30,2,0,4,4,0,18,27.6,-9.6
223.373,7.09016,0.344262,227.578,7.47541,0.385246,18,17,206,4,30,1,0,4,8,0,8,16.4,-8.4
223.373,7.09016,0.344262,227.578,7.47541,0.385246,0,0,206,4,30,1,0,0,0,0,8,20.8,-12.8
218.438,7.70625,0.4,211.106,7.05,0.325,107,153,149,3,35,2,0,4,70,0,4,12,-8
233.745,7.39674,0.36413,227.951,7.30435,0.353261,1,4,156,7,18,2,0,3,0,0,0,18.8,-18.8
233.745,7.39674,0.36413,227.951,7.30435,0.353261,4,10,156,7,18,2,0,0,0,0,0,18,-18
223.373,7.09016,0.344262,227.578,7.47541,0.385246,4,6,202,5,18,1,0,1,0,0,4,12.4,-8.4
223.373,7.09016,0.344262,227.578,7.47541,0.385246,0,0,202,5,18,1,0,1,0,0,4,9.6,-5.6
239.627,7.69737,0.372807,232.079,7.23246,0.337719,46,83,156,4,27,1,235,4,16,0,4,17.6,-13.6
239.627,7.69737,0.372807,232.079,7.23246,0.337719,9,9,156,4,27,1,235,4,4,0,4,11.2,-7.2
239.627,7.69737,0.372807,232.079,7.23246,0.337719,0,0,156,4,27,1,235,1,0,0,4,9.6,-5.6
233.745,7.39674,0.36413,227.951,7.30435,0.353261,7,29,100,9,10,0,0,3,0,0,16,10.4,5.6
234.274,7.4,0.373684,232.363,7.33158,0.342105,5,6,142,5,25,1,0,1,0,0,24,14,10
234.274,7.4,0.373684,232.363,7.33158,0.342105,0,0,142,5,25,1,0,1,0,0,24,14,10
233.745,7.39674,0.36413,227.951,7.30435,0.353261,0,0,163,4,40,0,0,1,0,0,34,22,12
222.621,7.38389,0.393365,235.517,7.54976,0.336493,13,10,180,5,22,3,275,4,4,0,0,7.2,-7.2
242.378,7.15058,0.339768,244.568,7.12741,0.30888,23,51,144,5,24,1,0,4,4,1,16,24.8,-8.8
242.378,7.15058,0.339768,244.568,7.12741,0.30888,0,0,144,5,24,1,0,3,0,1,16,18,-2
217.33,7.15909,0.3125,225.278,7.57386,0.380682,0,0,157,3,24,0,224,4,0,0,16,16,0
234.274,7.4,0.373684,232.363,7.33158,0.342105,0,0,138,5,22,1,0,1,0,0,14,8,6
217.33,7.15909,0.3125,225.278,7.57386,0.380682,0,0,189,1,30,1,0,4,0,0,20,14.8,5.2
237.176,7.17647,0.289593,230.633,7.45701,0.384615,65,77,184,5,30,2,273,4,24,0,26,15.6,10.4
242.378,7.15058,0.339768,244.568,7.12741,0.30888,9,9,166,3,23,2,0,4,4,1,12,20.4,-8.4
239.627,7.69737,0.372807,232.079,7.23246,0.337719,67,105,193,3,26,1,250,4,28,0,4,6.8,-2.8
234.274,7.4,0.373684,232.363,7.33158,0.342105,64,81,167,3,30,2,0,4,16,0,16,13.2,2.8
234.274,7.4,0.373684,232.363,7.33158,0.342105,0,0,167,3,30,2,0,1,0,0,16,8,8
234.274,7.4,0.373684,232.363,7.33158,0.342105,0,0,227,4,60,0,0,1,0,1,56,31.6,24.4
234.274,7.4,0.373684,232.363,7.33158,0.342105,0,0,227,4,60,0,0,1,0,1,56,31.6,24.4
222.621,7.38389,0.393365,235.517,7.54976,0.336493,50,85,195,9,27,0,393,4,24,0,0,18.8,-18.8
222.621,7.38389,0.393365,235.517,7.54976,0.336493,44,95,95,8,5,1,0,4,16,0,0,20.8,-20.8
223.373,7.09016,0.344262,227.578,7.47541,0.385246,3,9,172,3,19,1,0,1,0,0,34,22.4,11.6
223.373,7.09016,0.344262,227.578,7.47541,0.385246,0,0,172,3,19,1,0,1,0,0,34,20.4,13.6
239.627,7.69737,0.372807,232.079,7.23246,0.337719,5,8,106,6,16,1,0,0,4,0,4,14.4,-10.4
239.627,7.69737,0.372807,232.079,7.23246,0.337719,0,2,220,2,57,2,0,4,0,0,44,40,4
239.627,7.69737,0.372807,232.079,7.23246,0.337719,0,0,220,2,57,2,0,4,0,0,44,40,4
233.745,7.39674,0.36413,227.951,7.30435,0.353261,0,1,247,5,29,3,347,1,0,1,22,10.4,11.6
212.077,7.5,0.380282,227.704,6.97887,0.316901,0,0,143,5,11,1,0,3,0,0,8,12,-4
217.33,7.15909,0.3125,225.278,7.57386,0.380682,27,49,210,3,13,4,273,4,8,0,10,15.2,-5.2
239.627,7.69737,0.372807,232.079,7.23246,0.337719,0,0,154,6,27,1,0,3,0,0,0,6.4,-6.4
239.627,7.69737,0.372807,232.079,7.23246,0.337719,6,10,153,4,26,1,0,4,0,0,20,21.2,-1.2
217.33,7.15909,0.3125,225.278,7.57386,0.380682,0,0,97,6,20,0,0,3,0,0,12,8.4,3.6
222.621,7.38389,0.393365,235.517,7.54976,0.336493,36,85,102,5,26,2,152,4,12,1,4,6.8,-2.8
222.621,7.38389,0.393365,235.517,7.54976,0.336493,13,9,123,5,31,2,0,1,10,1,8,13.6,-5.6
237.176,7.17647,0.289593,230.633,7.45701,0.384615,1,3,149,3,29,2,0,0,0,1,12,7.2,4.8
237.176,7.17647,0.289593,230.633,7.45701,0.384615,0,0,149,3,29,2,0,0,0,1,12,7.2,4.8
217.33,7.15909,0.3125,225.278,7.57386,0.380682,0,0,160,2,60,0,0,1,0,0,20,38.8,-18.8
217.33,7.15909,0.3125,225.278,7.57386,0.380682,0,0,160,2,60,0,0,4,0,0,20,38.8,-18.8
237.176,7.17647,0.289593,230.633,7.45701,0.384615,1,13,155,8,33,1,279,3,0,1,0,11.6,-11.6
242.378,7.15058,0.339768,244.568,7.12741,0.30888,0,0,115,7,21,1,289,3,0,0,16,11.2,4.8
242.378,7.15058,0.339768,244.568,7.12741,0.30888,0,0,216,2,44,1,0,1,0,0,22,24.4,-2.4
237.176,7.17647,0.289593,230.633,7.45701,0.384615,74,83,185,4,39,1,0,4,20,1,18,30.4,-12.4
237.176,7.17647,0.289593,230.633,7.45701,0.384615,0,0,185,4,39,1,0,3,0,1,18,19.6,-1.6
242.378,7.15058,0.339768,244.568,7.12741,0.30888,0,2,136,6,31,2,0,1,0,0,16,13.6,2.4
237.176,7.17647,0.289593,230.633,7.45701,0.384615,38,66,162,7,22,0,213,1,16,1,0,7.2,-7.2
242.378,7.15058,0.339768,244.568,7.12741,0.30888,0,0,220,2,40,2,0,1,0,0,34,26.8,7.2
237.176,7.17647,0.289593,230.633,7.45701,0.384615,75,80,192,5,43,1,0,4,36,1,50,25.2,24.8
212.077,7.5,0.380282,227.704,6.97887,0.316901,2,5,152,4,25,2,0,1,0,0,4,8.8,-4.8
218.438,7.70625,0.4,211.106,7.05,0.325,0,0,150,5,20,2,0,1,0,1,20,28,-8
212.077,7.5,0.380282,227.704,6.97887,0.316901,23,29,126,5,32,0,221,1,8,0,6,17.2,-11.2
212.077,7.5,0.380282,227.704,6.97887,0.316901,0,0,149,4,19,2,0,3,0,0,4,7.6,-3.6
223.373,7.09016,0.344262,227.578,7.47541,0.385246,6,17,172,5,21,1,0,1,0,0,26,8.4,17.6
223.373,7.09016,0.344262,227.578,7.47541,0.385246,85,115,172,5,21,1,0,4,48,0,26,22.4,3.6
242.378,7.15058,0.339768,244.568,7.12741,0.30888,31,48,191,5,21,0,258,1,4,1,4,8.4,-4.4
242.378,7.15058,0.339768,244.568,7.12741,0.30888,0,0,191,5,21,0,258,1,0,1,4,16.8,-12.8
223.373,7.09016,0.344262,227.578,7.47541,0.385246,2,2,174,6,44,1,0,1,0,0,12,9.6,2.4
218.438,7.70625,0.4,211.106,7.05,0.325,0,0,179,3,39,2,0,4,0,1,6,21.2,-15.2
242.378,7.15058,0.339768,244.568,7.12741,0.30888,89,106,199,5,29,0,251,4,28,0,8,10,-2
218.438,7.70625,0.4,211.106,7.05,0.325,0,0,161,6,19,2,285,3,0,1,30,20.4,9.6
237.176,7.17647,0.289593,230.633,7.45701,0.384615,0,0,159,6,29,0,0,1,0,0,8,12,-4
237.176,7.17647,0.289593,230.633,7.45701,0.384615,0,0,159,6,29,0,0,1,0,0,8,12,-4
223.373,7.09016,0.344262,227.578,7.47541,0.385246,10,10,136,4,31,2,0,4,0,1,8,7.6,0.4
237.176,7.17647,0.289593,230.633,7.45701,0.384615,0,0,176,2,16,2,212,4,0,0,0,4.8,-4.8
233.745,7.39674,0.36413,227.951,7.30435,0.353261,5,7,177,4,13,2,0,0,0,0,18,13.2,4.8
242.378,7.15058,0.339768,244.568,7.12741,0.30888,37,59,129,5,21,0,160,4,8,0,0,3.6,-3.6
239.627,7.69737,0.372807,232.079,7.23246,0.337719,0,0,182,4,29,1,0,0,0,1,6,13.2,-7.2
239.627,7.69737,0.372807,232.079,7.23246,0.337719,0,0,182,4,29,1,0,1,0,1,6,13.2,-7.2
239.627,7.69737,0.372807,232.079,7.23246,0.337719,32,51,146,6,28,0,0,1,8,1,0,23.6,-23.6
239.627,7.69737,0.372807,232.079,7.23246,0.337719,0,0,146,6,28,0,0,0,0,1,0,7.2,-7.2
242.378,7.15058,0.339768,244.568,7.12741,0.30888,31,41,173,5,24,0,239,1,16,0,0,14.4,-14.4
239.627,7.69737,0.372807,232.079,7.23246,0.337719,43,40,219,3,41,0,0,4,26,1,10,35.2,-25.2
223.373,7.09016,0.344262,227.578,7.47541,0.385246,0,4,150,5,23,1,0,1,0,0,20,18.4,1.6
239.627,7.69737,0.372807,232.079,7.23246,0.337719,37,62,172,6,20,0,0,4,4,1,16,16,0
239.627,7.69737,0.372807,232.079,7.23246,0.337719,0,0,172,6,20,0,0,0,0,1,16,19.6,-3.6
242.378,7.15058,0.339768,244.568,7.12741,0.30888,6,14,194,4,13,1,0,1,4,0,14,10.4,3.6
219.527,7.65455,0.290909,202.727,7.56364,0.4,17,37,99,6,35,1,0,1,6,1,14,8.4,5.6
242.378,7.15058,0.339768,244.568,7.12741,0.30888,98,143,170,2,22,1,0,4,48,0,18,20.8,-2.8
234.274,7.4,0.373684,232.363,7.33158,0.342105,75,100,182,6,24,0,243,4,16,0,12,11.6,0.4
234.274,7.4,0.373684,232.363,7.33158,0.342105,8,14,182,6,24,0,243,1,0,0,12,10,2
234.274,7.4,0.373684,232.363,7.33158,0.342105,26,38,154,4,21,1,0,0,8,0,18,23.2,-5.2
218.438,7.70625,0.4,211.106,7.05,0.325,5,13,105,7,11,2,0,3,0,0,0,5.6,-5.6
237.176,7.17647,0.289593,230.633,7.45701,0.384615,2,3,186,3,38,1,0,4,0,1,38,22.4,15.6
237.176,7.17647,0.289593,230.633,7.45701,0.384615,6,6,147,7,36,1,267,1,4,1,0,11.2,-11.2
237.176,7.17647,0.289593,230.633,7.45701,0.384615,0,0,147,7,36,1,267,3,0,1,0,13.6,-13.6
234.274,7.4,0.373684,232.363,7.33158,0.342105,1,3,189,6,14,1,276,1,0,0,8,20.8,-12.8
234.274,7.4,0.373684,232.363,7.33158,0.342105,0,0,189,6,14,1,276,1,0,0,8,20.8,-12.8
242.378,7.15058,0.339768,244.568,7.12741,0.30888,0,3,180,7,37,2,291,3,0,1,10,6,4
239.627,7.69737,0.372807,232.079,7.23246,0.337719,69,79,207,4,29,1,292,4,18,0,4,21.2,-17.2
239.627,7.69737,0.372807,232.079,7.23246,0.337719,0,0,207,4,29,1,292,1,0,0,4,15.2,-11.2
239.627,7.69737,0.372807,232.079,7.23246,0.337719,82,75,208,5,45,0,0,4,46,0,32,24.8,7.2
242.378,7.15058,0.339768,244.568,7.12741,0.30888,0,0,203,4,43,1,318,1,0,1,18,15.2,2.8
242.378,7.15058,0.339768,244.568,7.12741,0.30888,20,30,135,8,22,0,194,1,12,1,0,6.8,-6.8
242.378,7.15058,0.339768,244.568,7.12741,0.30888,30,43,135,8,22,0,194,1,18,1,0,10,-10
222.621,7.38389,0.393365,235.517,7.54976,0.336493,49,70,158,4,27,1,0,4,12,0,20,15.2,4.8
222.621,7.38389,0.393365,235.517,7.54976,0.336493,16,17,158,4,27,1,0,4,4,0,20,17.2,2.8
242.378,7.15058,0.339768,244.568,7.12741,0.30888,7,8,223,6,16,2,0,1,0,1,24,12.8,11.2
222.621,7.38389,0.393365,235.517,7.54976,0.336493,46,40,207,4,43,0,322,4,12,0,26,14.8,11.2
242.378,7.15058,0.339768,244.568,7.12741,0.30888,74,92,182,3,39,1,0,4,34,1,22,37.6,-15.6
222.621,7.38389,0.393365,235.517,7.54976,0.336493,1,3,187,4,35,3,295,3,0,0,4,25.2,-21.2
222.621,7.38389,0.393365,235.517,7.54976,0.336493,0,0,173,4,34,0,0,1,0,0,20,24,-4
222.621,7.38389,0.393365,235.517,7.54976,0.336493,0,0,199,3,38,2,0,1,0,0,14,11.6,2.4
242.378,7.15058,0.339768,244.568,7.12741,0.30888,23,24,194,7,37,2,307,1,12,1,14,19.6,-5.6
233.745,7.39674,0.36413,227.951,7.30435,0.353261,0,0,162,3,33,1,0,1,0,0,18,9.6,8.4
234.274,7.4,0.373684,232.363,7.33158,0.342105,0,0,164,4,35,0,249,1,0,1,16,9.6,6.4
234.274,7.4,0.373684,232.363,7.33158,0.342105,0,0,133,5,21,1,0,3,0,1,32,26.8,5.2
233.745,7.39674,0.36413,227.951,7.30435,0.353261,1,1,144,5,29,1,0,0,0,0,34,18,16
234.274,7.4,0.373684,232.363,7.33158,0.342105,0,0,178,4,35,1,0,1,0,1,6,3.6,2.4
217.33,7.15909,0.3125,225.278,7.57386,0.380682,0,0,129,7,23,1,256,1,0,0,0,4.8,-4.8
217.33,7.15909,0.3125,225.278,7.57386,0.380682,68,72,145,4,49,2,0,4,32,0,20,17.6,2.4
217.33,7.15909,0.3125,225.278,7.57386,0.380682,1,5,151,5,47,4,0,1,0,0,40,21.6,18.4
222.621,7.38389,0.393365,235.517,7.54976,0.336493,47,26,196,7,43,1,295,0,32,1,0,11.2,-11.2
222.621,7.38389,0.393365,235.517,7.54976,0.336493,0,0,196,7,43,1,295,1,0,1,0,14,-14
234.274,7.4,0.373684,232.363,7.33158,0.342105,37,46,172,6,22,1,266,1,14,0,12,14.4,-2.4
234.274,7.4,0.373684,232.363,7.33158,0.342105,0,0,172,6,22,1,266,1,0,0,12,8.8,3.2
234.274,7.4,0.373684,232.363,7.33158,0.342105,0,0,137,4,25,2,0,3,0,0,4,6,-2
222.621,7.38389,0.393365,235.517,7.54976,0.336493,0,0,191,4,14,3,234,3,0,1,4,6.4,-2.4
233.745,7.39674,0.36413,227.951,7.30435,0.353261,4,11,232,3,21,1,0,0,0,1,54,24,30
233.745,7.39674,0.36413,227.951,7.30435,0.353261,67,77,150,6,41,1,0,0,28,1,18,24,-6
237.176,7.17647,0.289593,230.633,7.45701,0.384615,0,0,150,5,23,0,0,0,0,0,40,17.2,22.8
212.077,7.5,0.380282,227.704,6.97887,0.316901,36,37,165,4,39,0,0,1,16,1,12,20,-8
212.077,7.5,0.380282,227.704,6.97887,0.316901,0,0,165,4,39,0,0,1,0,1,12,17.2,-5.2
234.274,7.4,0.373684,232.363,7.33158,0.342105,0,0,238,2,34,3,0,4,0,0,16,29.2,-13.2
212.077,7.5,0.380282,227.704,6.97887,0.316901,0,0,180,5,35,0,0,1,0,1,16,23.6,-7.6
217.33,7.15909,0.3125,225.278,7.57386,0.380682,7,11,200,4,23,2,0,1,0,0,26,21.2,4.8
217.33,7.15909,0.3125,225.278,7.57386,0.380682,12,11,200,4,23,2,0,0,6,0,26,15.6,10.4
217.33,7.15909,0.3125,225.278,7.57386,0.380682,0,0,200,4,23,2,0,1,0,0,26,20,6
212.077,7.5,0.380282,227.704,6.97887,0.316901,19,22,174,3,30,2,0,4,4,1,4,16,-12
212.077,7.5,0.380282,227.704,6.97887,0.316901,1,1,174,3,30,2,0,1,0,1,4,7.6,-3.6
217.33,7.15909,0.3125,225.278,7.57386,0.380682,25,35,179,4,22,1,233,4,6,0,10,11.2,-1.2
217.33,7.15909,0.3125,225.278,7.57386,0.380682,2,4,179,4,22,1,233,1,0,0,10,16.8,-6.8
217.33,7.15909,0.3125,225.278,7.57386,0.380682,1,2,174,5,21,2,0,1,0,1,4,6.8,-2.8
239.627,7.69737,0.372807,232.079,7.23246,0.337719,50,54,230,4,37,1,0,4,12,0,52,30,22
218.438,7.70625,0.4,211.106,7.05,0.325,0,0,137,6,15,1,0,3,0,1,6,14.8,-8.8
212.077,7.5,0.380282,227.704,6.97887,0.316901,73,100,202,3,37,1,0,4,20,0,22,29.2,-7.2
212.077,7.5,0.380282,227.704,6.97887,0.316901,0,0,202,3,37,1,0,4,0,0,22,26.8,-4.8
212.077,7.5,0.380282,227.704,6.97887,0.316901,0,0,202,3,37,1,0,1,0,0,22,26.8,-4.8
222.621,7.38389,0.393365,235.517,7.54976,0.336493,0,0,250,4,37,0,0,0,0,0,20,18.4,1.6
212.077,7.5,0.380282,227.704,6.97887,0.316901,0,0,166,6,25,1,0,3,0,0,20,21.2,-1.2
222.621,7.38389,0.393365,235.517,7.54976,0.336493,30,20,217,2,40,1,0,4,20,0,12,19.2,-7.2
222.621,7.38389,0.393365,235.517,7.54976,0.336493,0,0,217,2,40,1,0,1,0,0,12,16.8,-4.8
223.373,7.09016,0.344262,227.578,7.47541,0.385246,6,8,206,3,29,1,0,0,0,0,22,26,-4
223.373,7.09016,0.344262,227.578,7.47541,0.385246,0,0,253,4,30,2,0,1,0,0,14,18,-4
223.373,7.09016,0.344262,227.578,7.47541,0.385246,0,0,253,4,30,2,0,1,0,0,14,18,-4
223.373,7.09016,0.344262,227.578,7.47541,0.385246,0,0,224,4,23,1,0,0,0,0,26,21.2,4.8
223.373,7.09016,0.344262,227.578,7.47541,0.385246,0,0,209,6,18,1,0,0,0,0,20,16.4,3.6
242.378,7.15058,0.339768,244.568,7.12741,0.30888,27,29,153,5,39,0,0,4,8,0,12,38,-26
223.373,7.09016,0.344262,227.578,7.47541,0.385246,0,0,149,7,29,1,238,0,0,1,8,12,-4
223.373,7.09016,0.344262,227.578,7.47541,0.385246,37,34,134,6,46,0,0,0,16,1,12,12.8,-0.8
218.438,7.70625,0.4,211.106,7.05,0.325,41,67,161,6,20,0,0,4,12,0,12,22.4,-10.4
222.621,7.38389,0.393365,235.517,7.54976,0.336493,0,0,233,4,38,1,0,3,0,1,12,20,-8
218.438,7.70625,0.4,211.106,7.05,0.325,71,70,191,4,38,1,309,4,24,0,16,20.4,-4.4
218.438,7.70625,0.4,211.106,7.05,0.325,0,0,191,4,38,1,309,1,0,0,16,20.8,-4.8
218.438,7.70625,0.4,211.106,7.05,0.325,36,63,147,8,31,0,0,1,4,0,0,28.8,-28.8
222.621,7.38389,0.393365,235.517,7.54976,0.336493,10,7,241,3,31,2,0,4,4,0,20,18.4,1.6
222.621,7.38389,0.393365,235.517,7.54976,0.336493,21,23,241,3,31,2,0,4,4,0,20,30.4,-10.4
222.621,7.38389,0.393365,235.517,7.54976,0.336493,127,136,221,1,50,1,0,4,66,0,16,32,-16
222.621,7.38389,0.393365,235.517,7.54976,0.336493,0,0,221,1,50,1,0,4,0,0,16,20,-4
242.378,7.15058,0.339768,244.568,7.12741,0.30888,39,49,217,6,25,1,316,4,8,0,16,18,-2
239.627,7.69737,0.372807,232.079,7.23246,0.337719,7,7,173,3,31,1,0,4,4,0,24,13.2,10.8
237.176,7.17647,0.289593,230.633,7.45701,0.384615,0,0,156,5,40,1,261,1,0,1,24,13.6,10.4
237.176,7.17647,0.289593,230.633,7.45701,0.384615,53,81,175,7,18,2,250,4,12,1,0,6,-6
237.176,7.17647,0.289593,230.633,7.45701,0.384615,4,3,169,5,35,3,0,0,4,1,4,8.4,-4.4
239.627,7.69737,0.372807,232.079,7.23246,0.337719,14,8,188,3,35,2,0,0,12,0,34,18.4,15.6
239.627,7.69737,0.372807,232.079,7.23246,0.337719,0,0,188,3,35,2,0,1,0,0,34,28.8,5.2
239.627,7.69737,0.372807,232.079,7.23246,0.337719,1,8,145,6,25,3,0,3,0,0,0,4,-4
239.627,7.69737,0.372807,232.079,7.23246,0.337719,49,53,145,6,25,3,0,4,18,0,0,21.2,-21.2
234.274,7.4,0.373684,232.363,7.33158,0.342105,0,0,188,5,22,1,0,2,0,1,56,23.2,32.8
239.627,7.69737,0.372807,232.079,7.23246,0.337719,53,66,188,5,36,0,0,4,12,0,36,14.8,21.2
234.274,7.4,0.373684,232.363,7.33158,0.342105,2,3,191,3,33,2,0,0,0,1,36,21.6,14.4
234.274,7.4,0.373684,232.363,7.33158,0.342105,6,12,191,3,33,2,0,0,0,1,36,23.6,12.4
234.274,7.4,0.373684,232.363,7.33158,0.342105,7,5,221,3,30,2,0,4,0,1,30,21.2,8.8
239.627,7.69737,0.372807,232.079,7.23246,0.337719,46,47,177,4,40,1,0,4,16,1,16,26.8,-10.8
239.627,7.69737,0.372807,232.079,7.23246,0.337719,0,0,177,4,40,1,0,1,0,1,16,18.8,-2.8
234.274,7.4,0.373684,232.363,7.33158,0.342105,0,0,160,4,25,1,250,0,0,0,26,14.4,11.6
239.627,7.69737,0.372807,232.079,7.23246,0.337719,36,44,197,5,25,0,0,4,8,1,12,22,-10
239.627,7.69737,0.372807,232.079,7.23246,0.337719,0,0,197,5,25,0,0,1,0,1,12,7.2,4.8
239.627,7.69737,0.372807,232.079,7.23246,0.337719,36,39,180,6,20,2,0,0,10,1,4,12.8,-8.8
239.627,7.69737,0.372807,232.079,7.23246,0.337719,2,10,180,6,20,2,0,3,0,1,4,15.2,-11.2
239.627,7.69737,0.372807,232.079,7.23246,0.337719,2,4,178,6,37,1,289,0,0,1,4,6,-2
239.627,7.69737,0.372807,232.079,7.23246,0.337719,0,0,178,6,37,1,289,3,0,1,4,6,-2
233.745,7.39674,0.36413,227.951,7.30435,0.353261,0,0,106,5,33,0,182,0,0,0,4,4.8,-0.8
233.745,7.39674,0.36413,227.951,7.30435,0.353261,10,10,150,3,28,1,226,1,8,0,12,15.2,-3.2
239.627,7.69737,0.372807,232.079,7.23246,0.337719,0,0,221,5,44,0,0,1,0,1,8,18,-10
233.745,7.39674,0.36413,227.951,7.30435,0.353261,0,0,159,5,24,1,0,0,0,0,22,10.4,11.6
237.176,7.17647,0.289593,230.633,7.45701,0.384615,0,0,183,3,13,2,0,3,0,0,24,14.8,9.2
237.176,7.17647,0.289593,230.633,7.45701,0.384615,13,11,165,7,33,1,265,1,0,0,8,18.4,-10.4
217.33,7.15909,0.3125,225.278,7.57386,0.380682,58,66,166,6,39,1,0,4,32,1,16,20.8,-4.8
217.33,7.15909,0.3125,225.278,7.57386,0.380682,0,2,166,6,39,1,0,3,0,1,16,14,2
242.378,7.15058,0.339768,244.568,7.12741,0.30888,0,0,197,5,37,1,0,1,0,1,22,8.8,13.2
237.176,7.17647,0.289593,230.633,7.45701,0.384615,0,0,177,6,38,2,293,1,0,0,8,6,2
237.176,7.17647,0.289593,230.633,7.45701,0.384615,2,6,174,5,29,1,0,4,0,0,6,6.8,-0.8
237.176,7.17647,0.289593,230.633,7.45701,0.384615,97,114,178,4,32,0,0,4,42,0,20,24,-4
242.378,7.15058,0.339768,244.568,7.12741,0.30888,0,0,206,3,24,2,0,1,0,0,0,8.8,-8.8
242.378,7.15058,0.339768,244.568,7.12741,0.30888,0,0,206,3,24,2,0,1,0,0,0,8.8,-8.8
233.745,7.39674,0.36413,227.951,7.30435,0.353261,48,39,181,5,39,0,0,0,26,1,18,24.8,-6.8
233.745,7.39674,0.36413,227.951,7.30435,0.353261,32,22,269,8,57,1,393,0,24,1,0,12,-12
217.33,7.15909,0.3125,225.278,7.57386,0.380682,0,0,213,3,39,1,0,1,0,0,14,18,-4
222.621,7.38389,0.393365,235.517,7.54976,0.336493,11,12,194,4,37,1,295,4,0,0,22,10,12
222.621,7.38389,0.393365,235.517,7.54976,0.336493,7,10,171,5,24,2,0,3,0,0,22,14.4,7.6
217.33,7.15909,0.3125,225.278,7.57386,0.380682,100,142,141,5,29,2,233,4,24,0,0,13.6,-13.6
217.33,7.15909,0.3125,225.278,7.57386,0.380682,9,11,141,5,29,2,233,1,4,0,0,4,-4
223.373,7.09016,0.344262,227.578,7.47541,0.385246,16,19,87,5,23,0,0,4,0,0,6,11.2,-5.2
223.373,7.09016,0.344262,227.578,7.47541,0.385246,0,0,87,5,23,0,0,1,0,0,6,8.8,-2.8
223.373,7.09016,0.344262,227.578,7.47541,0.385246,0,0,87,5,23,0,0,1,0,0,6,8.8,-2.8
242.378,7.15058,0.339768,244.568,7.12741,0.30888,81,125,134,8,22,0,0,4,26,0,10,27.2,-17.2
237.176,7.17647,0.289593,230.633,7.45701,0.384615,0,0,224,2,41,2,0,1,0,1,18,12.8,5.2
217.33,7.15909,0.3125,225.278,7.57386,0.380682,4,5,193,6,34,2,329,1,0,0,18,16.8,1.2
237.176,7.17647,0.289593,230.633,7.45701,0.384615,5,12,128,6,39,1,0,0,0,0,8,10.4,-2.4
223.373,7.09016,0.344262,227.578,7.47541,0.385246,108,123,210,2,36,1,0,4,20,0,28,15.2,12.8
242.378,7.15058,0.339768,244.568,7.12741,0.30888,7,9,200,7,20,1,321,1,4,0,12,9.6,2.4
234.274,7.4,0.373684,232.363,7.33158,0.342105,0,0,174,6,32,1,0,3,0,1,14,19.6,-5.6
234.274,7.4,0.373684,232.363,7.33158,0.342105,111,80,234,3,54,0,0,4,48,1,34,31.2,2.8
234.274,7.4,0.373684,232.363,7.33158,0.342105,0,0,234,3,54,0,0,1,0,1,34,31.6,2.4
222.621,7.38389,0.393365,235.517,7.54976,0.336493,0,0,158,5,41,2,0,3,0,0,0,14.4,-14.4
222.621,7.38389,0.393365,235.517,7.54976,0.336493,8,18,134,6,16,1,199,1,4,0,0,4.4,-4.4
222.621,7.38389,0.393365,235.517,7.54976,0.336493,28,53,134,6,16,1,199,4,8,0,0,10.4,-10.4
222.621,7.38389,0.393365,235.517,7.54976,0.336493,0,0,149,6,21,1,0,1,0,0,8,15.6,-7.6
239.627,7.69737,0.372807,232.079,7.23246,0.337719,97,130,181,4,22,0,0,4,36,0,8,21.6,-13.6
222.621,7.38389,0.393365,235.517,7.54976,0.336493,63,75,192,3,21,0,251,4,28,0,24,12.8,11.2
217.33,7.15909,0.3125,225.278,7.57386,0.380682,0,0,165,4,49,1,0,0,0,1,26,31.2,-5.2
218.438,7.70625,0.4,211.106,7.05,0.325,3,5,187,4,40,1,275,4,0,0,12,8,4
223.373,7.09016,0.344262,227.578,7.47541,0.385246,0,0,145,6,21,1,0,0,0,1,34,19.6,14.4
223.373,7.09016,0.344262,227.578,7.47541,0.385246,0,0,145,6,21,1,0,1,0,1,34,19.6,14.4
222.621,7.38389,0.393365,235.517,7.54976,0.336493,14,17,110,9,22,0,0,3,4,0,4,9.6,-5.6
223.373,7.09016,0.344262,227.578,7.47541,0.385246,25,25,229,3,27,1,289,4,8,1,12,12.8,-0.8
223.373,7.09016,0.344262,227.578,7.47541,0.385246,92,115,141,5,35,0,0,4,36,1,12,15.2,-3.2
242.378,7.15058,0.339768,244.568,7.12741,0.30888,26,26,214,2,31,0,0,4,10,0,38,22.8,15.2
223.373,7.09016,0.344262,227.578,7.47541,0.385246,8,9,228,6,25,3,320,1,4,1,0,17.6,-17.6
239.627,7.69737,0.372807,232.079,7.23246,0.337719,0,0,210,3,40,2,0,0,0,1,30,26,4
217.33,7.15909,0.3125,225.278,7.57386,0.380682,34,47,179,6,39,0,325,1,14,0,24,12.4,11.6
239.627,7.69737,0.372807,232.079,7.23246,0.337719,27,25,216,4,34,1,0,4,8,1,46,29.2,16.8
239.627,7.69737,0.372807,232.079,7.23246,0.337719,10,7,216,4,34,1,0,0,4,1,46,26,20
239.627,7.69737,0.372807,232.079,7.23246,0.337719,36,44,183,4,30,0,0,4,14,1,20,28.8,-8.8
239.627,7.69737,0.372807,232.079,7.23246,0.337719,0,0,183,4,30,0,0,4,0,1,20,13.6,6.4
239.627,7.69737,0.372807,232.079,7.23246,0.337719,0,0,187,3,35,1,0,4,0,1,22,32.4,-10.4
222.621,7.38389,0.393365,235.517,7.54976,0.336493,5,4,180,6,48,2,287,3,4,0,0,6.4,-6.4
239.627,7.69737,0.372807,232.079,7.23246,0.337719,19,21,181,6,32,0,0,0,10,1,30,19.6,10.4
239.627,7.69737,0.372807,232.079,7.23246,0.337719,50,66,181,6,32,0,0,4,4,1,30,22,8
239.627,7.69737,0.372807,232.079,7.23246,0.337719,27,39,145,6,25,1,213,4,4,1,16,13.6,2.4
212.077,7.5,0.380282,227.704,6.97887,0.316901,0,0,204,4,58,0,0,1,0,1,32,22.4,9.6
218.438,7.70625,0.4,211.106,7.05,0.325,9,10,231,4,40,1,313,4,0,0,12,16.8,-4.8
223.373,7.09016,0.344262,227.578,7.47541,0.385246,34,44,223,3,47,0,0,4,4,0,12,39.2,-27.2
223.373,7.09016,0.344262,227.578,7.47541,0.385246,0,0,223,3,47,0,0,4,0,0,12,18.4,-6.4
223.373,7.09016,0.344262,227.578,7.47541,0.385246,0,0,223,3,47,0,0,4,0,0,12,18.4,-6.4
233.745,7.39674,0.36413,227.951,7.30435,0.353261,0,0,156,4,36,2,0,0,0,0,8,6.4,1.6
239.627,7.69737,0.372807,232.079,7.23246,0.337719,0,0,152,7,41,0,0,0,0,0,38,17.6,20.4
237.176,7.17647,0.289593,230.633,7.45701,0.384615,0,0,222,3,48,1,0,3,0,0,26,33.2,-7.2
234.274,7.4,0.373684,232.363,7.33158,0.342105,132,129,222,4,29,3,324,4,56,1,16,15.2,0.8
222.621,7.38389,0.393365,235.517,7.54976,0.336493,23,38,144,4,25,0,0,4,8,0,12,25.2,-13.2
233.745,7.39674,0.36413,227.951,7.30435,0.353261,54,96,155,4,34,0,234,4,8,0,18,18,0
239.627,7.69737,0.372807,232.079,7.23246,0.337719,93,127,161,4,29,0,201,4,52,0,12,11.6,0.4
242.378,7.15058,0.339768,244.568,7.12741,0.30888,0,0,180,7,28,0,293,3,0,1,42,3.2,38.8
242.378,7.15058,0.339768,244.568,7.12741,0.30888,96,95,225,4,47,0,0,4,34,1,38,22,16
239.627,7.69737,0.372807,232.079,7.23246,0.337719,62,71,164,3,22,1,0,4,8,0,16,14.8,1.2
242.378,7.15058,0.339768,244.568,7.12741,0.30888,0,5,163,3,16,1,230,0,0,1,20,10.8,9.2
239.627,7.69737,0.372807,232.079,7.23246,0.337719,28,18,238,2,46,1,0,4,18,0,36,31.6,4.4
242.378,7.15058,0.339768,244.568,7.12741,0.30888,5,6,266,4,32,2,351,4,0,1,18,12.4,5.6
242.378,7.15058,0.339768,244.568,7.12741,0.30888,1,6,111,7,33,1,0,3,0,1,8,12.4,-4.4
212.077,7.5,0.380282,227.704,6.97887,0.316901,88,105,158,8,19,0,0,4,34,0,18,13.6,4.4
218.438,7.70625,0.4,211.106,7.05,0.325,56,91,88,6,33,0,0,4,26,0,42,14.8,27.2
218.438,7.70625,0.4,211.106,7.05,0.325,36,75,88,6,33,0,0,1,12,0,42,16.4,25.6
239.627,7.69737,0.372807,232.079,7.23246,0.337719,30,37,192,5,40,0,0,0,8,0,18,24,-6
233.745,7.39674,0.36413,227.951,7.30435,0.353261,45,52,193,5,37,2,0,1,24,1,0,20.4,-20.4
233.745,7.39674,0.36413,227.951,7.30435,0.353261,9,8,193,5,37,2,0,1,6,1,0,22,-22
239.627,7.69737,0.372807,232.079,7.23246,0.337719,0,2,153,6,29,2,242,3,0,0,0,9.6,-9.6
239.627,7.69737,0.372807,232.079,7.23246,0.337719,0,0,153,6,29,2,242,0,0,0,0,9.6,-9.6
239.627,7.69737,0.372807,232.079,7.23246,0.337719,8,15,153,4,31,1,0,4,0,0,12,19.2,-7.2
239.627,7.69737,0.372807,232.079,7.23246,0.337719,7,5,153,4,31,1,0,0,4,0,12,24,-12
239.627,7.69737,0.372807,232.079,7.23246,0.337719,0,0,153,4,31,1,0,0,0,0,12,6.4,5.6
239.627,7.69737,0.372807,232.079,7.23246,0.337719,2,2,183,5,38,1,0,0,0,0,16,21.2,-5.2
237.176,7.17647,0.289593,230.633,7.45701,0.384615,94,83,207,5,37,0,268,4,56,1,8,9.6,-1.6
237.176,7.17647,0.289593,230.633,7.45701,0.384615,0,0,207,5,37,0,268,1,0,1,8,18.4,-10.4
239.627,7.69737,0.372807,232.079,7.23246,0.337719,0,0,167,5,31,0,0,0,0,0,18,9.6,8.4
237.176,7.17647,0.289593,230.633,7.45701,0.384615,2,3,170,3,19,4,213,0,0,1,8,5.6,2.4
239.627,7.69737,0.372807,232.079,7.23246,0.337719,0,0,205,2,30,1,0,4,0,0,24,29.2,-5.2
218.438,7.70625,0.4,211.106,7.05,0.325,11,25,167,5,15,1,0,4,0,0,14,24,-10
218.438,7.70625,0.4,211.106,7.05,0.325,0,0,167,5,15,1,0,1,0,0,14,15.2,-1.2
218.438,7.70625,0.4,211.106,7.05,0.325,1,7,200,6,16,3,0,1,0,1,0,10.4,-10.4
237.176,7.17647,0.289593,230.633,7.45701,0.384615,23,32,191,4,23,0,229,4,8,0,4,6.8,-2.8
218.438,7.70625,0.4,211.106,7.05,0.325,0,0,176,4,27,1,0,1,0,1,22,11.6,10.4
237.176,7.17647,0.289593,230.633,7.45701,0.384615,99,120,168,3,41,0,0,4,48,0,40,24,16
237.176,7.17647,0.289593,230.633,7.45701,0.384615,0,0,168,3,41,0,0,1,0,0,40,22.4,17.6
222.621,7.38389,0.393365,235.517,7.54976,0.336493,0,0,210,3,32,2,0,3,0,0,14,14,0
237.176,7.17647,0.289593,230.633,7.45701,0.384615,1,2,210,3,31,1,295,4,0,1,20,15.2,4.8
237.176,7.17647,0.289593,230.633,7.45701,0.384615,1,2,173,4,22,1,0,1,0,1,22,20.4,1.6
237.176,7.17647,0.289593,230.633,7.45701,0.384615,0,0,173,4,22,1,0,0,0,1,22,20.4,1.6
222.621,7.38389,0.393365,235.517,7.54976,0.336493,29,27,173,5,39,1,0,4,18,0,38,19.6,18.4
233.745,7.39674,0.36413,227.951,7.30435,0.353261,0,0,209,6,34,0,0,1,0,0,20,28.8,-8.8
233.745,7.39674,0.36413,227.951,7.30435,0.353261,4,6,177,6,12,3,0,1,0,0,0,13.2,-13.2
222.621,7.38389,0.393365,235.517,7.54976,0.336493,16,29,141,9,25,0,212,3,4,0,4,12.8,-8.8
212.077,7.5,0.380282,227.704,6.97887,0.316901,73,95,151,5,41,0,296,4,24,0,28,10.8,17.2
212.077,7.5,0.380282,227.704,6.97887,0.316901,73,85,151,5,41,0,296,1,28,0,28,9.2,18.8
212.077,7.5,0.380282,227.704,6.97887,0.316901,0,0,151,5,41,0,296,3,0,0,28,17.2,10.8
234.274,7.4,0.373684,232.363,7.33158,0.342105,5,2,218,3,38,2,0,0,4,1,28,9.6,18.4
223.373,7.09016,0.344262,227.578,7.47541,0.385246,0,1,233,4,27,2,302,1,0,0,16,20.8,-4.8
223.373,7.09016,0.344262,227.578,7.47541,0.385246,31,13,204,3,54,1,0,0,22,0,24,26,-2
242.378,7.15058,0.339768,244.568,7.12741,0.30888,11,12,232,3,39,0,316,1,0,1,8,16,-8
239.627,7.69737,0.372807,232.079,7.23246,0.337719,0,0,167,3,28,1,0,4,0,0,32,18,14
217.33,7.15909,0.3125,225.278,7.57386,0.380682,0,3,181,5,18,3,0,0,0,0,4,2.4,1.6
218.438,7.70625,0.4,211.106,7.05,0.325,14,23,161,7,12,1,0,1,8,1,4,12,-8
222.621,7.38389,0.393365,235.517,7.54976,0.336493,65,80,203,3,28,1,0,4,12,0,24,28,-4
212.077,7.5,0.380282,227.704,6.97887,0.316901,0,5,123,8,27,1,0,3,0,0,4,26,-22
219.527,7.65455,0.290909,202.727,7.56364,0.4,1,4,159,6,13,2,0,1,0,0,8,24,-16
219.527,7.65455,0.290909,202.727,7.56364,0.4,0,0,159,6,13,2,0,3,0,0,8,23.2,-15.2
217.33,7.15909,0.3125,225.278,7.57386,0.380682,0,0,186,3,30,3,0,1,0,0,30,27.6,2.4
217.33,7.15909,0.3125,225.278,7.57386,0.380682,0,0,186,3,30,3,0,3,0,0,30,27.6,2.4
218.438,7.70625,0.4,211.106,7.05,0.325,10,12,152,8,19,0,226,3,10,1,16,13.6,2.4
242.378,7.15058,0.339768,244.568,7.12741,0.30888,1,4,253,2,20,4,0,1,0,1,0,12.4,-12.4
242.378,7.15058,0.339768,244.568,7.12741,0.30888,6,11,253,2,20,4,0,4,0,1,0,9.2,-9.2
234.274,7.4,0.373684,232.363,7.33158,0.342105,1,3,213,3,30,3,297,1,0,0,28,15.6,12.4
223.373,7.09016,0.344262,227.578,7.47541,0.385246,0,0,185,3,20,2,0,1,0,0,28,19.6,8.4
223.373,7.09016,0.344262,227.578,7.47541,0.385246,0,0,185,3,20,2,0,0,0,0,28,19.6,8.4
239.627,7.69737,0.372807,232.079,7.23246,0.337719,4,3,134,7,25,1,0,1,4,0,0,7.2,-7.2
234.274,7.4,0.373684,232.363,7.33158,0.342105,0,0,187,3,32,1,0,1,0,0,42,32.8,9.2
234.274,7.4,0.373684,232.363,7.33158,0.342105,0,0,187,3,32,1,0,1,0,0,42,32.8,9.2
242.378,7.15058,0.339768,244.568,7.12741,0.30888,0,0,200,3,24,3,0,1,0,1,12,17.6,-5.6
239.627,7.69737,0.372807,232.079,7.23246,0.337719,94,111,180,4,33,1,0,4,34,0,6,20,-14
233.745,7.39674,0.36413,227.951,7.30435,0.353261,6,16,157,5,19,0,0,0,0,0,12,16.4,-4.4
233.745,7.39674,0.36413,227.951,7.30435,0.353261,0,0,157,5,19,0,0,0,0,0,12,19.6,-7.6
233.745,7.39674,0.36413,227.951,7.30435,0.353261,9,8,158,4,35,1,0,0,6,0,4,30,-26
242.378,7.15058,0.339768,244.568,7.12741,0.30888,8,14,189,5,17,1,0,1,4,1,20,19.6,0.4
222.621,7.38389,0.393365,235.517,7.54976,0.336493,33,55,175,6,22,2,261,4,8,0,18,16,2
222.621,7.38389,0.393365,235.517,7.54976,0.336493,0,0,175,6,22,2,261,3,0,0,18,11.6,6.4
223.373,7.09016,0.344262,227.578,7.47541,0.385246,16,21,173,5,27,0,0,1,0,0,44,14.4,29.6
242.378,7.15058,0.339768,244.568,7.12741,0.30888,9,11,208,3,22,1,275,4,4,1,22,15.6,6.4
218.438,7.70625,0.4,211.106,7.05,0.325,0,0,154,5,35,0,0,1,0,1,34,22.4,11.6
242.378,7.15058,0.339768,244.568,7.12741,0.30888,0,0,198,5,41,0,0,3,0,0,0,9.6,-9.6
217.33,7.15909,0.3125,225.278,7.57386,0.380682,0,0,162,4,23,1,255,1,0,1,24,19.2,4.8
212.077,7.5,0.380282,227.704,6.97887,0.316901,0,0,149,5,23,1,0,3,0,0,10,7.6,2.4
212.077,7.5,0.380282,227.704,6.97887,0.316901,0,0,149,5,23,1,0,3,0,0,10,7.6,2.4
212.077,7.5,0.380282,227.704,6.97887,0.316901,15,39,86,7,19,1,0,3,0,0,8,9.6,-1.6
234.274,7.4,0.373684,232.363,7.33158,0.342105,0,0,219,3,31,2,0,1,0,0,4,7.2,-3.2
234.274,7.4,0.373684,232.363,7.33158,0.342105,0,0,220,2,26,1,0,4,0,0,20,15.6,4.4
217.33,7.15909,0.3125,225.278,7.57386,0.380682,30,13,181,5,51,3,301,0,24,1,20,7.2,12.8
217.33,7.15909,0.3125,225.278,7.57386,0.380682,1,2,181,5,51,3,301,1,0,1,20,23.2,-3.2
234.274,7.4,0.373684,232.363,7.33158,0.342105,7,5,195,7,31,1,299,1,0,0,40,21.2,18.8
239.627,7.69737,0.372807,232.079,7.23246,0.337719,10,16,173,5,25,1,0,0,0,1,4,15.2,-11.2
237.176,7.17647,0.289593,230.633,7.45701,0.384615,21,20,223,6,28,1,0,0,12,0,16,18,-2
239.627,7.69737,0.372807,232.079,7.23246,0.337719,5,9,216,3,32,1,295,4,0,1,18,18.8,-0.8
239.627,7.69737,0.372807,232.079,7.23246,0.337719,101,107,145,8,58,0,0,4,40,1,4,22.4,-18.4
237.176,7.17647,0.289593,230.633,7.45701,0.384615,0,0,167,6,24,2,0,3,0,0,0,14.4,-14.4
239.627,7.69737,0.372807,232.079,7.23246,0.337719,63,85,162,6,28,0,215,4,26,1,4,10.4,-6.4
239.627,7.69737,0.372807,232.079,7.23246,0.337719,32,38,190,7,24,0,300,4,8,1,20,19.6,0.4
239.627,7.69737,0.372807,232.079,7.23246,0.337719,24,29,243,5,44,0,334,4,4,1,18,14,4
239.627,7.69737,0.372807,232.079,7.23246,0.337719,0,0,243,5,44,0,334,1,0,1,18,14.8,3.2
239.627,7.69737,0.372807,232.079,7.23246,0.337719,0,0,181,5,25,0,0,0,0,1,8,10,-2
212.077,7.5,0.380282,227.704,6.97887,0.316901,4,6,193,3,43,1,286,4,0,1,28,19.2,8.8
223.373,7.09016,0.344262,227.578,7.47541,0.385246,30,20,152,5,46,0,0,0,14,0,16,21.2,-5.2
223.373,7.09016,0.344262,227.578,7.47541,0.385246,9,10,208,3,26,1,269,4,0,0,16,12.4,3.6
223.373,7.09016,0.344262,227.578,7.47541,0.385246,1,1,195,6,17,2,0,1,0,0,10,7.6,2.4
212.077,7.5,0.380282,227.704,6.97887,0.316901,0,0,147,4,28,3,0,3,0,1,0,19.6,-19.6
223.373,7.09016,0.344262,227.578,7.47541,0.385246,0,0,168,7,28,0,0,1,0,1,14,18.8,-4.8
223.373,7.09016,0.344262,227.578,7.47541,0.385246,22,28,231,4,27,0,0,4,4,1,16,26.8,-10.8
222.621,7.38389,0.393365,235.517,7.54976,0.336493,19,29,196,5,22,1,0,4,4,0,22,13.2,8.8
242.378,7.15058,0.339768,244.568,7.12741,0.30888,6,8,187,3,12,2,268,4,0,0,32,26.4,5.6
222.621,7.38389,0.393365,235.517,7.54976,0.336493,0,0,249,4,60,1,0,4,0,0,48,40,8
222.621,7.38389,0.393365,235.517,7.54976,0.336493,0,0,249,4,60,1,0,3,0,0,48,40,8
218.438,7.70625,0.4,211.106,7.05,0.325,2,7,186,1,25,3,386,1,0,0,12,7.2,4.8
218.438,7.70625,0.4,211.106,7.05,0.325,11,9,186,1,25,3,386,4,4,0,12,9.6,2.4
233.745,7.39674,0.36413,227.951,7.30435,0.353261,9,22,147,8,15,1,0,0,0,0,0,8.8,-8.8
223.373,7.09016,0.344262,227.578,7.47541,0.385246,1,3,201,3,39,3,0,4,0,1,12,15.2,-3.2
242.378,7.15058,0.339768,244.568,7.12741,0.30888,66,97,190,7,15,1,300,4,26,0,0,17.6,-17.6
242.378,7.15058,0.339768,244.568,7.12741,0.30888,0,0,190,7,15,1,300,1,0,0,0,2.4,-2.4
222.621,7.38389,0.393365,235.517,7.54976,0.336493,7,19,167,6,11,2,0,1,0,0,6,10,-4
222.621,7.38389,0.393365,235.517,7.54976,0.336493,0,0,167,6,11,2,0,1,0,0,6,15.6,-9.6
234.274,7.4,0.373684,232.363,7.33158,0.342105,25,23,212,3,21,3,0,4,8,0,18,34,-16
222.621,7.38389,0.393365,235.517,7.54976,0.336493,0,0,191,5,33,2,287,1,0,0,48,25.2,22.8
222.621,7.38389,0.393365,235.517,7.54976,0.336493,43,55,133,5,39,2,229,4,12,0,10,15.2,-5.2
222.621,7.38389,0.393365,235.517,7.54976,0.336493,5,2,133,5,39,2,229,1,4,0,10,24.4,-14.4
234.274,7.4,0.373684,232.363,7.33158,0.342105,32,48,181,3,28,1,0,4,4,0,32,22,10
212.077,7.5,0.380282,227.704,6.97887,0.316901,27,20,187,6,34,1,0,1,20,0,12,17.2,-5.2
234.274,7.4,0.373684,232.363,7.33158,0.342105,4,6,220,5,24,1,0,1,0,1,10,16.4,-6.4
242.378,7.15058,0.339768,244.568,7.12741,0.30888,4,10,157,4,14,3,0,4,0,0,8,12,-4
234.274,7.4,0.373684,232.363,7.33158,0.342105,1,1,169,4,29,1,0,1,0,1,4,8,-4
234.274,7.4,0.373684,232.363,7.33158,0.342105,0,0,169,4,29,1,0,1,0,1,4,8,-4
242.378,7.15058,0.339768,244.568,7.12741,0.30888,10,21,172,7,20,0,221,1,4,0,14,9.2,4.8
234.274,7.4,0.373684,232.363,7.33158,0.342105,45,56,185,6,23,0,0,4,4,1,18,21.2,-3.2
234.274,7.4,0.373684,232.363,7.33158,0.342105,0,0,203,3,35,3,0,3,0,1,0,6,-6
242.378,7.15058,0.339768,244.568,7.12741,0.30888,0,0,210,3,35,2,0,1,0,1,14,11.6,2.4
233.745,7.39674,0.36413,227.951,7.30435,0.353261,35,34,192,8,40,0,277,0,16,0,0,15.6,-15.6
233.745,7.39674,0.36413,227.951,7.30435,0.353261,32,27,192,8,40,0,277,0,20,0,0,12.8,-12.8
233.745,7.39674,0.36413,227.951,7.30435,0.353261,35,47,134,7,21,0,0,0,12,0,24,32,-8
242.378,7.15058,0.339768,244.568,7.12741,0.30888,107,88,226,5,40,0,316,0,64,1,24,13.6,10.4
233.745,7.39674,0.36413,227.951,7.30435,0.353261,10,11,174,6,34,2,294,0,4,1,10,6.8,3.2
233.745,7.39674,0.36413,227.951,7.30435,0.353261,2,6,151,6,42,1,0,0,0,1,18,16,2
233.745,7.39674,0.36413,227.951,7.30435,0.353261,28,41,151,6,42,1,0,0,12,1,18,22.8,-4.8
233.745,7.39674,0.36413,227.951,7.30435,0.353261,30,31,199,5,30,0,0,4,12,1,54,28.4,25.6
223.373,7.09016,0.344262,227.578,7.47541,0.385246,0,0,207,3,51,0,0,1,0,0,18,24,-6
242.378,7.15058,0.339768,244.568,7.12741,0.30888,10,6,204,2,32,2,0,0,6,0,32,28.8,3.2
242.378,7.15058,0.339768,244.568,7.12741,0.30888,5,6,204,2,32,2,0,4,0,0,32,24.4,7.6
218.438,7.70625,0.4,211.106,7.05,0.325,0,0,193,5,24,1,0,1,0,1,8,11.2,-3.2
218.438,7.70625,0.4,211.106,7.05,0.325,5,11,154,6,11,1,210,1,4,1,12,6.4,5.6
218.438,7.70625,0.4,211.106,7.05,0.325,53,58,154,6,11,1,210,4,24,1,12,12.4,-0.4
218.438,7.70625,0.4,211.106,7.05,0.325,0,0,158,4,27,1,0,1,0,1,20,16.8,3.2
212.077,7.5,0.380282,227.704,6.97887,0.316901,20,27,109,4,25,0,0,4,10,0,22,5.6,16.4
222.621,7.38389,0.393365,235.517,7.54976,0.336493,0,0,169,2,43,2,0,2,0,0,16,24.8,-8.8
222.621,7.38389,0.393365,235.517,7.54976,0.336493,0,0,169,2,43,2,0,3,0,0,16,24.8,-8.8
217.33,7.15909,0.3125,225.278,7.57386,0.380682,0,0,143,7,24,0,0,3,0,1,34,10.4,23.6
217.33,7.15909,0.3125,225.278,7.57386,0.380682,27,45,156,5,39,1,0,1,4,1,22,24.8,-2.8
217.33,7.15909,0.3125,225.278,7.57386,0.380682,86,103,151,3,44,0,252,4,48,1,30,13.6,16.4
239.627,7.69737,0.372807,232.079,7.23246,0.337719,0,0,178,4,36,0,0,0,0,0,26,20,6
218.438,7.70625,0.4,211.106,7.05,0.325,1,8,143,5,18,1,0,1,0,1,46,17.6,28.4
218.438,7.70625,0.4,211.106,7.05,0.325,8,11,218,5,31,0,362,1,0,1,16,8,8
239.627,7.69737,0.372807,232.079,7.23246,0.337719,0,0,171,6,14,1,304,3,0,0,8,7.2,0.8
239.627,7.69737,0.372807,232.079,7.23246,0.337719,0,1,163,5,30,2,223,3,0,0,10,6.4,3.6
234.274,7.4,0.373684,232.363,7.33158,0.342105,0,0,229,2,32,1,0,4,0,1,6,30.4,-24.4
234.274,7.4,0.373684,232.363,7.33158,0.342105,0,0,229,2,32,1,0,4,0,1,6,30.4,-24.4
234.274,7.4,0.373684,232.363,7.33158,0.342105,0,0,229,2,32,1,0,1,0,1,6,38.8,-32.8
234.274,7.4,0.373684,232.363,7.33158,0.342105,0,0,229,2,32,1,0,1,0,1,6,38.8,-32.8
223.373,7.09016,0.344262,227.578,7.47541,0.385246,0,0,232,3,29,1,313,0,0,0,22,17.6,4.4
223.373,7.09016,0.344262,227.578,7.47541,0.385246,26,18,143,6,35,2,0,1,18,1,4,19.6,-15.6
223.373,7.09016,0.344262,227.578,7.47541,0.385246,0,0,143,6,35,2,0,1,0,1,4,12,-8
223.373,7.09016,0.344262,227.578,7.47541,0.385246,0,0,219,3,18,1,0,1,0,1,18,21.2,-3.2
239.627,7.69737,0.372807,232.079,7.23246,0.337719,0,0,164,5,33,1,0,3,0,0,0,6.4,-6.4
223.373,7.09016,0.344262,227.578,7.47541,0.385246,3,8,166,4,15,1,212,1,0,1,8,10,-2
223.373,7.09016,0.344262,227.578,7.47541,0.385246,0,0,160,5,27,1,0,1,0,0,4,16,-12
242.378,7.15058,0.339768,244.568,7.12741,0.30888,21,31,189,6,27,0,234,1,4,0,8,10.4,-2.4
223.373,7.09016,0.344262,227.578,7.47541,0.385246,6,16,180,6,12,0,0,1,0,0,16,11.2,4.8
242.378,7.15058,0.339768,244.568,7.12741,0.30888,0,0,173,4,12,2,237,1,0,0,20,8,12
239.627,7.69737,0.372807,232.079,7.23246,0.337719,4,4,174,3,41,2,0,0,0,1,30,22.4,7.6
223.373,7.09016,0.344262,227.578,7.47541,0.385246,59,61,188,4,37,0,0,4,24,0,14,27.6,-13.6
223.373,7.09016,0.344262,227.578,7.47541,0.385246,0,0,188,4,37,0,0,0,0,0,14,27.2,-13.2
239.627,7.69737,0.372807,232.079,7.23246,0.337719,29,18,192,3,48,2,0,4,14,1,10,18.4,-8.4
223.373,7.09016,0.344262,227.578,7.47541,0.385246,0,0,210,4,22,1,281,1,0,0,18,10.8,7.2
223.373,7.09016,0.344262,227.578,7.47541,0.385246,128,149,207,1,51,1,0,4,46,0,20,36.8,-16.8
223.373,7.09016,0.344262,227.578,7.47541,0.385246,0,0,207,1,51,1,0,4,0,0,20,24,-4
239.627,7.69737,0.372807,232.079,7.23246,0.337719,3,4,163,6,27,2,239,3,0,1,6,8,-2
239.627,7.69737,0.372807,232.079,7.23246,0.337719,141,145,225,4,36,0,0,4,60,1,24,28,-4
239.627,7.69737,0.372807,232.079,7.23246,0.337719,0,0,225,4,36,0,0,4,0,1,24,22.8,1.2
239.627,7.69737,0.372807,232.079,7.23246,0.337719,99,137,182,2,46,0,0,4,22,1,10,33.6,-23.6
239.627,7.69737,0.372807,232.079,7.23246,0.337719,0,0,182,2,46,0,0,0,0,1,10,18.4,-8.4
223.373,7.09016,0.344262,227.578,7.47541,0.385246,12,15,153,7,28,0,232,1,4,0,4,6.8,-2.8
223.373,7.09016,0.344262,227.578,7.47541,0.385246,0,0,153,7,28,0,232,1,0,0,4,15.2,-11.2
233.745,7.39674,0.36413,227.951,7.30435,0.353261,108,124,248,3,31,1,0,4,44,1,66,15.6,50.4
233.745,7.39674,0.36413,227.951,7.30435,0.353261,0,0,248,3,31,1,0,1,0,1,66,26,40
212.077,7.5,0.380282,227.704,6.97887,0.316901,15,25,161,7,26,0,373,3,4,0,18,14.8,3.2
233.745,7.39674,0.36413,227.951,7.30435,0.353261,79,69,243,3,66,1,0,0,32,1,32,22.4,9.6
233.745,7.39674,0.36413,227.951,7.30435,0.353261,0,0,243,3,66,1,0,1,0,1,32,44.4,-12.4
233.745,7.39674,0.36413,227.951,7.30435,0.353261,0,0,243,3,66,1,0,1,0,1,32,44.4,-12.4
237.176,7.17647,0.289593,230.633,7.45701,0.384615,0,1,175,7,20,2,0,3,0,0,0,14.4,-14.4
242.378,7.15058,0.339768,244.568,7.12741,0.30888,0,0,178,5,30,1,0,1,0,1,26,24.4,1.6
212.077,7.5,0.380282,227.704,6.97887,0.316901,0,0,163,2,42,2,0,3,0,1,16,13.2,2.8
212.077,7.5,0.380282,227.704,6.97887,0.316901,0,0,163,2,42,2,0,3,0,1,16,13.2,2.8
212.077,7.5,0.380282,227.704,6.97887,0.316901,0,0,155,4,28,2,0,3,0,1,0,6,-6
212.077,7.5,0.380282,227.704,6.97887,0.316901,6,9,169,3,31,2,248,4,4,1,12,15.6,-3.6
222.621,7.38389,0.393365,235.517,7.54976,0.336493,7,17,206,4,20,1,0,1,0,0,8,16.8,-8.8
212.077,7.5,0.380282,227.704,6.97887,0.316901,2,3,180,5,28,2,271,3,0,1,4,8,-4
212.077,7.5,0.380282,227.704,6.97887,0.316901,0,0,178,5,21,1,0,3,0,1,30,6.8,23.2
233.745,7.39674,0.36413,227.951,7.30435,0.353261,13,11,199,2,31,2,260,4,8,0,12,12.8,-0.8
233.745,7.39674,0.36413,227.951,7.30435,0.353261,0,0,198,4,42,0,0,0,0,0,40,24.4,15.6
223.373,7.09016,0.344262,227.578,7.47541,0.385246,0,0,153,3,25,2,0,1,0,0,10,10,0
223.373,7.09016,0.344262,227.578,7.47541,0.385246,25,34,173,5,33,2,258,4,14,0,4,14,-10
223.373,7.09016,0.344262,227.578,7.47541,0.385246,0,0,173,5,33,2,258,1,0,0,4,6.4,-2.4
222.621,7.38389,0.393365,235.517,7.54976,0.336493,2,3,138,7,38,1,0,1,0,0,4,16,-12
223.373,7.09016,0.344262,227.578,7.47541,0.385246,0,0,158,5,14,2,0,1,0,0,10,10,0
222.621,7.38389,0.393365,235.517,7.54976,0.336493,47,49,166,4,25,2,219,4,20,0,12,14,-2
222.621,7.38389,0.393365,235.517,7.54976,0.336493,0,3,166,4,25,2,219,1,0,0,12,10.4,1.6
237.176,7.17647,0.289593,230.633,7.45701,0.384615,44,52,181,2,20,1,0,4,12,0,10,22.8,-12.8
222.621,7.38389,0.393365,235.517,7.54976,0.336493,0,0,161,5,27,1,251,3,0,0,12,20,-8
222.621,7.38389,0.393365,235.517,7.54976,0.336493,0,0,173,4,29,1,0,3,0,0,12,15.6,-3.6
217.33,7.15909,0.3125,225.278,7.57386,0.380682,17,12,202,1,39,2,0,4,10,0,28,24,4
217.33,7.15909,0.3125,225.278,7.57386,0.380682,0,0,202,1,39,2,0,3,0,0,28,19.2,8.8
217.33,7.15909,0.3125,225.278,7.57386,0.380682,0,0,202,1,39,2,0,0,0,0,28,19.2,8.8
218.438,7.70625,0.4,211.106,7.05,0.325,4,6,181,5,31,1,299,4,0,1,12,14.4,-2.4
218.438,7.70625,0.4,211.106,7.05,0.325,0,0,181,5,31,1,299,1,0,1,12,14.4,-2.4
237.176,7.17647,0.289593,230.633,7.45701,0.384615,17,23,211,5,25,1,0,4,4,1,18,20.8,-2.8
217.33,7.15909,0.3125,225.278,7.57386,0.380682,21,18,173,5,39,0,0,0,10,0,4,15.2,-11.2
237.176,7.17647,0.289593,230.633,7.45701,0.384615,9,16,181,3,29,1,0,4,0,1,34,13.6,20.4
239.627,7.69737,0.372807,232.079,7.23246,0.337719,21,40,123,6,31,0,0,1,8,0,22,10.8,11.2
237.176,7.17647,0.289593,230.633,7.45701,0.384615,3,6,176,4,14,1,212,0,0,1,4,3.2,0.8
237.176,7.17647,0.289593,230.633,7.45701,0.384615,2,5,156,7,16,2,0,3,0,1,0,18.8,-18.8
242.378,7.15058,0.339768,244.568,7.12741,0.30888,40,35,188,2,40,0,0,0,24,0,16,15.6,0.4
242.378,7.15058,0.339768,244.568,7.12741,0.30888,0,0,188,2,40,0,0,4,0,0,16,22.4,-6.4
242.378,7.15058,0.339768,244.568,7.12741,0.30888,0,0,188,2,40,0,0,4,0,0,16,22.4,-6.4
218.438,7.70625,0.4,211.106,7.05,0.325,10,10,201,3,33,1,290,4,4,1,30,8.4,21.6
218.438,7.70625,0.4,211.106,7.05,0.325,47,48,201,3,33,1,290,4,20,1,30,15.6,14.4
218.438,7.70625,0.4,211.106,7.05,0.325,0,0,201,3,33,1,290,4,0,1,30,17.2,12.8
222.621,7.38389,0.393365,235.517,7.54976,0.336493,0,0,248,2,28,1,0,1,0,0,16,12,4
242.378,7.15058,0.339768,244.568,7.12741,0.30888,171,142,238,2,53,0,330,4,92,0,22,11.6,10.4
242.378,7.15058,0.339768,244.568,7.12741,0.30888,0,0,238,2,53,0,330,0,0,0,22,19.6,2.4
222.621,7.38389,0.393365,235.517,7.54976,0.336493,26,37,157,6,30,2,0,4,8,0,12,26.8,-14.8
218.438,7.70625,0.4,211.106,7.05,0.325,3,3,148,3,37,2,237,4,0,1,12,9.6,2.4
242.378,7.15058,0.339768,244.568,7.12741,0.30888,0,0,199,3,36,1,270,4,0,1,10,7.6,2.4
242.378,7.15058,0.339768,244.568,7.12741,0.30888,0,0,203,4,27,0,0,1,0,1,8,11.2,-3.2
222.621,7.38389,0.393365,235.517,7.54976,0.336493,1,1,132,5,26,4,0,3,0,0,0,17.6,-17.6
239.627,7.69737,0.372807,232.079,7.23246,0.337719,0,0,159,4,25,0,0,0,0,0,14,15.6,-1.6
217.33,7.15909,0.3125,225.278,7.57386,0.380682,0,0,155,6,25,2,221,1,0,1,16,16,0
217.33,7.15909,0.3125,225.278,7.57386,0.380682,77,60,167,5,51,0,0,4,50,1,46,21.6,24.4
239.627,7.69737,0.372807,232.079,7.23246,0.337719,1,3,185,7,53,1,295,3,0,0,0,4.8,-4.8
239.627,7.69737,0.372807,232.079,7.23246,0.337719,0,0,209,4,27,2,0,3,0,0,20,19.6,0.4
239.627,7.69737,0.372807,232.079,7.23246,0.337719,0,0,209,4,27,2,0,3,0,0,20,19.6,0.4
217.33,7.15909,0.3125,225.278,7.57386,0.380682,71,40,205,7,25,2,282,0,50,1,10,23.2,-13.2
233.745,7.39674,0.36413,227.951,7.30435,0.353261,38,57,177,5,28,2,0,0,18,0,14,26.8,-12.8
233.745,7.39674,0.36413,227.951,7.30435,0.353261,1,1,165,6,31,1,265,1,0,0,6,4.8,1.2
233.745,7.39674,0.36413,227.951,7.30435,0.353261,25,30,165,6,35,0,242,1,8,0,0,19.6,-19.6
222.621,7.38389,0.393365,235.517,7.54976,0.336493,7,5,184,4,34,1,0,0,4,0,4,18,-14
222.621,7.38389,0.393365,235.517,7.54976,0.336493,0,0,184,4,34,1,0,1,0,0,4,16.4,-12.4
223.373,7.09016,0.344262,227.578,7.47541,0.385246,36,20,183,6,51,0,315,0,14,1,24,14.8,9.2
242.378,7.15058,0.339768,244.568,7.12741,0.30888,36,29,194,5,36,0,287,0,16,0,18,5.6,12.4
223.373,7.09016,0.344262,227.578,7.47541,0.385246,45,65,172,4,28,1,0,4,0,1,22,18.8,3.2
242.378,7.15058,0.339768,244.568,7.12741,0.30888,21,18,204,6,34,0,0,1,8,0,22,20.4,1.6
237.176,7.17647,0.289593,230.633,7.45701,0.384615,102,139,153,3,32,0,227,4,50,0,20,13.6,6.4
237.176,7.17647,0.289593,230.633,7.45701,0.384615,0,0,161,6,25,1,0,3,0,1,16,8,8
233.745,7.39674,0.36413,227.951,7.30435,0.353261,16,17,171,4,29,1,228,1,8,0,4,9.6,-5.6
233.745,7.39674,0.36413,227.951,7.30435,0.353261,11,8,216,2,51,1,0,0,4,0,52,32.8,19.2
237.176,7.17647,0.289593,230.633,7.45701,0.384615,0,0,172,4,29,0,0,0,0,1,60,20.4,39.6
219.527,7.65455,0.290909,202.727,7.56364,0.4,25,38,161,5,38,0,0,1,8,1,20,19.2,0.8
239.627,7.69737,0.372807,232.079,7.23246,0.337719,105,103,232,3,41,1,0,4,56,0,18,21.2,-3.2
239.627,7.69737,0.372807,232.079,7.23246,0.337719,87,90,188,5,23,3,0,4,38,0,4,21.2,-17.2
237.176,7.17647,0.289593,230.633,7.45701,0.384615,41,34,151,6,37,0,228,0,16,1,20,21.2,-1.2
237.176,7.17647,0.289593,230.633,7.45701,0.384615,0,0,151,6,37,0,228,1,0,1,20,12.8,7.2
239.627,7.69737,0.372807,232.079,7.23246,0.337719,6,12,225,5,41,3,0,0,0,0,4,34,-30
223.373,7.09016,0.344262,227.578,7.47541,0.385246,50,91,117,4,25,0,0,4,10,0,4,18,-14
223.373,7.09016,0.344262,227.578,7.47541,0.385246,0,0,117,4,25,0,0,1,0,0,4,17.2,-13.2
234.274,7.4,0.373684,232.363,7.33158,0.342105,0,0,197,4,15,3,280,3,0,1,22,20.8,1.2
234.274,7.4,0.373684,232.363,7.33158,0.342105,10,13,185,4,35,1,261,1,4,1,14,18,-4
234.274,7.4,0.373684,232.363,7.33158,0.342105,0,0,185,4,35,1,261,1,0,1,14,12,2
222.621,7.38389,0.393365,235.517,7.54976,0.336493,38,42,259,7,27,1,344,1,22,0,8,11.6,-3.6
234.274,7.4,0.373684,232.363,7.33158,0.342105,9,15,168,7,17,0,0,1,4,1,24,22.8,1.2
234.274,7.4,0.373684,232.363,7.33158,0.342105,0,0,168,7,17,0,0,1,0,1,24,6.4,17.6
222.621,7.38389,0.393365,235.517,7.54976,0.336493,0,0,167,3,29,2,235,3,0,0,14,20.8,-6.8
222.621,7.38389,0.393365,235.517,7.54976,0.336493,10,24,154,8,17,0,0,1,0,0,10,17.6,-7.6
222.621,7.38389,0.393365,235.517,7.54976,0.336493,0,0,154,8,17,0,0,3,0,0,10,16.8,-6.8
237.176,7.17647,0.289593,230.633,7.45701,0.384615,0,2,184,3,31,3,0,1,0,0,24,24,0
237.176,7.17647,0.289593,230.633,7.45701,0.384615,0,0,184,3,31,3,0,3,0,0,24,22,2
233.745,7.39674,0.36413,227.951,7.30435,0.353261,0,0,163,4,74,1,0,0,0,1,14,15.2,-1.2
237.176,7.17647,0.289593,230.633,7.45701,0.384615,56,71,198,2,40,0,270,4,4,0,22,6.4,15.6
222.621,7.38389,0.393365,235.517,7.54976,0.336493,8,13,166,7,15,2,0,3,4,0,0,8.4,-8.4
239.627,7.69737,0.372807,232.079,7.23246,0.337719,0,0,137,5,31,0,199,0,0,0,10,10.4,-0.4
239.627,7.69737,0.372807,232.079,7.23246,0.337719,28,26,165,5,31,0,0,0,12,0,16,44.4,-28.4
239.627,7.69737,0.372807,232.079,7.23246,0.337719,0,0,165,5,31,0,0,0,0,0,16,9.6,6.4
222.621,7.38389,0.393365,235.517,7.54976,0.336493,0,0,176,5,24,0,0,4,0,0,4,14,-10
239.627,7.69737,0.372807,232.079,7.23246,0.337719,1,7,134,8,19,1,0,3,0,1,4,24.8,-20.8
239.627,7.69737,0.372807,232.079,7.23246,0.337719,85,93,235,2,38,1,0,4,46,1,30,16.8,13.2
239.627,7.69737,0.372807,232.079,7.23246,0.337719,0,0,235,2,38,1,0,1,0,1,30,23.6,6.4
217.33,7.15909,0.3125,225.278,7.57386,0.380682,1,2,179,5,36,1,275,0,0,0,14,10.8,3.2
234.274,7.4,0.373684,232.363,7.33158,0.342105,48,42,243,8,22,1,332,1,34,0,20,12.4,7.6
239.627,7.69737,0.372807,232.079,7.23246,0.337719,1,1,149,7,36,2,270,3,0,0,12,12.4,-0.4
234.274,7.4,0.373684,232.363,7.33158,0.342105,4,7,176,3,18,2,0,1,0,0,16,13.6,2.4
217.33,7.15909,0.3125,225.278,7.57386,0.380682,2,4,162,6,12,2,0,1,0,0,44,7.6,36.4
217.33,7.15909,0.3125,225.278,7.57386,0.380682,0,0,162,6,12,2,0,3,0,0,44,3.2,40.8
237.176,7.17647,0.289593,230.633,7.45701,0.384615,68,54,188,2,43,1,0,4,20,1,34,31.6,2.4
223.373,7.09016,0.344262,227.578,7.47541,0.385246,63,67,164,5,33,0,0,4,32,0,16,16.4,-0.4
233.745,7.39674,0.36413,227.951,7.30435,0.353261,0,0,151,3,49,0,0,1,0,0,8,34,-26
217.33,7.15909,0.3125,225.278,7.57386,0.380682,33,39,168,8,15,1,0,1,12,0,0,12.8,-12.8
218.438,7.70625,0.4,211.106,7.05,0.325,0,0,156,7,23,0,0,1,0,1,12,19.6,-7.6
218.438,7.70625,0.4,211.106,7.05,0.325,0,0,156,7,23,0,0,3,0,1,12,19.6,-7.6
217.33,7.15909,0.3125,225.278,7.57386,0.380682,19,24,166,5,15,3,0,1,8,0,0,20.4,-20.4
222.621,7.38389,0.393365,235.517,7.54976,0.336493,96,123,167,4,35,0,228,4,26,0,4,12.8,-8.8
222.621,7.38389,0.393365,235.517,7.54976,0.336493,0,0,199,4,26,2,0,3,0,0,8,18,-10
222.621,7.38389,0.393365,235.517,7.54976,0.336493,0,0,113,6,18,0,168,3,0,0,8,6.4,1.6
223.373,7.09016,0.344262,227.578,7.47541,0.385246,0,0,155,5,16,1,0,3,0,0,0,8.4,-8.4
219.527,7.65455,0.290909,202.727,7.56364,0.4,2,5,205,3,35,2,267,1,0,1,14,8.8,5.2
223.373,7.09016,0.344262,227.578,7.47541,0.385246,0,0,212,3,24,3,0,1,0,1,34,27.6,6.4
212.077,7.5,0.380282,227.704,6.97887,0.316901,65,67,187,4,35,0,253,4,22,1,8,14.4,-6.4
218.438,7.70625,0.4,211.106,7.05,0.325,34,51,156,5,34,2,0,4,8,0,24,24.8,-0.8
223.373,7.09016,0.344262,227.578,7.47541,0.385246,2,3,147,5,27,2,0,1,0,1,4,10.8,-6.8
234.274,7.4,0.373684,232.363,7.33158,0.342105,67,103,178,6,25,3,0,4,16,0,24,15.6,8.4
237.176,7.17647,0.289593,230.633,7.45701,0.384615,74,93,179,5,39,1,0,1,20,0,20,37.2,-17.2
239.627,7.69737,0.372807,232.079,7.23246,0.337719,27,28,217,7,21,2,301,0,12,1,30,16.8,13.2
237.176,7.17647,0.289593,230.633,7.45701,0.384615,0,0,211,5,31,0,0,0,0,0,46,29.6,16.4
239.627,7.69737,0.372807,232.079,7.23246,0.337719,9,11,150,5,22,2,0,0,4,1,8,16.8,-8.8
239.627,7.69737,0.372807,232.079,7.23246,0.337719,0,0,150,5,22,2,0,3,0,1,8,17.2,-9.2
237.176,7.17647,0.289593,230.633,7.45701,0.384615,19,35,152,5,31,1,218,4,8,0,4,16.4,-12.4
237.176,7.17647,0.289593,230.633,7.45701,0.384615,0,0,152,5,31,1,218,1,0,0,4,8.8,-4.8
212.077,7.5,0.380282,227.704,6.97887,0.316901,22,19,155,4,25,2,0,4,16,1,20,30.8,-10.8
212.077,7.5,0.380282,227.704,6.97887,0.316901,22,48,161,6,13,0,295,3,4,1,20,8,12
212.077,7.5,0.380282,227.704,6.97887,0.316901,23,36,144,8,22,1,0,3,18,1,0,19.2,-19.2
222.621,7.38389,0.393365,235.517,7.54976,0.336493,0,0,144,6,14,1,0,3,0,0,14,15.2,-1.2
217.33,7.15909,0.3125,225.278,7.57386,0.380682,9,13,131,5,24,0,0,4,0,1,22,14,8
222.621,7.38389,0.393365,235.517,7.54976,0.336493,10,14,138,3,25,2,0,4,4,0,32,23.6,8.4
222.621,7.38389,0.393365,235.517,7.54976,0.336493,0,0,138,3,25,2,0,1,0,0,32,20,12
217.33,7.15909,0.3125,225.278,7.57386,0.380682,13,22,134,4,31,0,230,4,4,1,34,16,18
239.627,7.69737,0.372807,232.079,7.23246,0.337719,75,77,221,5,27,1,0,4,32,0,38,26,12
239.627,7.69737,0.372807,232.079,7.23246,0.337719,0,0,234,3,59,0,0,4,0,0,34,31.6,2.4
242.378,7.15058,0.339768,244.568,7.12741,0.30888,4,10,186,6,43,1,0,1,0,1,42,34,8
239.627,7.69737,0.372807,232.079,7.23246,0.337719,23,24,247,4,45,0,0,4,12,0,28,29.6,-1.6
234.274,7.4,0.373684,232.363,7.33158,0.342105,0,0,210,2,20,2,0,1,0,1,30,22.8,7.2
222.621,7.38389,0.393365,235.517,7.54976,0.336493,1,6,149,6,21,1,0,1,0,0,20,15.6,4.4
234.274,7.4,0.373684,232.363,7.33158,0.342105,0,0,190,4,29,0,0,3,0,0,14,30.8,-16.8
222.621,7.38389,0.393365,235.517,7.54976,0.336493,0,0,187,5,31,0,267,3,0,0,0,10.8,-10.8
222.621,7.38389,0.393365,235.517,7.54976,0.336493,0,0,187,5,31,0,267,3,0,0,0,10.8,-10.8
234.274,7.4,0.373684,232.363,7.33158,0.342105,0,0,146,5,41,0,0,1,0,0,50,44.4,5.6
234.274,7.4,0.373684,232.363,7.33158,0.342105,0,0,146,5,41,0,0,1,0,0,50,44.4,5.6
233.745,7.39674,0.36413,227.951,7.30435,0.353261,35,31,218,4,40,1,0,0,18,1,34,24,10
223.373,7.09016,0.344262,227.578,7.47541,0.385246,12,19,202,7,16,2,332,1,8,0,0,16.8,-16.8
234.274,7.4,0.373684,232.363,7.33158,0.342105,86,79,181,4,48,0,0,0,36,0,76,34.8,41.2
242.378,7.15058,0.339768,244.568,7.12741,0.30888,0,0,212,2,55,0,0,4,0,0,10,14.8,-4.8
242.378,7.15058,0.339768,244.568,7.12741,0.30888,0,0,212,2,55,0,0,1,0,0,10,14.8,-4.8
242.378,7.15058,0.339768,244.568,7.12741,0.30888,0,0,221,2,41,2,0,4,0,0,22,23.6,-1.6
242.378,7.15058,0.339768,244.568,7.12741,0.30888,0,0,221,2,41,2,0,4,0,0,22,23.6,-1.6
218.438,7.70625,0.4,211.106,7.05,0.325,46,56,190,6,28,2,333,0,24,0,4,9.2,-5.2
234.274,7.4,0.373684,232.363,7.33158,0.342105,10,10,246,3,53,1,0,0,0,0,70,44.4,25.6
234.274,7.4,0.373684,232.363,7.33158,0.342105,89,47,246,3,53,1,0,4,52,0,70,37.2,32.8
237.176,7.17647,0.289593,230.633,7.45701,0.384615,0,0,187,4,54,0,0,1,0,0,34,26.8,7.2
222.621,7.38389,0.393365,235.517,7.54976,0.336493,72,123,149,6,26,0,0,4,12,0,22,23.6,-1.6
212.077,7.5,0.380282,227.704,6.97887,0.316901,20,23,153,8,24,0,236,4,8,0,8,16,-8
234.274,7.4,0.373684,232.363,7.33158,0.342105,21,9,272,2,66,2,0,0,10,0,48,38.8,9.2
222.621,7.38389,0.393365,235.517,7.54976,0.336493,2,5,186,5,20,3,0,3,0,0,0,12.8,-12.8
219.527,7.65455,0.290909,202.727,7.56364,0.4,92,75,216,3,53,1,0,4,52,0,26,24,2
219.527,7.65455,0.290909,202.727,7.56364,0.4,0,0,216,3,53,1,0,1,0,0,26,23.6,2.4
219.527,7.65455,0.290909,202.727,7.56364,0.4,0,0,216,3,53,1,0,1,0,0,26,23.6,2.4
239.627,7.69737,0.372807,232.079,7.23246,0.337719,0,0,251,4,65,0,0,0,0,1,38,43.6,-5.6
239.627,7.69737,0.372807,232.079,7.23246,0.337719,0,0,251,4,65,0,0,0,0,1,38,43.6,-5.6
223.373,7.09016,0.344262,227.578,7.47541,0.385246,1,3,262,4,33,4,377,1,0,0,4,4,0
218.438,7.70625,0.4,211.106,7.05,0.325,102,138,190,4,37,0,0,4,40,0,14,22,-8
218.438,7.70625,0.4,211.106,7.05,0.325,0,0,190,4,37,0,0,0,0,0,14,22.4,-8.4
218.438,7.70625,0.4,211.106,7.05,0.325,0,0,190,4,37,0,0,3,0,0,14,22.4,-8.4
237.176,7.17647,0.289593,230.633,7.45701,0.384615,0,0,179,6,48,0,276,1,0,0,14,12,2
242.378,7.15058,0.339768,244.568,7.12741,0.30888,0,0,191,3,39,1,0,1,0,0,40,29.6,10.4
233.745,7.39674,0.36413,227.951,7.30435,0.353261,0,0,234,3,66,1,0,0,0,1,74,49.6,24.4
239.627,7.69737,0.372807,232.079,7.23246,0.337719,16,21,226,4,31,1,0,4,6,1,44,13.2,30.8
242.378,7.15058,0.339768,244.568,7.12741,0.30888,0,0,182,5,35,2,329,3,0,0,0,3.2,-3.2
223.373,7.09016,0.344262,227.578,7.47541,0.385246,25,28,189,5,39,2,285,4,4,0,12,16.8,-4.8
223.373,7.09016,0.344262,227.578,7.47541,0.385246,0,0,180,6,20,2,0,1,0,0,8,19.2,-11.2
222.621,7.38389,0.393365,235.517,7.54976,0.336493,56,69,176,4,17,2,0,4,8,0,16,15.6,0.4
222.621,7.38389,0.393365,235.517,7.54976,0.336493,2,7,176,4,17,2,0,4,0,0,16,7.2,8.8
222.621,7.38389,0.393365,235.517,7.54976,0.336493,1,1,157,2,39,2,0,4,0,0,24,12.8,11.2
233.745,7.39674,0.36413,227.951,7.30435,0.353261,38,39,189,2,39,2,0,4,16,1,24,26.8,-2.8
233.745,7.39674,0.36413,227.951,7.30435,0.353261,26,13,196,4,54,1,0,0,20,1,6,20.4,-14.4
242.378,7.15058,0.339768,244.568,7.12741,0.30888,0,2,200,4,29,3,293,1,0,0,10,14.4,-4.4
242.378,7.15058,0.339768,244.568,7.12741,0.30888,47,58,174,5,45,0,0,4,18,0,32,37.6,-5.6
242.378,7.15058,0.339768,244.568,7.12741,0.30888,46,41,174,5,45,0,0,4,36,0,32,25.6,6.4
242.378,7.15058,0.339768,244.568,7.12741,0.30888,0,0,196,4,43,0,0,4,0,0,16,9.6,6.4
242.378,7.15058,0.339768,244.568,7.12741,0.30888,0,0,196,4,43,0,0,1,0,0,16,9.6,6.4
237.176,7.17647,0.289593,230.633,7.45701,0.384615,35,53,157,6,21,1,0,0,8,1,26,13.6,12.4
237.176,7.17647,0.289593,230.633,7.45701,0.384615,63,44,152,6,30,1,0,0,34,1,0,13.6,-13.6
237.176,7.17647,0.289593,230.633,7.45701,0.384615,0,0,199,4,42,1,0,1,0,1,32,28.4,3.6
223.373,7.09016,0.344262,227.578,7.47541,0.385246,31,30,153,4,44,0,0,4,12,0,16,18.4,-2.4
223.373,7.09016,0.344262,227.578,7.47541,0.385246,15,22,204,3,28,1,0,4,8,0,26,13.6,12.4
223.373,7.09016,0.344262,227.578,7.47541,0.385246,0,0,204,3,28,1,0,1,0,0,26,24.4,1.6
237.176,7.17647,0.289593,230.633,7.45701,0.384615,0,1,200,5,35,1,301,1,0,1,24,28.4,-4.4
237.176,7.17647,0.289593,230.633,7.45701,0.384615,18,34,168,6,18,2,0,1,4,1,8,10,-2
233.745,7.39674,0.36413,227.951,7.30435,0.353261,1,3,205,3,25,2,0,0,0,0,54,14.8,39.2
218.438,7.70625,0.4,211.106,7.05,0.325,8,7,224,4,28,1,308,4,4,1,18,10.4,7.6
218.438,7.70625,0.4,211.106,7.05,0.325,29,28,224,4,28,1,308,4,16,1,18,8.8,9.2
242.378,7.15058,0.339768,244.568,7.12741,0.30888,6,15,200,5,16,0,0,4,0,1,44,14.4,29.6
217.33,7.15909,0.3125,225.278,7.57386,0.380682,40,36,197,5,45,0,289,0,24,0,24,13.2,10.8
217.33,7.15909,0.3125,225.278,7.57386,0.380682,4,10,185,4,17,1,0,0,0,0,30,10.4,19.6
217.33,7.15909,0.3125,225.278,7.57386,0.380682,29,43,185,4,17,1,0,4,14,0,30,8.4,21.6
234.274,7.4,0.373684,232.363,7.33158,0.342105,5,22,155,7,24,1,219,1,0,1,10,12,-2
223.373,7.09016,0.344262,227.578,7.47541,0.385246,37,25,183,4,58,0,0,4,22,0,24,26.4,-2.4
222.621,7.38389,0.393365,235.517,7.54976,0.336493,0,0,203,4,38,3,297,3,0,0,16,14.8,1.2
218.438,7.70625,0.4,211.106,7.05,0.325,0,0,193,3,26,1,0,1,0,1,22,15.2,6.8
242.378,7.15058,0.339768,244.568,7.12741,0.30888,7,7,197,5,23,2,0,1,4,0,16,21.6,-5.6
242.378,7.15058,0.339768,244.568,7.12741,0.30888,0,0,197,5,23,2,0,1,0,0,16,17.6,-1.6
223.373,7.09016,0.344262,227.578,7.47541,0.385246,0,0,183,6,30,1,265,1,0,0,26,10.8,15.2
218.438,7.70625,0.4,211.106,7.05,0.325,0,0,141,5,30,1,0,3,0,1,4,9.2,-5.2
234.274,7.4,0.373684,232.363,7.33158,0.342105,10,16,218,4,25,2,0,4,0,1,4,22.8,-18.8
234.274,7.4,0.373684,232.363,7.33158,0.342105,88,28,271,1,82,0,0,4,76,1,64,36,28
217.33,7.15909,0.3125,225.278,7.57386,0.380682,8,8,181,7,28,1,263,1,6,0,28,10.8,17.2
239.627,7.69737,0.372807,232.079,7.23246,0.337719,17,18,185,4,28,2,0,4,8,0,20,14.4,5.6
239.627,7.69737,0.372807,232.079,7.23246,0.337719,0,0,185,4,28,2,0,0,0,0,20,18.8,1.2
222.621,7.38389,0.393365,235.517,7.54976,0.336493,0,0,178,5,15,1,0,0,0,0,0,9.6,-9.6
222.621,7.38389,0.393365,235.517,7.54976,0.336493,0,0,162,6,18,1,232,3,0,0,10,16.4,-6.4
234.274,7.4,0.373684,232.363,7.33158,0.342105,1,1,215,3,18,2,0,1,0,0,28,21.2,6.8
223.373,7.09016,0.344262,227.578,7.47541,0.385246,12,9,197,4,32,1,0,4,4,1,14,22,-8
223.373,7.09016,0.344262,227.578,7.47541,0.385246,0,0,197,4,32,1,0,1,0,1,14,16.4,-2.4
234.274,7.4,0.373684,232.363,7.33158,0.342105,0,0,240,2,32,1,0,1,0,0,34,20.8,13.2
218.438,7.70625,0.4,211.106,7.05,0.325,0,0,145,5,28,0,0,0,0,0,20,7.6,12.4
234.274,7.4,0.373684,232.363,7.33158,0.342105,100,125,196,1,30,1,0,4,26,0,42,17.6,24.4
212.077,7.5,0.380282,227.704,6.97887,0.316901,14,11,116,7,30,1,258,3,10,1,28,17.6,10.4
212.077,7.5,0.380282,227.704,6.97887,0.316901,0,0,116,7,30,1,258,1,0,1,28,13.6,14.4
234.274,7.4,0.373684,232.363,7.33158,0.342105,129,106,267,3,35,0,328,4,52,0,8,10,-2
212.077,7.5,0.380282,227.704,6.97887,0.316901,10,18,162,8,25,0,272,3,4,1,4,4.8,-0.8
222.621,7.38389,0.393365,235.517,7.54976,0.336493,16,23,188,6,32,2,0,4,0,0,8,20,-12
222.621,7.38389,0.393365,235.517,7.54976,0.336493,0,0,233,4,55,1,0,4,0,0,38,34.4,3.6
222.621,7.38389,0.393365,235.517,7.54976,0.336493,0,0,198,5,42,2,300,1,0,0,16,14,2
222.621,7.38389,0.393365,235.517,7.54976,0.336493,0,0,198,5,42,2,300,1,0,0,16,14,2
237.176,7.17647,0.289593,230.633,7.45701,0.384615,105,72,284,6,54,0,0,0,62,1,48,34,14
237.176,7.17647,0.289593,230.633,7.45701,0.384615,0,0,284,6,54,0,0,1,0,1,48,32,16
233.745,7.39674,0.36413,227.951,7.30435,0.353261,89,82,276,3,60,1,0,4,46,0,26,25.2,0.8
237.176,7.17647,0.289593,230.633,7.45701,0.384615,0,0,300,7,46,2,399,1,0,1,4,0.8,3.2
237.176,7.17647,0.289593,230.633,7.45701,0.384615,2,3,250,5,32,4,0,1,0,1,0,21.2,-21.2
237.176,7.17647,0.289593,230.633,7.45701,0.384615,0,1,250,5,32,4,0,3,0,1,0,21.2,-21.2
233.745,7.39674,0.36413,227.951,7.30435,0.353261,3,5,228,3,38,2,0,0,0,0,50,38.4,11.6
233.745,7.39674,0.36413,227.951,7.30435,0.353261,0,0,202,4,23,3,0,0,0,0,36,12.4,23.6
239.627,7.69737,0.372807,232.079,7.23246,0.337719,0,0,210,5,50,0,0,1,0,0,28,37.2,-9.2
237.176,7.17647,0.289593,230.633,7.45701,0.384615,91,106,223,4,27,0,0,4,16,1,16,24.4,-8.4
237.176,7.17647,0.289593,230.633,7.45701,0.384615,0,0,223,4,27,0,0,0,0,1,16,14.4,1.6
218.438,7.70625,0.4,211.106,7.05,0.325,0,0,185,4,37,2,0,1,0,1,22,24.4,-2.4
223.373,7.09016,0.344262,227.578,7.47541,0.385246,0,0,196,3,31,0,249,4,0,0,12,9.6,2.4
223.373,7.09016,0.344262,227.578,7.47541,0.385246,1,1,199,4,40,1,0,0,0,0,6,14,-8
223.373,7.09016,0.344262,227.578,7.47541,0.385246,0,0,199,4,40,1,0,1,0,0,6,14,-8
233.745,7.39674,0.36413,227.951,7.30435,0.353261,46,44,194,4,39,1,277,0,20,1,26,16,10
223.373,7.09016,0.344262,227.578,7.47541,0.385246,93,93,204,4,34,1,0,4,44,0,22,24,-2
233.745,7.39674,0.36413,227.951,7.30435,0.353261,23,15,249,3,54,0,0,4,12,1,40,38.8,1.2
233.745,7.39674,0.36413,227.951,7.30435,0.353261,0,0,249,3,54,0,0,0,0,1,40,42.8,-2.8
223.373,7.09016,0.344262,227.578,7.47541,0.385246,0,0,208,3,39,2,0,1,0,1,28,30.4,-2.4
237.176,7.17647,0.289593,230.633,7.45701,0.384615,0,0,190,5,23,2,0,1,0,0,26,14.4,11.6
223.373,7.09016,0.344262,227.578,7.47541,0.385246,0,0,160,4,29,3,0,1,0,1,22,15.2,6.8
223.373,7.09016,0.344262,227.578,7.47541,0.385246,0,0,160,4,29,3,0,0,0,1,22,15.2,6.8
237.176,7.17647,0.289593,230.633,7.45701,0.384615,0,0,184,3,25,0,240,0,0,0,10,12,-2
223.373,7.09016,0.344262,227.578,7.47541,0.385246,48,43,203,3,35,1,0,4,14,1,34,24.4,9.6
239.627,7.69737,0.372807,232.079,7.23246,0.337719,7,6,175,5,52,1,0,0,4,1,28,24.8,3.2
239.627,7.69737,0.372807,232.079,7.23246,0.337719,35,41,175,5,52,1,0,1,8,1,28,21.6,6.4
239.627,7.69737,0.372807,232.079,7.23246,0.337719,41,42,231,2,25,2,0,4,12,1,28,30.4,-2.4
234.274,7.4,0.373684,232.363,7.33158,0.342105,18,17,201,4,27,1,0,0,8,0,6,26,-20
239.627,7.69737,0.372807,232.079,7.23246,0.337719,6,3,177,5,39,1,268,0,4,1,20,13.6,6.4
234.274,7.4,0.373684,232.363,7.33158,0.342105,6,12,187,4,33,1,0,1,0,0,24,22.8,1.2
239.627,7.69737,0.372807,232.079,7.23246,0.337719,0,0,232,3,28,3,281,1,0,1,4,4.8,-0.8
242.378,7.15058,0.339768,244.568,7.12741,0.30888,0,0,193,4,27,2,0,0,0,0,6,16,-10
237.176,7.17647,0.289593,230.633,7.45701,0.384615,107,132,156,6,35,1,0,4,52,0,14,20,-6
239.627,7.69737,0.372807,232.079,7.23246,0.337719,30,21,225,5,42,0,304,4,18,1,10,18.8,-8.8
237.176,7.17647,0.289593,230.633,7.45701,0.384615,67,77,156,5,30,1,201,0,28,0,0,6.8,-6.8
237.176,7.17647,0.289593,230.633,7.45701,0.384615,0,0,156,5,30,1,201,1,0,0,0,8.8,-8.8
237.176,7.17647,0.289593,230.633,7.45701,0.384615,1,4,156,5,30,1,201,1,0,0,0,10.4,-10.4
218.438,7.70625,0.4,211.106,7.05,0.325,7,9,191,4,23,1,0,0,0,1,34,19.6,14.4
218.438,7.70625,0.4,211.106,7.05,0.325,0,0,191,4,23,1,0,1,0,1,34,19.6,14.4
218.438,7.70625,0.4,211.106,7.05,0.325,2,5,172,4,30,2,0,1,0,1,12,12.4,-0.4
218.438,7.70625,0.4,211.106,7.05,0.325,13,9,180,3,57,2,0,4,8,1,24,19.2,4.8
218.438,7.70625,0.4,211.106,7.05,0.325,1,1,180,3,57,2,0,0,0,1,24,31.2,-7.2
212.077,7.5,0.380282,227.704,6.97887,0.316901,7,21,178,6,22,0,257,3,0,0,14,14.4,-0.4
217.33,7.15909,0.3125,225.278,7.57386,0.380682,0,0,212,3,40,0,0,4,0,0,24,18,6
242.378,7.15058,0.339768,244.568,7.12741,0.30888,27,26,175,4,27,1,0,4,12,1,18,33.6,-15.6
217.33,7.15909,0.3125,225.278,7.57386,0.380682,0,1,187,4,19,5,264,1,0,0,4,12,-8
242.378,7.15058,0.339768,244.568,7.12741,0.30888,1,1,227,2,45,1,0,4,0,1,22,27.6,-5.6
242.378,7.15058,0.339768,244.568,7.12741,0.30888,97,98,227,2,45,1,0,4,54,1,22,24.4,-2.4
242.378,7.15058,0.339768,244.568,7.12741,0.30888,2,4,246,2,52,1,0,4,0,1,28,29.6,-1.6
242.378,7.15058,0.339768,244.568,7.12741,0.30888,20,19,246,2,52,1,0,4,8,1,28,31.2,-3.2
223.373,7.09016,0.344262,227.578,7.47541,0.385246,0,3,178,7,35,1,0,1,0,0,0,14.8,-14.8
242.378,7.15058,0.339768,244.568,7.12741,0.30888,197,152,267,3,49,1,0,4,126,1,64,40.8,23.2
223.373,7.09016,0.344262,227.578,7.47541,0.385246,0,0,166,4,41,1,0,0,0,0,54,31.2,22.8
242.378,7.15058,0.339768,244.568,7.12741,0.30888,102,114,206,5,24,2,287,4,40,1,30,16.4,13.6
237.176,7.17647,0.289593,230.633,7.45701,0.384615,14,10,287,4,44,1,0,0,10,0,32,35.6,-3.6
237.176,7.17647,0.289593,230.633,7.45701,0.384615,0,0,287,4,44,1,0,0,0,0,32,34.4,-2.4
237.176,7.17647,0.289593,230.633,7.45701,0.384615,30,24,185,4,35,1,263,0,16,0,26,15.2,10.8
237.176,7.17647,0.289593,230.633,7.45701,0.384615,0,0,224,4,40,1,0,1,0,0,20,12.8,7.2
237.176,7.17647,0.289593,230.633,7.45701,0.384615,0,0,224,4,40,1,0,1,0,0,20,12.8,7.2
234.274,7.4,0.373684,232.363,7.33158,0.342105,127,134,249,2,41,0,319,4,64,1,10,8.8,1.2
237.176,7.17647,0.289593,230.633,7.45701,0.384615,0,0,191,6,36,2,0,1,0,0,12,20,-8
234.274,7.4,0.373684,232.363,7.33158,0.342105,0,0,195,6,34,2,263,1,0,1,24,16,8
234.274,7.4,0.373684,232.363,7.33158,0.342105,0,1,120,7,33,2,0,1,0,0,0,17.2,-17.2
234.274,7.4,0.373684,232.363,7.33158,0.342105,1,1,200,1,39,3,0,0,0,1,26,14.8,11.2
234.274,7.4,0.373684,232.363,7.33158,0.342105,0,0,200,1,39,3,0,0,0,1,26,14.8,11.2
233.745,7.39674,0.36413,227.951,7.30435,0.353261,0,0,201,5,24,3,305,1,0,0,14,16,-2
233.745,7.39674,0.36413,227.951,7.30435,0.353261,4,6,201,5,24,3,305,0,0,0,14,7.2,6.8
222.621,7.38389,0.393365,235.517,7.54976,0.336493,0,3,212,6,28,3,330,3,0,0,0,16.4,-16.4
222.621,7.38389,0.393365,235.517,7.54976,0.336493,0,0,206,4,25,2,0,0,0,0,4,12,-8
222.621,7.38389,0.393365,235.517,7.54976,0.336493,49,45,219,4,28,0,256,4,22,0,6,9.2,-3.2
223.373,7.09016,0.344262,227.578,7.47541,0.385246,12,17,244,7,23,0,288,0,0,1,0,10.8,-10.8
222.621,7.38389,0.393365,235.517,7.54976,0.336493,2,2,211,3,37,1,0,0,0,0,26,14.8,11.2
212.077,7.5,0.380282,227.704,6.97887,0.316901,1,2,181,4,32,1,0,4,0,0,28,12.8,15.2
212.077,7.5,0.380282,227.704,6.97887,0.316901,0,0,181,4,32,1,0,3,0,0,28,14.4,13.6
242.378,7.15058,0.339768,244.568,7.12741,0.30888,24,20,187,8,30,1,308,1,14,0,0,26.8,-26.8
212.077,7.5,0.380282,227.704,6.97887,0.316901,0,0,159,6,31,0,256,3,0,1,16,19.2,-3.2
212.077,7.5,0.380282,227.704,6.97887,0.316901,0,0,154,6,31,2,272,3,0,1,8,14.8,-6.8
212.077,7.5,0.380282,227.704,6.97887,0.316901,27,40,154,6,31,2,272,3,8,1,8,11.2,-3.2
233.745,7.39674,0.36413,227.951,7.30435,0.353261,76,105,180,3,57,0,0,4,24,0,22,38.4,-16.4
212.077,7.5,0.380282,227.704,6.97887,0.316901,68,82,154,8,24,0,0,4,26,1,26,13.6,12.4
242.378,7.15058,0.339768,244.568,7.12741,0.30888,134,149,208,1,31,1,0,4,68,0,36,31.2,4.8
239.627,7.69737,0.372807,232.079,7.23246,0.337719,137,126,237,2,35,2,310,4,56,1,0,10.8,-10.8
239.627,7.69737,0.372807,232.079,7.23246,0.337719,0,0,237,2,35,2,310,0,0,1,0,7.6,-7.6
242.378,7.15058,0.339768,244.568,7.12741,0.30888,66,68,229,2,34,1,0,4,22,0,12,22,-10
242.378,7.15058,0.339768,244.568,7.12741,0.30888,0,0,229,2,34,1,0,4,0,0,12,17.2,-5.2
239.627,7.69737,0.372807,232.079,7.23246,0.337719,11,11,224,2,39,1,309,0,0,1,8,15.6,-7.6
239.627,7.69737,0.372807,232.079,7.23246,0.337719,1,1,230,2,55,1,0,0,0,1,30,31.6,-1.6
242.378,7.15058,0.339768,244.568,7.12741,0.30888,0,0,277,4,29,3,349,3,0,0,4,12.4,-8.4
237.176,7.17647,0.289593,230.633,7.45701,0.384615,0,0,223,2,27,0,0,0,0,0,8,12.8,-4.8
222.621,7.38389,0.393365,235.517,7.54976,0.336493,9,10,133,7,29,2,284,0,4,0,6,9.6,-3.6
237.176,7.17647,0.289593,230.633,7.45701,0.384615,50,31,221,3,48,1,0,0,34,0,54,33.2,20.8
234.274,7.4,0.373684,232.363,7.33158,0.342105,0,0,186,3,44,1,0,0,0,0,52,31.2,20.8
234.274,7.4,0.373684,232.363,7.33158,0.342105,12,17,205,4,25,1,0,0,0,0,12,22.8,-10.8
234.274,7.4,0.373684,232.363,7.33158,0.342105,0,0,205,4,25,1,0,1,0,0,12,16,-4
242.378,7.15058,0.339768,244.568,7.12741,0.30888,0,0,220,3,37,1,0,1,0,1,6,20.4,-14.4
234.274,7.4,0.373684,232.363,7.33158,0.342105,0,0,192,6,39,1,300,1,0,0,8,12.8,-4.8
234.274,7.4,0.373684,232.363,7.33158,0.342105,1,1,287,2,73,1,0,0,0,0,50,39.2,10.8
223.373,7.09016,0.344262,227.578,7.47541,0.385246,80,99,239,2,23,0,277,4,26,0,4,13.6,-9.6
233.745,7.39674,0.36413,227.951,7.30435,0.353261,19,16,206,3,33,1,0,0,8,1,20,16.4,3.6
233.745,7.39674,0.36413,227.951,7.30435,0.353261,0,0,199,6,41,1,0,1,0,1,8,24.4,-16.4
222.621,7.38389,0.393365,235.517,7.54976,0.336493,35,45,245,6,24,1,0,4,16,0,4,24,-20
222.621,7.38389,0.393365,235.517,7.54976,0.336493,38,46,165,5,29,0,0,0,8,0,26,20.4,5.6
212.077,7.5,0.380282,227.704,6.97887,0.316901,48,44,170,3,43,1,0,4,14,1,30,17.6,12.4
212.077,7.5,0.380282,227.704,6.97887,0.316901,19,8,170,3,43,1,0,4,14,1,30,21.2,8.8
219.527,7.65455,0.290909,202.727,7.56364,0.4,0,0,148,5,16,2,0,0,0,0,18,19.6,-1.6
212.077,7.5,0.380282,227.704,6.97887,0.316901,0,0,167,7,22,0,220,3,0,1,8,9.6,-1.6
219.527,7.65455,0.290909,202.727,7.56364,0.4,0,0,185,4,18,1,0,1,0,0,26,22,4
218.438,7.70625,0.4,211.106,7.05,0.325,98,103,182,4,35,0,0,4,38,1,26,24.4,1.6
218.438,7.70625,0.4,211.106,7.05,0.325,9,9,171,5,26,1,0,1,4,1,12,9.2,2.8
