Runs Scored,Wickets Lost,Got All Out,Runs Conceded,Opponent Wickets Taken,Opponent All Out,Total Runs Scored,Balls Faced,R0,W0,R1,W1,Target,ClusterID,Non Home Runs,Predicted NHR
237.176,7.17647,0.289593,230.633,7.45701,0.384615,0,0,27,1,25,0,0,4,0,0.268899
222.621,7.38389,0.393365,235.517,7.54976,0.336493,23,27,21,2,15,0,0,0,9,7.6658
223.373,7.09016,0.344262,227.578,7.47541,0.385246,16,31,13,1,19,0,0,4,8,7.83541
223.373,7.09016,0.344262,227.578,7.47541,0.385246,24,29,18,0,23,1,0,0,12,8.49832
237.176,7.17647,0.289593,230.633,7.45701,0.384615,0,1,22,1,25,1,262,4,0,0.590406
223.373,7.09016,0.344262,227.578,7.47541,0.385246,20,28,37,0,36,1,249,4,8,8.45891
223.373,7.09016,0.344262,227.578,7.47541,0.385246,16,33,19,1,32,0,0,4,8,8.31359
242.378,7.15058,0.339768,244.568,7.12741,0.30888,1,2,14,1,13,1,0,4,1,0.507556
242.378,7.15058,0.339768,244.568,7.12741,0.30888,15,23,21,1,23,1,217,0,7,6.36449
219.527,7.65455,0.290909,202.727,7.56364,0.4,0,0,15,1,25,1,0,4,0,-0.446639
212.077,7.5,0.380282,227.704,6.97887,0.316901,0,7,23,0,22,1,212,1,0,1.44686
218.438,7.70625,0.4,211.106,7.05,0.325,3,13,16,1,20,0,180,4,3,2.71098
212.077,7.5,0.380282,227.704,6.97887,0.316901,1,1,5,2,18,1,0,1,1,-0.153965
223.373,7.09016,0.344262,227.578,7.47541,0.385246,0,0,19,0,36,0,0,4,0,0.254018
242.378,7.15058,0.339768,244.568,7.12741,0.30888,15,15,18,0,22,1,178,0,3,4.93575
219.527,7.65455,0.290909,202.727,7.56364,0.4,27,39,17,1,22,0,0,1,7,10.2354
239.627,7.69737,0.372807,232.079,7.23246,0.337719,40,34,40,0,28,0,107,0,16,12.2166
233.745,7.39674,0.36413,227.951,7.30435,0.353261,20,32,15,1,20,1,174,4,8,8.75901
237.176,7.17647,0.289593,230.633,7.45701,0.384615,11,16,15,1,20,1,0,4,7,4.4656
219.527,7.65455,0.290909,202.727,7.56364,0.4,9,14,7,2,27,0,202,4,5,3.3624
223.373,7.09016,0.344262,227.578,7.47541,0.385246,1,9,9,0,19,2,0,4,1,1.76387
233.745,7.39674,0.36413,227.951,7.30435,0.353261,1,1,23,0,21,1,168,1,1,0.60447
223.373,7.09016,0.344262,227.578,7.47541,0.385246,2,3,18,0,24,1,0,4,2,0.973178
218.438,7.70625,0.4,211.106,7.05,0.325,19,31,11,0,22,0,0,4,7,8.03766
234.274,7.4,0.373684,232.363,7.33158,0.342105,13,13,17,0,19,1,171,4,5,4.46022
237.176,7.17647,0.289593,230.633,7.45701,0.384615,18,36,16,1,18,1,0,4,10,9.0654
239.627,7.69737,0.372807,232.079,7.23246,0.337719,0,0,20,0,28,0,238,4,0,0.689702
233.745,7.39674,0.36413,227.951,7.30435,0.353261,0,0,26,0,25,1,0,4,0,0.31403
234.274,7.4,0.373684,232.363,7.33158,0.342105,20,32,13,0,18,1,0,4,8,8.66102
239.627,7.69737,0.372807,232.079,7.23246,0.337719,18,32,30,0,37,1,80,4,10,8.90822
234.274,7.4,0.373684,232.363,7.33158,0.342105,5,16,3,2,7,0,0,4,1,3.39859
233.745,7.39674,0.36413,227.951,7.30435,0.353261,13,18,11,0,26,1,185,4,9,5.34979
233.745,7.39674,0.36413,227.951,7.30435,0.353261,8,11,11,0,26,1,185,4,4,3.39844
223.373,7.09016,0.344262,227.578,7.47541,0.385246,4,15,17,1,5,2,0,4,0,3.20578
237.176,7.17647,0.289593,230.633,7.45701,0.384615,16,34,5,0,22,1,0,1,4,8.2849
219.527,7.65455,0.290909,202.727,7.56364,0.4,1,7,10,0,21,3,0,4,1,0.906546
217.33,7.15909,0.3125,225.278,7.57386,0.380682,2,18,12,2,3,0,0,4,2,3.11268
233.745,7.39674,0.36413,227.951,7.30435,0.353261,29,30,28,1,42,1,125,4,17,9.78457
223.373,7.09016,0.344262,227.578,7.47541,0.385246,0,0,21,1,18,0,0,4,0,0.112419
234.274,7.4,0.373684,232.363,7.33158,0.342105,4,8,7,1,19,4,0,4,4,1.80694
234.274,7.4,0.373684,232.363,7.33158,0.342105,20,30,18,1,25,1,0,4,8,8.27026
242.378,7.15058,0.339768,244.568,7.12741,0.30888,31,36,16,1,23,1,89,4,11,10.8942
234.274,7.4,0.373684,232.363,7.33158,0.342105,29,43,7,2,25,0,0,4,5,11.6653
234.274,7.4,0.373684,232.363,7.33158,0.342105,23,28,22,0,37,0,188,4,3,8.7261
239.627,7.69737,0.372807,232.079,7.23246,0.337719,22,31,26,0,34,0,0,4,14,9.1795
239.627,7.69737,0.372807,232.079,7.23246,0.337719,38,33,26,0,34,0,0,0,8,11.5177
239.627,7.69737,0.372807,232.079,7.23246,0.337719,0,0,26,0,34,0,0,4,0,0.557035
233.745,7.39674,0.36413,227.951,7.30435,0.353261,8,14,10,2,20,0,175,4,4,3.73832
239.627,7.69737,0.372807,232.079,7.23246,0.337719,14,17,16,1,31,0,0,4,6,5.31043
233.745,7.39674,0.36413,227.951,7.30435,0.353261,0,3,12,0,32,1,309,4,0,1.00801
239.627,7.69737,0.372807,232.079,7.23246,0.337719,8,21,16,0,28,0,228,4,4,5.54449
239.627,7.69737,0.372807,232.079,7.23246,0.337719,36,45,16,0,28,0,228,0,16,13.5155
237.176,7.17647,0.289593,230.633,7.45701,0.384615,12,14,13,1,24,0,0,4,8,4.27162
237.176,7.17647,0.289593,230.633,7.45701,0.384615,16,31,13,1,24,0,0,4,8,7.9143
237.176,7.17647,0.289593,230.633,7.45701,0.384615,29,29,13,0,37,0,0,1,11,9.31275
239.627,7.69737,0.372807,232.079,7.23246,0.337719,14,32,14,2,15,0,177,4,6,8.03271
239.627,7.69737,0.372807,232.079,7.23246,0.337719,14,24,14,2,15,0,177,4,10,6.57194
233.745,7.39674,0.36413,227.951,7.30435,0.353261,20,30,25,0,14,1,0,1,2,8.30152
237.176,7.17647,0.289593,230.633,7.45701,0.384615,14,39,11,0,11,0,196,4,6,9.33139
237.176,7.17647,0.289593,230.633,7.45701,0.384615,2,12,17,0,12,2,113,4,2,2.68738
237.176,7.17647,0.289593,230.633,7.45701,0.384615,0,0,17,0,12,2,113,4,0,0.226957
233.745,7.39674,0.36413,227.951,7.30435,0.353261,12,31,23,1,21,1,0,4,8,7.43429
237.176,7.17647,0.289593,230.633,7.45701,0.384615,15,31,25,1,13,0,243,4,11,8.1144
237.176,7.17647,0.289593,230.633,7.45701,0.384615,0,0,18,1,12,1,0,4,0,0.0729056
233.745,7.39674,0.36413,227.951,7.30435,0.353261,31,42,25,0,26,0,238,4,11,12.4187
237.176,7.17647,0.289593,230.633,7.45701,0.384615,7,14,14,2,14,1,241,4,3,3.64925
237.176,7.17647,0.289593,230.633,7.45701,0.384615,2,5,19,0,15,1,0,4,2,1.38406
237.176,7.17647,0.289593,230.633,7.45701,0.384615,17,32,19,0,15,1,0,1,5,8.19785
239.627,7.69737,0.372807,232.079,7.23246,0.337719,0,8,29,2,15,2,142,4,0,1.81573
223.373,7.09016,0.344262,227.578,7.47541,0.385246,0,0,14,0,31,0,0,4,0,0.178631
217.33,7.15909,0.3125,225.278,7.57386,0.380682,14,31,10,0,45,1,80,4,6,7.45586
223.373,7.09016,0.344262,227.578,7.47541,0.385246,31,44,15,0,29,1,0,4,13,12.3446
212.077,7.5,0.380282,227.704,6.97887,0.316901,17,33,10,2,21,1,115,4,5,8.15589
218.438,7.70625,0.4,211.106,7.05,0.325,31,24,13,1,33,0,0,1,3,8.19099
212.077,7.5,0.380282,227.704,6.97887,0.316901,16,27,19,0,15,1,127,4,8,7.23915
242.378,7.15058,0.339768,244.568,7.12741,0.30888,19,34,36,1,20,0,108,1,3,9.07034
242.378,7.15058,0.339768,244.568,7.12741,0.30888,28,23,36,1,20,0,108,4,8,8.40935
234.274,7.4,0.373684,232.363,7.33158,0.342105,18,29,11,2,17,1,100,4,10,7.69599
234.274,7.4,0.373684,232.363,7.33158,0.342105,2,10,11,2,17,1,100,0,2,1.89137
223.373,7.09016,0.344262,227.578,7.47541,0.385246,12,23,21,0,41,1,0,4,8,6.06174
222.621,7.38389,0.393365,235.517,7.54976,0.336493,25,40,36,1,18,0,237,4,9,11.0071
239.627,7.69737,0.372807,232.079,7.23246,0.337719,0,0,20,2,16,0,205,4,0,0.405359
233.745,7.39674,0.36413,227.951,7.30435,0.353261,5,20,5,1,11,0,0,1,1,4.14921
233.745,7.39674,0.36413,227.951,7.30435,0.353261,11,39,5,1,11,0,0,4,7,8.5622
234.274,7.4,0.373684,232.363,7.33158,0.342105,0,6,14,1,16,2,0,4,0,1.07142
223.373,7.09016,0.344262,227.578,7.47541,0.385246,5,10,8,1,11,1,130,4,5,2.50931
223.373,7.09016,0.344262,227.578,7.47541,0.385246,0,0,8,1,11,1,130,4,0,0.0101742
233.745,7.39674,0.36413,227.951,7.30435,0.353261,2,6,16,1,23,1,0,4,2,1.44645
217.33,7.15909,0.3125,225.278,7.57386,0.380682,0,0,21,0,19,1,211,4,0,0.0800857
234.274,7.4,0.373684,232.363,7.33158,0.342105,0,0,9,2,16,1,0,0,0,-0.324554
234.274,7.4,0.373684,232.363,7.33158,0.342105,0,0,9,2,16,1,0,1,0,-0.279272
242.378,7.15058,0.339768,244.568,7.12741,0.30888,0,1,25,0,16,1,0,1,0,0.301981
239.627,7.69737,0.372807,232.079,7.23246,0.337719,1,5,18,0,36,1,227,4,1,1.68161
233.745,7.39674,0.36413,227.951,7.30435,0.353261,0,0,11,0,10,3,185,0,0,-0.0146653
217.33,7.15909,0.3125,225.278,7.57386,0.380682,0,0,44,0,28,3,0,4,0,0.089149
239.627,7.69737,0.372807,232.079,7.23246,0.337719,17,23,14,2,26,0,107,4,5,6.76302
222.621,7.38389,0.393365,235.517,7.54976,0.336493,50,33,25,1,45,0,0,0,12,12.6479
222.621,7.38389,0.393365,235.517,7.54976,0.336493,20,25,25,1,45,0,0,4,8,7.3292
234.274,7.4,0.373684,232.363,7.33158,0.342105,37,35,31,0,34,1,198,4,9,11.9482
222.621,7.38389,0.393365,235.517,7.54976,0.336493,4,11,14,1,24,1,0,4,4,2.37323
233.745,7.39674,0.36413,227.951,7.30435,0.353261,38,35,17,1,33,0,0,1,8,11.5442
223.373,7.09016,0.344262,227.578,7.47541,0.385246,0,0,14,1,30,1,0,4,0,0.020595
233.745,7.39674,0.36413,227.951,7.30435,0.353261,15,18,22,3,28,1,101,4,1,5.35502
233.745,7.39674,0.36413,227.951,7.30435,0.353261,2,14,17,3,14,1,69,4,2,2.74002
233.745,7.39674,0.36413,227.951,7.30435,0.353261,0,0,17,3,14,1,69,1,0,-0.221441
239.627,7.69737,0.372807,232.079,7.23246,0.337719,23,35,19,0,13,1,0,4,3,9.8465
239.627,7.69737,0.372807,232.079,7.23246,0.337719,0,0,19,0,13,1,0,4,0,0.359016
212.077,7.5,0.380282,227.704,6.97887,0.316901,18,38,5,0,16,1,0,1,6,9.09925
242.378,7.15058,0.339768,244.568,7.12741,0.30888,0,0,27,0,23,0,0,1,0,0.213054
217.33,7.15909,0.3125,225.278,7.57386,0.380682,27,30,31,1,32,0,116,4,7,9.20453
217.33,7.15909,0.3125,225.278,7.57386,0.380682,0,0,7,1,17,0,241,4,0,-0.124227
239.627,7.69737,0.372807,232.079,7.23246,0.337719,26,32,20,0,18,1,0,4,2,9.73057
239.627,7.69737,0.372807,232.079,7.23246,0.337719,3,7,20,0,18,1,0,4,3,2.06905
242.378,7.15058,0.339768,244.568,7.12741,0.30888,0,0,16,2,20,0,169,1,0,0.0165999
242.378,7.15058,0.339768,244.568,7.12741,0.30888,0,0,16,2,20,0,169,0,0,-0.0286819
239.627,7.69737,0.372807,232.079,7.23246,0.337719,4,6,9,0,17,1,0,4,4,1.88741
217.33,7.15909,0.3125,225.278,7.57386,0.380682,13,41,4,2,14,0,0,3,9,8.68862
222.621,7.38389,0.393365,235.517,7.54976,0.336493,17,33,18,1,16,0,140,4,5,8.34097
222.621,7.38389,0.393365,235.517,7.54976,0.336493,0,0,12,0,20,0,162,4,0,0.0962324
217.33,7.15909,0.3125,225.278,7.57386,0.380682,14,27,22,1,19,0,0,4,6,6.64915
217.33,7.15909,0.3125,225.278,7.57386,0.380682,0,0,22,1,19,0,0,4,0,-0.165843
222.621,7.38389,0.393365,235.517,7.54976,0.336493,25,35,15,0,22,0,231,4,5,9.95969
217.33,7.15909,0.3125,225.278,7.57386,0.380682,5,18,9,3,18,1,126,4,5,3.49259
237.176,7.17647,0.289593,230.633,7.45701,0.384615,0,0,20,0,19,2,191,4,0,0.358188
242.378,7.15058,0.339768,244.568,7.12741,0.30888,5,10,13,1,10,1,165,4,5,2.64005
237.176,7.17647,0.289593,230.633,7.45701,0.384615,33,25,34,0,35,0,293,4,9,9.77407
237.176,7.17647,0.289593,230.633,7.45701,0.384615,36,41,34,0,35,0,293,4,4,13.0995
237.176,7.17647,0.289593,230.633,7.45701,0.384615,0,0,34,0,35,0,293,4,0,0.766185
237.176,7.17647,0.289593,230.633,7.45701,0.384615,23,31,16,0,27,0,0,4,15,9.00937
242.378,7.15058,0.339768,244.568,7.12741,0.30888,0,0,18,1,9,0,0,4,0,0.0897176
237.176,7.17647,0.289593,230.633,7.45701,0.384615,13,19,22,2,25,0,0,4,5,5.3218
212.077,7.5,0.380282,227.704,6.97887,0.316901,0,0,6,1,22,1,0,4,0,-0.203226
218.438,7.70625,0.4,211.106,7.05,0.325,26,29,13,0,29,0,205,4,14,8.85335
218.438,7.70625,0.4,211.106,7.05,0.325,0,2,33,0,25,1,0,1,0,0.271583
212.077,7.5,0.380282,227.704,6.97887,0.316901,14,31,13,1,18,0,0,3,14,7.41444
212.077,7.5,0.380282,227.704,6.97887,0.316901,1,12,19,0,15,1,0,1,1,2.22576
242.378,7.15058,0.339768,244.568,7.12741,0.30888,8,19,24,1,54,0,0,0,4,4.67097
242.378,7.15058,0.339768,244.568,7.12741,0.30888,29,34,28,0,32,1,0,4,9,10.455
242.378,7.15058,0.339768,244.568,7.12741,0.30888,3,10,28,0,32,1,0,4,3,2.57216
217.33,7.15909,0.3125,225.278,7.57386,0.380682,16,20,16,1,24,1,175,4,8,5.70183
242.378,7.15058,0.339768,244.568,7.12741,0.30888,28,26,29,2,36,0,231,4,4,8.93353
223.373,7.09016,0.344262,227.578,7.47541,0.385246,18,33,17,0,31,2,0,4,10,8.56847
242.378,7.15058,0.339768,244.568,7.12741,0.30888,17,32,20,0,24,1,0,4,9,8.35356
218.438,7.70625,0.4,211.106,7.05,0.325,11,33,15,1,21,0,222,3,7,7.42544
223.373,7.09016,0.344262,227.578,7.47541,0.385246,22,34,16,0,32,0,0,4,14,9.37582
237.176,7.17647,0.289593,230.633,7.45701,0.384615,24,37,25,0,26,1,145,4,16,10.4316
223.373,7.09016,0.344262,227.578,7.47541,0.385246,16,32,30,0,18,1,0,3,12,8.23109
237.176,7.17647,0.289593,230.633,7.45701,0.384615,0,0,6,1,25,1,97,4,0,0.0633667
233.745,7.39674,0.36413,227.951,7.30435,0.353261,30,33,10,1,25,0,0,0,14,9.94792
239.627,7.69737,0.372807,232.079,7.23246,0.337719,5,10,50,0,28,2,252,4,5,3.4629
233.745,7.39674,0.36413,227.951,7.30435,0.353261,0,0,9,2,29,0,154,4,0,0.102307
233.745,7.39674,0.36413,227.951,7.30435,0.353261,0,0,9,2,29,0,154,0,0,-0.0788205
239.627,7.69737,0.372807,232.079,7.23246,0.337719,11,17,24,0,24,0,0,0,5,4.90513
239.627,7.69737,0.372807,232.079,7.23246,0.337719,37,43,24,0,24,0,0,4,21,13.3343
239.627,7.69737,0.372807,232.079,7.23246,0.337719,0,0,24,0,24,0,0,4,0,0.501136
239.627,7.69737,0.372807,232.079,7.23246,0.337719,2,8,30,1,13,2,0,4,2,2.06469
242.378,7.15058,0.339768,244.568,7.12741,0.30888,15,23,29,1,21,0,154,1,7,6.48657
239.627,7.69737,0.372807,232.079,7.23246,0.337719,21,22,17,1,27,0,0,4,9,7.16484
239.627,7.69737,0.372807,232.079,7.23246,0.337719,10,13,23,0,15,1,0,4,6,4.133
242.378,7.15058,0.339768,244.568,7.12741,0.30888,7,18,20,1,12,0,143,1,3,4.35049
242.378,7.15058,0.339768,244.568,7.12741,0.30888,15,30,13,1,12,1,216,4,7,7.69257
242.378,7.15058,0.339768,244.568,7.12741,0.30888,0,0,13,1,12,1,216,4,0,0.195156
223.373,7.09016,0.344262,227.578,7.47541,0.385246,7,22,8,2,11,0,76,4,7,4.85914
242.378,7.15058,0.339768,244.568,7.12741,0.30888,0,0,24,1,21,2,273,4,0,0.360587
223.373,7.09016,0.344262,227.578,7.47541,0.385246,0,4,12,1,18,1,0,4,0,0.688644
223.373,7.09016,0.344262,227.578,7.47541,0.385246,0,0,12,1,18,1,0,1,0,-0.177586
242.378,7.15058,0.339768,244.568,7.12741,0.30888,13,30,19,0,21,0,229,0,9,7.5093
239.627,7.69737,0.372807,232.079,7.23246,0.337719,0,0,13,2,21,1,241,4,0,0.32476
239.627,7.69737,0.372807,232.079,7.23246,0.337719,14,30,13,2,21,1,241,4,10,7.68754
242.378,7.15058,0.339768,244.568,7.12741,0.30888,23,35,24,1,16,0,158,4,11,9.81901
242.378,7.15058,0.339768,244.568,7.12741,0.30888,0,6,7,0,20,1,0,4,0,1.15021
242.378,7.15058,0.339768,244.568,7.12741,0.30888,0,0,7,0,20,1,0,4,0,0.0546318
234.274,7.4,0.373684,232.363,7.33158,0.342105,0,0,5,1,17,1,0,4,0,-0.0802524
234.274,7.4,0.373684,232.363,7.33158,0.342105,13,26,12,2,12,0,0,4,5,6.42447
242.378,7.15058,0.339768,244.568,7.12741,0.30888,0,1,20,2,16,1,143,4,0,0.297807
223.373,7.09016,0.344262,227.578,7.47541,0.385246,17,28,21,0,30,1,122,0,5,7.54575
218.438,7.70625,0.4,211.106,7.05,0.325,19,34,10,2,27,0,131,1,11,8.36186
237.176,7.17647,0.289593,230.633,7.45701,0.384615,10,29,23,0,20,0,0,1,6,6.81856
237.176,7.17647,0.289593,230.633,7.45701,0.384615,4,3,18,0,25,2,0,4,0,1.26104
237.176,7.17647,0.289593,230.633,7.45701,0.384615,15,30,18,0,23,0,194,4,7,7.94242
237.176,7.17647,0.289593,230.633,7.45701,0.384615,0,0,18,0,23,0,194,4,0,0.445002
234.274,7.4,0.373684,232.363,7.33158,0.342105,5,7,22,0,32,1,233,4,1,2.44682
234.274,7.4,0.373684,232.363,7.33158,0.342105,1,9,9,0,24,1,161,4,1,2.02605
239.627,7.69737,0.372807,232.079,7.23246,0.337719,25,29,18,2,22,0,0,4,9,8.86993
242.378,7.15058,0.339768,244.568,7.12741,0.30888,1,2,26,1,35,1,196,4,1,0.904421
242.378,7.15058,0.339768,244.568,7.12741,0.30888,37,23,26,1,35,1,196,0,5,9.4047
239.627,7.69737,0.372807,232.079,7.23246,0.337719,22,26,29,0,27,0,0,0,14,8.09844
239.627,7.69737,0.372807,232.079,7.23246,0.337719,34,39,29,0,27,0,0,4,10,12.2689
242.378,7.15058,0.339768,244.568,7.12741,0.30888,21,33,7,0,18,0,0,4,5,8.94864
239.627,7.69737,0.372807,232.079,7.23246,0.337719,35,35,33,0,34,1,266,4,13,11.9451
242.378,7.15058,0.339768,244.568,7.12741,0.30888,0,0,9,2,18,0,160,4,0,0.0545552
222.621,7.38389,0.393365,235.517,7.54976,0.336493,0,0,36,1,35,1,236,4,0,0.343689
242.378,7.15058,0.339768,244.568,7.12741,0.30888,42,39,11,1,40,1,247,4,10,13.0666
242.378,7.15058,0.339768,244.568,7.12741,0.30888,9,9,21,1,31,2,261,0,5,3.0199
242.378,7.15058,0.339768,244.568,7.12741,0.30888,0,0,21,1,31,2,261,4,0,0.345939
242.378,7.15058,0.339768,244.568,7.12741,0.30888,0,0,21,1,31,2,261,4,0,0.345939
233.745,7.39674,0.36413,227.951,7.30435,0.353261,18,21,18,1,29,0,204,0,8,6.44015
234.274,7.4,0.373684,232.363,7.33158,0.342105,6,9,18,0,26,1,247,4,2,2.89302
234.274,7.4,0.373684,232.363,7.33158,0.342105,16,35,7,0,29,0,0,4,4,8.68193
222.621,7.38389,0.393365,235.517,7.54976,0.336493,3,9,20,1,27,2,244,4,3,2.13554
222.621,7.38389,0.393365,235.517,7.54976,0.336493,8,18,6,1,19,1,0,4,4,4.07898
222.621,7.38389,0.393365,235.517,7.54976,0.336493,0,0,6,1,17,1,0,4,0,-0.291276
234.274,7.4,0.373684,232.363,7.33158,0.342105,39,36,28,0,32,0,218,4,11,12.4242
218.438,7.70625,0.4,211.106,7.05,0.325,14,21,15,0,16,1,0,4,10,5.51922
218.438,7.70625,0.4,211.106,7.05,0.325,14,24,24,0,17,0,168,1,2,6.24605
233.745,7.39674,0.36413,227.951,7.30435,0.353261,19,22,21,0,22,0,127,0,7,6.80563
233.745,7.39674,0.36413,227.951,7.30435,0.353261,10,19,19,1,17,0,0,4,6,4.96098
233.745,7.39674,0.36413,227.951,7.30435,0.353261,0,0,19,1,17,0,0,4,0,0.145299
237.176,7.17647,0.289593,230.633,7.45701,0.384615,26,29,25,0,18,0,0,0,6,8.94474
233.745,7.39674,0.36413,227.951,7.30435,0.353261,66,30,33,0,56,0,199,0,14,14.9135
212.077,7.5,0.380282,227.704,6.97887,0.316901,0,10,16,1,7,1,0,4,0,1.69306
212.077,7.5,0.380282,227.704,6.97887,0.316901,0,3,16,1,7,1,0,4,0,0.414886
234.274,7.4,0.373684,232.363,7.33158,0.342105,16,22,11,1,15,0,201,4,8,6.39162
212.077,7.5,0.380282,227.704,6.97887,0.316901,15,29,10,0,13,1,0,4,3,7.23747
234.274,7.4,0.373684,232.363,7.33158,0.342105,26,40,17,0,27,0,232,4,14,11.2709
217.33,7.15909,0.3125,225.278,7.57386,0.380682,23,25,8,1,36,0,0,4,9,7.38435
212.077,7.5,0.380282,227.704,6.97887,0.316901,0,1,8,0,29,1,155,1,0,0.142481
212.077,7.5,0.380282,227.704,6.97887,0.316901,18,41,7,0,17,0,0,1,10,9.7214
217.33,7.15909,0.3125,225.278,7.57386,0.380682,0,0,13,1,32,0,221,4,0,-0.02355
223.373,7.09016,0.344262,227.578,7.47541,0.385246,0,0,12,1,22,1,0,1,0,-0.164713
223.373,7.09016,0.344262,227.578,7.47541,0.385246,1,5,18,0,16,1,0,4,1,1.17799
217.33,7.15909,0.3125,225.278,7.57386,0.380682,4,7,12,1,22,2,182,1,4,1.48187
239.627,7.69737,0.372807,232.079,7.23246,0.337719,5,7,26,0,14,1,0,4,1,2.3966
239.627,7.69737,0.372807,232.079,7.23246,0.337719,0,0,26,0,14,1,0,4,0,0.445251
239.627,7.69737,0.372807,232.079,7.23246,0.337719,22,28,36,0,23,0,0,4,10,8.71491
239.627,7.69737,0.372807,232.079,7.23246,0.337719,37,33,36,0,23,0,0,4,9,11.6474
217.33,7.15909,0.3125,225.278,7.57386,0.380682,12,25,19,1,23,1,162,3,4,6.05115
218.438,7.70625,0.4,211.106,7.05,0.325,28,33,20,0,14,1,0,4,16,9.64814
234.274,7.4,0.373684,232.363,7.33158,0.342105,16,36,14,0,14,0,170,4,4,9.05866
218.438,7.70625,0.4,211.106,7.05,0.325,4,10,15,2,7,2,0,1,4,1.73729
218.438,7.70625,0.4,211.106,7.05,0.325,3,5,8,0,26,1,0,1,3,0.930011
219.527,7.65455,0.290909,202.727,7.56364,0.4,5,13,12,2,22,1,138,1,5,2.4412
222.621,7.38389,0.393365,235.517,7.54976,0.336493,45,38,27,0,24,1,0,4,15,13.085
222.621,7.38389,0.393365,235.517,7.54976,0.336493,41,27,33,0,31,1,232,4,5,10.849
222.621,7.38389,0.393365,235.517,7.54976,0.336493,8,28,6,0,14,0,0,4,4,6.04366
212.077,7.5,0.380282,227.704,6.97887,0.316901,7,11,10,1,19,1,218,4,3,2.98995
222.621,7.38389,0.393365,235.517,7.54976,0.336493,21,21,21,1,23,0,239,4,1,6.83928
222.621,7.38389,0.393365,235.517,7.54976,0.336493,0,0,21,1,23,0,239,4,0,0.177417
212.077,7.5,0.380282,227.704,6.97887,0.316901,0,0,16,0,9,1,0,4,0,-0.0190718
223.373,7.09016,0.344262,227.578,7.47541,0.385246,25,29,29,0,46,0,0,4,9,9.06597
218.438,7.70625,0.4,211.106,7.05,0.325,0,0,15,1,17,1,207,4,0,-0.110304
218.438,7.70625,0.4,211.106,7.05,0.325,0,0,19,1,36,0,0,1,0,-0.284212
222.621,7.38389,0.393365,235.517,7.54976,0.336493,15,27,29,1,12,0,236,4,7,7.18371
218.438,7.70625,0.4,211.106,7.05,0.325,14,12,10,1,28,0,161,1,2,3.8103
222.621,7.38389,0.393365,235.517,7.54976,0.336493,4,7,35,0,43,1,304,4,4,2.34543
218.438,7.70625,0.4,211.106,7.05,0.325,0,0,21,1,20,1,0,1,0,-0.359406
222.621,7.38389,0.393365,235.517,7.54976,0.336493,31,31,22,0,22,0,109,4,9,10.0058
222.621,7.38389,0.393365,235.517,7.54976,0.336493,13,31,22,0,22,0,109,4,5,7.58232
239.627,7.69737,0.372807,232.079,7.23246,0.337719,20,23,20,0,18,0,0,0,8,7.14569
218.438,7.70625,0.4,211.106,7.05,0.325,5,16,18,1,11,1,70,1,5,3.2364
218.438,7.70625,0.4,211.106,7.05,0.325,0,0,18,1,11,1,70,1,0,-0.35832
239.627,7.69737,0.372807,232.079,7.23246,0.337719,0,0,18,0,32,0,108,4,0,0.556977
218.438,7.70625,0.4,211.106,7.05,0.325,10,14,12,1,25,2,118,4,2,3.6517
242.378,7.15058,0.339768,244.568,7.12741,0.30888,5,9,8,1,20,1,0,4,1,2.27564
223.373,7.09016,0.344262,227.578,7.47541,0.385246,0,0,17,0,15,1,136,1,0,0.106955
242.378,7.15058,0.339768,244.568,7.12741,0.30888,9,29,14,2,12,0,133,4,5,6.57624
242.378,7.15058,0.339768,244.568,7.12741,0.30888,0,2,19,0,14,2,0,0,0,0.314278
223.373,7.09016,0.344262,227.578,7.47541,0.385246,16,32,7,1,20,0,0,1,8,7.81422
242.378,7.15058,0.339768,244.568,7.12741,0.30888,0,1,17,0,23,1,97,4,0,0.456417
222.621,7.38389,0.393365,235.517,7.54976,0.336493,15,36,26,0,10,1,0,4,11,8.62377
218.438,7.70625,0.4,211.106,7.05,0.325,10,28,18,1,22,1,110,1,6,6.17363
218.438,7.70625,0.4,211.106,7.05,0.325,26,39,23,1,13,1,0,4,6,10.3994
218.438,7.70625,0.4,211.106,7.05,0.325,5,7,23,1,13,1,0,1,1,1.59314
222.621,7.38389,0.393365,235.517,7.54976,0.336493,0,0,37,0,17,1,147,4,0,0.321578
218.438,7.70625,0.4,211.106,7.05,0.325,0,0,15,3,17,1,0,3,0,-0.564441
218.438,7.70625,0.4,211.106,7.05,0.325,1,6,19,0,14,1,151,1,1,1.07674
218.438,7.70625,0.4,211.106,7.05,0.325,0,0,19,0,14,1,151,1,0,-0.153473
222.621,7.38389,0.393365,235.517,7.54976,0.336493,32,25,26,3,39,0,188,4,10,8.89885
242.378,7.15058,0.339768,244.568,7.12741,0.30888,24,27,25,1,31,0,271,4,4,8.65895
239.627,7.69737,0.372807,232.079,7.23246,0.337719,20,38,13,1,17,1,0,4,8,9.8247
237.176,7.17647,0.289593,230.633,7.45701,0.384615,0,0,21,1,19,0,172,4,0,0.339689
237.176,7.17647,0.289593,230.633,7.45701,0.384615,19,39,13,0,20,0,157,4,11,10.0207
234.274,7.4,0.373684,232.363,7.33158,0.342105,20,28,26,0,28,0,0,4,8,8.16442
218.438,7.70625,0.4,211.106,7.05,0.325,22,32,12,1,30,1,185,4,6,8.68039
239.627,7.69737,0.372807,232.079,7.23246,0.337719,0,0,9,1,32,0,0,4,0,0.241595
234.274,7.4,0.373684,232.363,7.33158,0.342105,28,29,20,1,25,0,137,4,12,9.36434
234.274,7.4,0.373684,232.363,7.33158,0.342105,27,30,15,1,33,0,121,4,11,9.36374
234.274,7.4,0.373684,232.363,7.33158,0.342105,1,11,14,0,17,1,0,4,1,2.27707
234.274,7.4,0.373684,232.363,7.33158,0.342105,22,36,14,0,17,1,0,4,10,9.66932
239.627,7.69737,0.372807,232.079,7.23246,0.337719,35,30,27,0,43,0,0,4,15,10.788
234.274,7.4,0.373684,232.363,7.33158,0.342105,9,8,26,0,29,1,249,4,5,3.22074
239.627,7.69737,0.372807,232.079,7.23246,0.337719,9,28,29,0,26,0,0,4,9,6.89128
234.274,7.4,0.373684,232.363,7.33158,0.342105,14,14,23,0,34,1,254,4,6,4.9747
234.274,7.4,0.373684,232.363,7.33158,0.342105,30,27,23,0,34,1,254,4,4,9.50262
234.274,7.4,0.373684,232.363,7.33158,0.342105,0,0,29,0,29,1,214,4,0,0.551016
239.627,7.69737,0.372807,232.079,7.23246,0.337719,0,0,14,0,12,2,0,4,0,0.249077
233.745,7.39674,0.36413,227.951,7.30435,0.353261,17,28,19,1,19,0,207,0,9,7.56617
233.745,7.39674,0.36413,227.951,7.30435,0.353261,16,24,11,0,21,0,0,0,16,6.52604
237.176,7.17647,0.289593,230.633,7.45701,0.384615,15,28,14,0,25,1,0,4,7,7.30692
217.33,7.15909,0.3125,225.278,7.57386,0.380682,9,20,9,1,18,0,222,4,5,4.74854
217.33,7.15909,0.3125,225.278,7.57386,0.380682,9,15,23,1,16,1,0,4,5,3.7396
237.176,7.17647,0.289593,230.633,7.45701,0.384615,8,6,21,1,28,1,220,4,0,2.53889
217.33,7.15909,0.3125,225.278,7.57386,0.380682,0,0,38,0,46,0,108,4,0,0.319442
217.33,7.15909,0.3125,225.278,7.57386,0.380682,0,0,38,0,46,0,108,4,0,0.319442
237.176,7.17647,0.289593,230.633,7.45701,0.384615,41,34,45,0,17,0,129,4,17,12.4133
237.176,7.17647,0.289593,230.633,7.45701,0.384615,0,0,45,0,17,0,129,4,0,0.68496
237.176,7.17647,0.289593,230.633,7.45701,0.384615,33,30,26,1,31,0,0,4,15,10.1972
237.176,7.17647,0.289593,230.633,7.45701,0.384615,21,28,26,1,31,0,0,4,9,8.21639
242.378,7.15058,0.339768,244.568,7.12741,0.30888,19,23,21,0,29,0,0,0,7,6.87371
242.378,7.15058,0.339768,244.568,7.12741,0.30888,0,3,25,0,9,2,191,4,0,0.912135
237.176,7.17647,0.289593,230.633,7.45701,0.384615,0,1,18,0,38,2,0,4,0,0.39914
223.373,7.09016,0.344262,227.578,7.47541,0.385246,29,34,21,0,10,1,197,0,13,10.2629
242.378,7.15058,0.339768,244.568,7.12741,0.30888,48,36,28,0,40,1,0,0,14,13.2229
242.378,7.15058,0.339768,244.568,7.12741,0.30888,0,2,28,0,40,1,0,4,0,0.733233
242.378,7.15058,0.339768,244.568,7.12741,0.30888,51,34,36,0,43,0,189,0,13,13.5907
233.745,7.39674,0.36413,227.951,7.30435,0.353261,22,25,16,1,42,0,151,4,6,7.85863
212.077,7.5,0.380282,227.704,6.97887,0.316901,4,7,5,0,21,1,0,1,4,1.56996
223.373,7.09016,0.344262,227.578,7.47541,0.385246,5,25,17,1,16,0,116,4,5,5.40538
212.077,7.5,0.380282,227.704,6.97887,0.316901,0,4,13,1,3,2,0,1,0,0.365762
223.373,7.09016,0.344262,227.578,7.47541,0.385246,3,15,6,1,6,1,0,4,3,2.99133
242.378,7.15058,0.339768,244.568,7.12741,0.30888,2,8,25,1,12,1,0,4,2,1.865
217.33,7.15909,0.3125,225.278,7.57386,0.380682,21,28,19,0,46,0,183,4,9,8.10447
217.33,7.15909,0.3125,225.278,7.57386,0.380682,17,27,37,1,25,0,0,4,9,7.25026
242.378,7.15058,0.339768,244.568,7.12741,0.30888,0,0,33,0,32,0,152,4,0,0.591522
212.077,7.5,0.380282,227.704,6.97887,0.316901,0,0,23,1,15,0,0,4,0,0.0232827
218.438,7.70625,0.4,211.106,7.05,0.325,38,25,18,3,36,0,144,4,8,9.44105
212.077,7.5,0.380282,227.704,6.97887,0.316901,10,10,18,2,18,1,0,4,6,2.99114
217.33,7.15909,0.3125,225.278,7.57386,0.380682,7,24,10,2,29,1,0,4,3,4.89396
237.176,7.17647,0.289593,230.633,7.45701,0.384615,5,18,5,2,13,0,0,4,5,3.82189
223.373,7.09016,0.344262,227.578,7.47541,0.385246,0,0,28,0,49,1,0,4,0,0.355164
223.373,7.09016,0.344262,227.578,7.47541,0.385246,0,0,28,0,49,1,0,1,0,0.219319
223.373,7.09016,0.344262,227.578,7.47541,0.385246,15,32,14,0,14,0,0,0,11,7.80541
242.378,7.15058,0.339768,244.568,7.12741,0.30888,0,0,27,1,33,1,0,0,0,0.0451343
223.373,7.09016,0.344262,227.578,7.47541,0.385246,4,16,27,1,14,2,224,4,4,3.74594
242.378,7.15058,0.339768,244.568,7.12741,0.30888,19,29,17,1,27,0,0,4,15,7.98915
223.373,7.09016,0.344262,227.578,7.47541,0.385246,33,35,31,0,39,1,258,4,9,11.4343
223.373,7.09016,0.344262,227.578,7.47541,0.385246,10,9,31,0,39,1,258,4,10,3.59017
223.373,7.09016,0.344262,227.578,7.47541,0.385246,0,0,31,0,39,1,258,4,0,0.600444
223.373,7.09016,0.344262,227.578,7.47541,0.385246,37,34,23,0,36,0,0,0,9,11.3101
242.378,7.15058,0.339768,244.568,7.12741,0.30888,3,6,20,2,38,1,243,4,3,1.77924
234.274,7.4,0.373684,232.363,7.33158,0.342105,4,7,25,0,18,2,0,4,4,2.03684
234.274,7.4,0.373684,232.363,7.33158,0.342105,25,25,25,0,18,2,0,4,9,8.15092
237.176,7.17647,0.289593,230.633,7.45701,0.384615,0,0,19,0,17,1,240,4,0,0.433256
234.274,7.4,0.373684,232.363,7.33158,0.342105,0,0,18,1,14,1,0,4,0,0.0642663
239.627,7.69737,0.372807,232.079,7.23246,0.337719,24,29,13,0,34,1,0,4,10,8.88198
222.621,7.38389,0.393365,235.517,7.54976,0.336493,9,23,17,2,11,0,0,4,9,5.17133
222.621,7.38389,0.393365,235.517,7.54976,0.336493,10,28,17,2,11,0,0,4,6,6.21895
218.438,7.70625,0.4,211.106,7.05,0.325,22,29,17,1,25,0,0,1,10,7.91394
217.33,7.15909,0.3125,225.278,7.57386,0.380682,5,8,11,2,21,1,188,1,5,1.72968
217.33,7.15909,0.3125,225.278,7.57386,0.380682,0,0,32,0,17,1,0,1,0,-0.12956
218.438,7.70625,0.4,211.106,7.05,0.325,0,0,20,0,24,0,250,1,0,0.0308064
217.33,7.15909,0.3125,225.278,7.57386,0.380682,33,30,27,2,26,0,0,1,1,9.5936
222.621,7.38389,0.393365,235.517,7.54976,0.336493,8,25,15,1,10,2,0,4,4,5.3875
222.621,7.38389,0.393365,235.517,7.54976,0.336493,4,12,15,1,10,2,0,4,0,2.4752
223.373,7.09016,0.344262,227.578,7.47541,0.385246,28,27,23,2,27,1,134,4,10,8.8358
223.373,7.09016,0.344262,227.578,7.47541,0.385246,0,1,23,2,27,1,134,1,0,0.182661
223.373,7.09016,0.344262,227.578,7.47541,0.385246,2,7,15,2,10,1,0,4,2,1.40814
242.378,7.15058,0.339768,244.568,7.12741,0.30888,9,14,25,0,22,1,153,4,9,4.18605
233.745,7.39674,0.36413,227.951,7.30435,0.353261,12,28,13,2,16,1,0,4,8,6.64442
242.378,7.15058,0.339768,244.568,7.12741,0.30888,19,31,19,0,33,0,0,4,11,8.50476
223.373,7.09016,0.344262,227.578,7.47541,0.385246,0,0,34,0,44,2,259,0,0,0.424499
223.373,7.09016,0.344262,227.578,7.47541,0.385246,0,0,34,0,44,2,259,4,0,0.605626
239.627,7.69737,0.372807,232.079,7.23246,0.337719,20,31,9,0,36,0,0,4,8,8.71505
239.627,7.69737,0.372807,232.079,7.23246,0.337719,0,0,9,0,36,0,0,4,0,0.361861
239.627,7.69737,0.372807,232.079,7.23246,0.337719,39,38,27,0,31,0,0,4,15,12.7487
239.627,7.69737,0.372807,232.079,7.23246,0.337719,0,0,27,0,31,0,0,4,0,0.559241
222.621,7.38389,0.393365,235.517,7.54976,0.336493,0,0,24,0,27,0,0,4,0,0.109193
239.627,7.69737,0.372807,232.079,7.23246,0.337719,0,0,19,0,24,0,0,4,0,0.441839
222.621,7.38389,0.393365,235.517,7.54976,0.336493,9,26,19,1,23,0,233,4,1,6.10729
239.627,7.69737,0.372807,232.079,7.23246,0.337719,21,19,22,0,18,1,0,4,13,6.70736
222.621,7.38389,0.393365,235.517,7.54976,0.336493,1,1,12,2,22,2,134,4,1,0.0840135
218.438,7.70625,0.4,211.106,7.05,0.325,0,0,9,0,28,1,192,1,0,-0.188576
223.373,7.09016,0.344262,227.578,7.47541,0.385246,23,26,20,1,46,0,0,4,7,8.03478
223.373,7.09016,0.344262,227.578,7.47541,0.385246,33,27,20,1,46,0,0,4,5,9.56374
239.627,7.69737,0.372807,232.079,7.23246,0.337719,32,30,13,1,35,0,0,4,8,10.0849
239.627,7.69737,0.372807,232.079,7.23246,0.337719,16,34,13,1,35,0,0,4,8,8.66112
233.745,7.39674,0.36413,227.951,7.30435,0.353261,21,35,22,0,49,0,0,0,9,9.42833
223.373,7.09016,0.344262,227.578,7.47541,0.385246,3,5,45,0,23,2,270,4,3,1.9957
223.373,7.09016,0.344262,227.578,7.47541,0.385246,0,6,45,0,23,2,270,4,0,1.77439
237.176,7.17647,0.289593,230.633,7.45701,0.384615,0,0,25,0,20,1,0,4,0,0.28906
222.621,7.38389,0.393365,235.517,7.54976,0.336493,4,7,17,0,28,1,0,4,0,1.79869
239.627,7.69737,0.372807,232.079,7.23246,0.337719,24,38,33,0,15,1,193,4,6,10.8823
217.33,7.15909,0.3125,225.278,7.57386,0.380682,0,0,13,1,16,2,0,1,0,-0.512926
237.176,7.17647,0.289593,230.633,7.45701,0.384615,32,24,31,2,35,0,0,4,6,8.93177
237.176,7.17647,0.289593,230.633,7.45701,0.384615,0,0,31,2,35,0,0,4,0,0.241123
222.621,7.38389,0.393365,235.517,7.54976,0.336493,0,2,10,0,29,1,0,4,0,0.267364
233.745,7.39674,0.36413,227.951,7.30435,0.353261,0,2,22,1,21,1,217,4,0,0.714961
239.627,7.69737,0.372807,232.079,7.23246,0.337719,21,28,19,1,32,0,0,4,5,8.30023
242.378,7.15058,0.339768,244.568,7.12741,0.30888,3,5,23,1,19,1,265,4,3,1.6991
239.627,7.69737,0.372807,232.079,7.23246,0.337719,12,16,19,1,24,1,243,4,4,5.05201
239.627,7.69737,0.372807,232.079,7.23246,0.337719,5,6,17,0,18,1,0,4,1,2.12014
242.378,7.15058,0.339768,244.568,7.12741,0.30888,16,34,38,0,14,1,200,4,4,8.95291
239.627,7.69737,0.372807,232.079,7.23246,0.337719,41,39,21,0,33,0,0,4,13,13.1358
239.627,7.69737,0.372807,232.079,7.23246,0.337719,13,23,21,0,33,0,0,4,9,6.44449
242.378,7.15058,0.339768,244.568,7.12741,0.30888,0,0,22,0,42,1,331,4,0,0.613642
239.627,7.69737,0.372807,232.079,7.23246,0.337719,10,21,27,1,13,0,164,4,2,5.72855
212.077,7.5,0.380282,227.704,6.97887,0.316901,19,32,30,0,22,0,0,1,7,8.50153
218.438,7.70625,0.4,211.106,7.05,0.325,0,0,11,2,2,1,0,4,0,-0.507474
218.438,7.70625,0.4,211.106,7.05,0.325,6,20,27,1,16,1,0,1,6,4.15861
233.745,7.39674,0.36413,227.951,7.30435,0.353261,26,14,33,0,36,1,235,4,6,6.70964
233.745,7.39674,0.36413,227.951,7.30435,0.353261,2,3,26,1,19,2,240,1,2,1.04612
233.745,7.39674,0.36413,227.951,7.30435,0.353261,1,4,35,0,26,1,0,4,1,1.289
239.627,7.69737,0.372807,232.079,7.23246,0.337719,0,0,22,1,51,0,195,4,0,0.639728
233.745,7.39674,0.36413,227.951,7.30435,0.353261,1,2,11,2,18,1,0,4,1,0.398652
233.745,7.39674,0.36413,227.951,7.30435,0.353261,14,25,11,2,18,1,0,4,6,6.34863
237.176,7.17647,0.289593,230.633,7.45701,0.384615,33,30,29,1,29,0,234,4,9,10.4457
237.176,7.17647,0.289593,230.633,7.45701,0.384615,0,0,11,1,25,0,203,4,0,0.269466
237.176,7.17647,0.289593,230.633,7.45701,0.384615,8,5,18,0,31,1,206,4,0,2.42464
239.627,7.69737,0.372807,232.079,7.23246,0.337719,0,7,14,0,15,1,0,4,0,1.58433
218.438,7.70625,0.4,211.106,7.05,0.325,3,10,34,0,6,1,0,1,3,2.08698
237.176,7.17647,0.289593,230.633,7.45701,0.384615,44,34,23,0,38,0,233,4,16,12.7214
237.176,7.17647,0.289593,230.633,7.45701,0.384615,17,28,23,0,38,0,233,4,5,7.99063
237.176,7.17647,0.289593,230.633,7.45701,0.384615,1,2,19,0,41,2,212,4,1,0.936641
237.176,7.17647,0.289593,230.633,7.45701,0.384615,47,41,34,0,29,0,223,4,27,14.4956
218.438,7.70625,0.4,211.106,7.05,0.325,3,2,11,0,38,1,0,1,3,0.456417
237.176,7.17647,0.289593,230.633,7.45701,0.384615,0,2,24,1,28,1,253,4,0,0.797937
218.438,7.70625,0.4,211.106,7.05,0.325,0,1,14,1,23,1,223,4,0,0.0947417
237.176,7.17647,0.289593,230.633,7.45701,0.384615,24,21,23,0,39,0,0,0,8,7.25856
237.176,7.17647,0.289593,230.633,7.45701,0.384615,0,0,28,0,22,2,205,4,0,0.475843
222.621,7.38389,0.393365,235.517,7.54976,0.336493,20,36,17,0,24,0,0,4,10,9.28269
237.176,7.17647,0.289593,230.633,7.45701,0.384615,0,0,28,0,17,2,0,4,0,0.26756
222.621,7.38389,0.393365,235.517,7.54976,0.336493,0,0,24,0,31,0,130,4,0,0.243943
222.621,7.38389,0.393365,235.517,7.54976,0.336493,10,24,13,2,10,0,0,4,6,5.43791
233.745,7.39674,0.36413,227.951,7.30435,0.353261,23,30,21,1,27,0,0,0,11,8.59458
222.621,7.38389,0.393365,235.517,7.54976,0.336493,20,26,15,0,30,0,226,4,4,7.66421
222.621,7.38389,0.393365,235.517,7.54976,0.336493,0,0,28,0,18,1,192,4,0,0.260249
222.621,7.38389,0.393365,235.517,7.54976,0.336493,0,0,28,0,18,1,192,4,0,0.260249
234.274,7.4,0.373684,232.363,7.33158,0.342105,28,33,25,0,23,0,0,4,20,10.1265
234.274,7.4,0.373684,232.363,7.33158,0.342105,20,28,25,0,23,0,0,4,4,8.13647
212.077,7.5,0.380282,227.704,6.97887,0.316901,0,0,11,2,26,0,115,4,0,-0.0832106
223.373,7.09016,0.344262,227.578,7.47541,0.385246,52,41,23,0,53,0,391,4,12,15.2102
242.378,7.15058,0.339768,244.568,7.12741,0.30888,27,35,20,2,24,0,0,4,15,10.0803
223.373,7.09016,0.344262,227.578,7.47541,0.385246,30,31,29,0,50,0,294,4,10,10.3928
223.373,7.09016,0.344262,227.578,7.47541,0.385246,49,30,29,0,50,0,294,4,11,12.7683
223.373,7.09016,0.344262,227.578,7.47541,0.385246,6,9,54,0,26,1,0,4,6,3.04067
223.373,7.09016,0.344262,227.578,7.47541,0.385246,33,35,54,0,26,1,0,4,15,11.4233
242.378,7.15058,0.339768,244.568,7.12741,0.30888,15,21,23,2,36,0,295,4,3,6.25913
218.438,7.70625,0.4,211.106,7.05,0.325,8,10,36,0,17,1,260,1,2,3.06303
218.438,7.70625,0.4,211.106,7.05,0.325,11,23,36,0,17,1,260,4,11,5.97653
212.077,7.5,0.380282,227.704,6.97887,0.316901,7,17,20,0,16,1,154,4,3,4.24185
218.438,7.70625,0.4,211.106,7.05,0.325,43,37,48,0,15,2,0,4,15,12.6859
223.373,7.09016,0.344262,227.578,7.47541,0.385246,20,26,15,0,26,0,238,4,8,7.83774
242.378,7.15058,0.339768,244.568,7.12741,0.30888,3,6,27,0,30,1,0,4,3,1.82348
237.176,7.17647,0.289593,230.633,7.45701,0.384615,42,35,34,0,36,0,0,4,16,12.5403
219.527,7.65455,0.290909,202.727,7.56364,0.4,21,32,22,1,31,1,297,4,9,8.60456
212.077,7.5,0.380282,227.704,6.97887,0.316901,0,0,15,1,13,1,0,4,0,-0.125453
233.745,7.39674,0.36413,227.951,7.30435,0.353261,10,23,29,0,12,0,163,0,6,5.87295
217.33,7.15909,0.3125,225.278,7.57386,0.380682,7,19,27,0,16,1,53,4,3,4.40523
212.077,7.5,0.380282,227.704,6.97887,0.316901,32,25,27,0,21,0,173,4,12,9.23286
219.527,7.65455,0.290909,202.727,7.56364,0.4,11,28,34,1,4,0,224,3,3,6.51694
219.527,7.65455,0.290909,202.727,7.56364,0.4,0,0,34,1,4,0,224,4,0,-0.0314578
242.378,7.15058,0.339768,244.568,7.12741,0.30888,35,20,27,0,54,0,0,4,17,8.81283
212.077,7.5,0.380282,227.704,6.97887,0.316901,12,20,12,2,22,1,0,4,8,5.02809
234.274,7.4,0.373684,232.363,7.33158,0.342105,25,25,22,1,28,1,0,4,5,8.08755
219.527,7.65455,0.290909,202.727,7.56364,0.4,11,22,24,2,19,1,138,4,3,5.16088
219.527,7.65455,0.290909,202.727,7.56364,0.4,0,0,24,2,19,1,138,4,0,-0.337227
222.621,7.38389,0.393365,235.517,7.54976,0.336493,0,2,20,1,23,1,172,4,0,0.420511
234.274,7.4,0.373684,232.363,7.33158,0.342105,22,24,30,0,18,0,0,4,6,7.71856
233.745,7.39674,0.36413,227.951,7.30435,0.353261,21,28,20,0,17,1,0,4,9,8.15717
233.745,7.39674,0.36413,227.951,7.30435,0.353261,3,11,20,0,17,1,0,0,3,2.44847
223.373,7.09016,0.344262,227.578,7.47541,0.385246,3,12,6,0,21,1,0,4,3,2.59921
242.378,7.15058,0.339768,244.568,7.12741,0.30888,0,6,29,1,40,2,0,4,0,1.32066
223.373,7.09016,0.344262,227.578,7.47541,0.385246,23,31,25,0,26,1,266,4,7,9.25205
218.438,7.70625,0.4,211.106,7.05,0.325,0,0,27,0,23,1,0,1,0,-0.171201
223.373,7.09016,0.344262,227.578,7.47541,0.385246,35,33,36,0,31,0,244,4,7,11.4062
242.378,7.15058,0.339768,244.568,7.12741,0.30888,0,0,31,0,17,0,241,4,0,0.602973
242.378,7.15058,0.339768,244.568,7.12741,0.30888,41,25,18,3,39,1,0,0,13,9.82789
217.33,7.15909,0.3125,225.278,7.57386,0.380682,38,32,27,0,19,2,188,4,10,11.0415
217.33,7.15909,0.3125,225.278,7.57386,0.380682,8,25,11,0,25,0,0,3,4,5.42711
217.33,7.15909,0.3125,225.278,7.57386,0.380682,21,24,37,0,18,2,133,3,13,7.31044
217.33,7.15909,0.3125,225.278,7.57386,0.380682,3,13,21,1,45,0,156,4,3,2.82988
217.33,7.15909,0.3125,225.278,7.57386,0.380682,1,5,18,1,30,1,207,4,1,1.01638
217.33,7.15909,0.3125,225.278,7.57386,0.380682,11,28,19,0,18,0,265,4,3,6.74488
217.33,7.15909,0.3125,225.278,7.57386,0.380682,32,36,27,0,32,0,0,4,10,10.9245
217.33,7.15909,0.3125,225.278,7.57386,0.380682,0,0,22,1,20,0,0,4,0,-0.162625
234.274,7.4,0.373684,232.363,7.33158,0.342105,0,0,11,0,37,1,241,4,0,0.388603
242.378,7.15058,0.339768,244.568,7.12741,0.30888,26,28,23,1,32,0,0,0,8,8.65512
242.378,7.15058,0.339768,244.568,7.12741,0.30888,0,0,23,1,32,0,0,4,0,0.22303
234.274,7.4,0.373684,232.363,7.33158,0.342105,1,1,18,0,38,1,285,4,1,0.83332
239.627,7.69737,0.372807,232.079,7.23246,0.337719,21,31,25,1,8,1,202,4,17,8.9839
223.373,7.09016,0.344262,227.578,7.47541,0.385246,0,0,13,3,19,0,0,4,0,-0.194027
239.627,7.69737,0.372807,232.079,7.23246,0.337719,20,20,28,0,25,1,103,4,4,6.94557
237.176,7.17647,0.289593,230.633,7.45701,0.384615,0,0,26,0,38,0,0,4,0,0.406268
239.627,7.69737,0.372807,232.079,7.23246,0.337719,0,3,10,1,10,2,0,4,0,0.635597
237.176,7.17647,0.289593,230.633,7.45701,0.384615,1,4,17,1,28,1,0,4,1,0.977555
239.627,7.69737,0.372807,232.079,7.23246,0.337719,27,29,26,2,22,0,198,4,5,9.41971
237.176,7.17647,0.289593,230.633,7.45701,0.384615,23,25,27,1,33,0,0,4,11,7.95617
239.627,7.69737,0.372807,232.079,7.23246,0.337719,11,27,14,1,17,1,0,4,7,6.61628
219.527,7.65455,0.290909,202.727,7.56364,0.4,1,3,12,1,14,2,0,4,1,0.117384
218.438,7.70625,0.4,211.106,7.05,0.325,13,17,10,0,29,1,173,1,5,4.66309
218.438,7.70625,0.4,211.106,7.05,0.325,21,32,10,0,29,1,173,4,11,8.61496
242.378,7.15058,0.339768,244.568,7.12741,0.30888,0,3,20,0,10,2,0,4,0,0.676988
212.077,7.5,0.380282,227.704,6.97887,0.316901,38,29,24,0,44,0,278,4,14,10.9079
242.378,7.15058,0.339768,244.568,7.12741,0.30888,0,2,18,0,26,2,240,4,0,0.747168
223.373,7.09016,0.344262,227.578,7.47541,0.385246,35,25,32,0,40,0,111,4,13,9.80228
223.373,7.09016,0.344262,227.578,7.47541,0.385246,0,0,32,0,40,0,111,4,0,0.525129
242.378,7.15058,0.339768,244.568,7.12741,0.30888,10,18,19,1,23,1,0,4,6,4.73229
223.373,7.09016,0.344262,227.578,7.47541,0.385246,13,23,23,0,25,1,265,4,5,6.41705
223.373,7.09016,0.344262,227.578,7.47541,0.385246,0,0,23,0,25,1,265,1,0,0.331233
212.077,7.5,0.380282,227.704,6.97887,0.316901,2,12,8,1,17,1,0,4,2,2.26483
223.373,7.09016,0.344262,227.578,7.47541,0.385246,5,6,28,0,19,2,0,4,1,1.97995
218.438,7.70625,0.4,211.106,7.05,0.325,24,27,34,1,21,0,0,4,4,8.14261
218.438,7.70625,0.4,211.106,7.05,0.325,0,0,34,1,21,0,0,4,0,-0.0187458
242.378,7.15058,0.339768,244.568,7.12741,0.30888,0,0,25,0,18,1,144,4,0,0.39667
223.373,7.09016,0.344262,227.578,7.47541,0.385246,25,25,48,0,33,0,0,4,7,8.51908
218.438,7.70625,0.4,211.106,7.05,0.325,27,30,37,1,24,0,169,4,11,9.29798
222.621,7.38389,0.393365,235.517,7.54976,0.336493,11,26,19,0,16,0,0,4,3,6.24299
242.378,7.15058,0.339768,244.568,7.12741,0.30888,30,29,10,0,30,0,248,4,18,9.73668
242.378,7.15058,0.339768,244.568,7.12741,0.30888,10,33,10,0,30,0,248,0,6,7.59322
242.378,7.15058,0.339768,244.568,7.12741,0.30888,0,0,21,0,21,3,80,4,0,0.204036
223.373,7.09016,0.344262,227.578,7.47541,0.385246,0,0,18,2,19,1,0,4,0,-0.0747595
242.378,7.15058,0.339768,244.568,7.12741,0.30888,36,30,25,1,24,1,0,0,8,10.3172
242.378,7.15058,0.339768,244.568,7.12741,0.30888,0,0,25,1,24,1,0,0,0,-0.0075469
223.373,7.09016,0.344262,227.578,7.47541,0.385246,30,24,14,0,30,0,0,4,10,8.59679
234.274,7.4,0.373684,232.363,7.33158,0.342105,28,23,25,0,27,1,193,4,14,8.44696
222.621,7.38389,0.393365,235.517,7.54976,0.336493,12,31,9,0,11,2,208,4,8,7.25608
234.274,7.4,0.373684,232.363,7.33158,0.342105,10,9,23,0,26,1,0,4,2,3.2593
222.621,7.38389,0.393365,235.517,7.54976,0.336493,28,29,26,0,36,0,248,4,12,9.45947
222.621,7.38389,0.393365,235.517,7.54976,0.336493,0,0,26,0,36,0,248,4,0,0.394381
212.077,7.5,0.380282,227.704,6.97887,0.316901,0,0,30,0,25,0,267,1,0,0.360348
234.274,7.4,0.373684,232.363,7.33158,0.342105,34,34,24,0,43,0,267,4,12,11.4198
234.274,7.4,0.373684,232.363,7.33158,0.342105,0,0,26,1,30,0,0,4,0,0.258055
242.378,7.15058,0.339768,244.568,7.12741,0.30888,11,27,19,2,15,0,141,4,7,6.55677
242.378,7.15058,0.339768,244.568,7.12741,0.30888,15,21,19,2,15,0,141,4,11,5.99974
234.274,7.4,0.373684,232.363,7.33158,0.342105,0,0,23,1,31,0,184,4,0,0.398199
234.274,7.4,0.373684,232.363,7.33158,0.342105,5,4,23,0,16,1,0,4,1,1.64096
234.274,7.4,0.373684,232.363,7.33158,0.342105,18,38,23,0,16,1,0,4,10,9.59949
234.274,7.4,0.373684,232.363,7.33158,0.342105,0,0,9,0,43,0,0,4,0,0.205672
242.378,7.15058,0.339768,244.568,7.12741,0.30888,32,29,23,1,29,2,224,4,12,9.93216
217.33,7.15909,0.3125,225.278,7.57386,0.380682,28,30,10,0,30,1,0,4,6,9.03489
223.373,7.09016,0.344262,227.578,7.47541,0.385246,2,8,22,0,27,1,0,4,2,1.94325
223.373,7.09016,0.344262,227.578,7.47541,0.385246,17,25,22,0,27,1,0,4,9,7.06692
217.33,7.15909,0.3125,225.278,7.57386,0.380682,26,28,17,2,17,0,237,4,10,8.49644
242.378,7.15058,0.339768,244.568,7.12741,0.30888,3,8,24,0,31,1,0,4,3,2.15632
242.378,7.15058,0.339768,244.568,7.12741,0.30888,23,22,24,0,31,1,0,4,7,7.40538
233.745,7.39674,0.36413,227.951,7.30435,0.353261,16,26,21,1,18,0,0,4,4,7.07391
242.378,7.15058,0.339768,244.568,7.12741,0.30888,39,34,18,0,34,0,252,4,11,11.9729
242.378,7.15058,0.339768,244.568,7.12741,0.30888,15,30,29,0,37,0,220,1,7,7.9855
222.621,7.38389,0.393365,235.517,7.54976,0.336493,0,2,10,1,17,2,0,4,0,0.07393
222.621,7.38389,0.393365,235.517,7.54976,0.336493,6,5,24,0,28,1,261,4,2,2.03048
233.745,7.39674,0.36413,227.951,7.30435,0.353261,19,27,19,1,47,0,0,4,7,7.73001
237.176,7.17647,0.289593,230.633,7.45701,0.384615,25,30,34,0,16,0,234,4,11,9.4935
237.176,7.17647,0.289593,230.633,7.45701,0.384615,0,0,34,0,16,0,234,4,0,0.649728
237.176,7.17647,0.289593,230.633,7.45701,0.384615,2,4,17,0,15,2,0,4,2,1.13033
223.373,7.09016,0.344262,227.578,7.47541,0.385246,40,35,29,1,31,0,225,4,12,12.2364
223.373,7.09016,0.344262,227.578,7.47541,0.385246,17,19,29,1,31,0,225,4,5,6.21821
223.373,7.09016,0.344262,227.578,7.47541,0.385246,7,19,9,3,17,1,0,4,3,4.11645
237.176,7.17647,0.289593,230.633,7.45701,0.384615,44,36,37,0,30,0,168,4,8,13.1659
237.176,7.17647,0.289593,230.633,7.45701,0.384615,0,0,27,0,36,0,0,4,0,0.411691
223.373,7.09016,0.344262,227.578,7.47541,0.385246,12,23,22,2,12,1,240,4,8,5.9905
237.176,7.17647,0.289593,230.633,7.45701,0.384615,31,21,54,0,47,1,185,4,19,8.90154
242.378,7.15058,0.339768,244.568,7.12741,0.30888,0,0,5,1,15,2,0,4,0,-0.139995
237.176,7.17647,0.289593,230.633,7.45701,0.384615,15,16,29,1,29,0,239,4,5,5.47063
218.438,7.70625,0.4,211.106,7.05,0.325,20,27,25,2,34,1,0,4,8,7.38434
237.176,7.17647,0.289593,230.633,7.45701,0.384615,1,4,11,0,21,1,0,4,1,0.991266
218.438,7.70625,0.4,211.106,7.05,0.325,22,29,20,0,21,0,191,4,14,8.35896
218.438,7.70625,0.4,211.106,7.05,0.325,0,0,20,0,21,0,191,1,0,-0.0341618
212.077,7.5,0.380282,227.704,6.97887,0.316901,0,0,20,1,25,1,0,4,0,-0.0275394
218.438,7.70625,0.4,211.106,7.05,0.325,9,12,23,0,22,1,189,1,5,3.35821
212.077,7.5,0.380282,227.704,6.97887,0.316901,0,9,19,1,6,2,158,4,0,1.64353
212.077,7.5,0.380282,227.704,6.97887,0.316901,0,0,19,1,6,2,158,4,0,0.000163705
212.077,7.5,0.380282,227.704,6.97887,0.316901,0,0,19,1,6,2,158,3,0,-0.0451181
217.33,7.15909,0.3125,225.278,7.57386,0.380682,18,23,19,0,26,1,0,4,10,6.50423
222.621,7.38389,0.393365,235.517,7.54976,0.336493,9,31,14,3,21,0,165,4,9,6.676
217.33,7.15909,0.3125,225.278,7.57386,0.380682,22,27,17,0,20,0,118,4,10,7.88818
242.378,7.15058,0.339768,244.568,7.12741,0.30888,1,11,13,0,15,2,218,3,1,2.36457
217.33,7.15909,0.3125,225.278,7.57386,0.380682,27,30,9,2,24,0,0,4,13,8.70173
239.627,7.69737,0.372807,232.079,7.23246,0.337719,33,25,24,1,49,0,0,4,9,9.48207
218.438,7.70625,0.4,211.106,7.05,0.325,4,36,13,1,8,0,0,4,4,6.80237
239.627,7.69737,0.372807,232.079,7.23246,0.337719,0,3,33,0,34,1,231,4,0,1.35698
239.627,7.69737,0.372807,232.079,7.23246,0.337719,0,0,55,0,43,0,0,4,0,0.929922
234.274,7.4,0.373684,232.363,7.33158,0.342105,10,24,16,1,26,0,0,4,6,5.85525
223.373,7.09016,0.344262,227.578,7.47541,0.385246,18,28,7,1,14,1,0,4,10,7.42222
234.274,7.4,0.373684,232.363,7.33158,0.342105,28,26,20,0,28,0,234,4,8,9.02454
234.274,7.4,0.373684,232.363,7.33158,0.342105,20,34,20,0,28,0,234,4,12,9.40822
234.274,7.4,0.373684,232.363,7.33158,0.342105,15,22,13,1,26,1,176,4,11,6.24524
223.373,7.09016,0.344262,227.578,7.47541,0.385246,20,17,30,1,36,0,288,4,10,6.34393
234.274,7.4,0.373684,232.363,7.33158,0.342105,5,20,14,1,18,0,0,4,5,4.40222
223.373,7.09016,0.344262,227.578,7.47541,0.385246,4,2,31,0,24,1,0,4,0,1.21403
239.627,7.69737,0.372807,232.079,7.23246,0.337719,48,39,31,0,29,1,190,4,10,14.3147
239.627,7.69737,0.372807,232.079,7.23246,0.337719,0,3,31,0,29,1,190,4,0,1.27874
223.373,7.09016,0.344262,227.578,7.47541,0.385246,1,8,27,0,11,1,0,4,1,1.81642
239.627,7.69737,0.372807,232.079,7.23246,0.337719,9,16,11,1,23,1,189,4,1,4.49938
223.373,7.09016,0.344262,227.578,7.47541,0.385246,5,11,19,0,17,2,0,4,5,2.77976
242.378,7.15058,0.339768,244.568,7.12741,0.30888,19,18,13,2,36,0,145,4,11,5.99066
223.373,7.09016,0.344262,227.578,7.47541,0.385246,9,16,20,1,22,0,0,4,5,4.24669
239.627,7.69737,0.372807,232.079,7.23246,0.337719,12,18,25,2,23,1,0,4,8,5.14992
223.373,7.09016,0.344262,227.578,7.47541,0.385246,13,26,15,1,15,1,0,4,9,6.48195
242.378,7.15058,0.339768,244.568,7.12741,0.30888,8,13,20,0,21,1,229,4,4,3.87755
242.378,7.15058,0.339768,244.568,7.12741,0.30888,0,0,20,0,21,1,229,4,0,0.426716
223.373,7.09016,0.344262,227.578,7.47541,0.385246,22,26,38,0,25,0,143,4,18,8.2875
223.373,7.09016,0.344262,227.578,7.47541,0.385246,41,36,38,0,25,0,143,4,19,12.6715
239.627,7.69737,0.372807,232.079,7.23246,0.337719,29,32,15,0,29,0,0,4,11,10.158
239.627,7.69737,0.372807,232.079,7.23246,0.337719,0,0,15,0,29,0,0,4,0,0.410491
242.378,7.15058,0.339768,244.568,7.12741,0.30888,0,0,13,2,17,1,163,4,0,0.0541635
239.627,7.69737,0.372807,232.079,7.23246,0.337719,11,12,21,1,20,1,0,4,1,3.97001
223.373,7.09016,0.344262,227.578,7.47541,0.385246,0,0,30,0,30,1,269,4,0,0.569935
239.627,7.69737,0.372807,232.079,7.23246,0.337719,3,13,9,1,27,1,0,4,3,2.95574
242.378,7.15058,0.339768,244.568,7.12741,0.30888,11,26,8,1,34,1,143,4,3,6.36671
223.373,7.09016,0.344262,227.578,7.47541,0.385246,0,0,20,0,19,0,0,4,0,0.211171
242.378,7.15058,0.339768,244.568,7.12741,0.30888,22,13,48,0,47,2,306,4,6,6.20295
239.627,7.69737,0.372807,232.079,7.23246,0.337719,5,18,24,3,9,0,214,4,1,4.29122
223.373,7.09016,0.344262,227.578,7.47541,0.385246,34,41,29,0,30,0,255,4,14,12.6564
212.077,7.5,0.380282,227.704,6.97887,0.316901,4,15,10,1,13,2,156,4,4,3.19156
212.077,7.5,0.380282,227.704,6.97887,0.316901,5,23,11,2,9,1,220,3,5,4.7407
233.745,7.39674,0.36413,227.951,7.30435,0.353261,19,31,17,0,27,1,0,4,7,8.43229
234.274,7.4,0.373684,232.363,7.33158,0.342105,21,27,20,0,35,0,203,1,9,8.1223
237.176,7.17647,0.289593,230.633,7.45701,0.384615,9,15,19,2,24,1,0,4,5,3.96665
242.378,7.15058,0.339768,244.568,7.12741,0.30888,16,21,13,1,37,1,223,4,4,6.27086
237.176,7.17647,0.289593,230.633,7.45701,0.384615,0,0,16,1,21,0,0,4,0,0.125573
242.378,7.15058,0.339768,244.568,7.12741,0.30888,27,32,23,0,30,0,284,4,15,10.0685
237.176,7.17647,0.289593,230.633,7.45701,0.384615,12,14,24,0,37,2,0,4,4,4.45646
237.176,7.17647,0.289593,230.633,7.45701,0.384615,34,33,29,0,32,0,168,4,12,11.1833
218.438,7.70625,0.4,211.106,7.05,0.325,1,7,19,1,9,2,0,1,1,0.946861
218.438,7.70625,0.4,211.106,7.05,0.325,4,8,19,1,9,2,0,4,0,1.66921
218.438,7.70625,0.4,211.106,7.05,0.325,0,0,18,0,17,0,240,1,0,-0.024814
212.077,7.5,0.380282,227.704,6.97887,0.316901,26,35,19,0,25,1,0,4,10,9.95939
212.077,7.5,0.380282,227.704,6.97887,0.316901,30,32,18,1,25,0,156,1,2,9.88872
222.621,7.38389,0.393365,235.517,7.54976,0.336493,0,0,17,1,24,0,0,4,0,-0.0908715
212.077,7.5,0.380282,227.704,6.97887,0.316901,5,27,10,1,7,0,0,1,5,5.31079
222.621,7.38389,0.393365,235.517,7.54976,0.336493,8,11,33,0,25,1,0,4,0,3.24771
223.373,7.09016,0.344262,227.578,7.47541,0.385246,0,0,23,0,20,0,0,4,0,0.249968
223.373,7.09016,0.344262,227.578,7.47541,0.385246,12,22,27,1,13,1,165,4,4,5.9075
222.621,7.38389,0.393365,235.517,7.54976,0.336493,0,1,18,2,20,2,117,4,0,-0.00183959
222.621,7.38389,0.393365,235.517,7.54976,0.336493,0,8,24,1,20,2,0,4,0,1.34519
222.621,7.38389,0.393365,235.517,7.54976,0.336493,26,33,15,1,31,0,0,4,14,9.43413
218.438,7.70625,0.4,211.106,7.05,0.325,13,29,16,0,16,0,243,1,9,6.99661
217.33,7.15909,0.3125,225.278,7.57386,0.380682,4,12,7,0,23,1,0,4,4,2.4588
217.33,7.15909,0.3125,225.278,7.57386,0.380682,0,0,7,0,23,1,0,1,0,-0.406738
217.33,7.15909,0.3125,225.278,7.57386,0.380682,0,0,8,0,40,0,0,1,0,-0.292748
239.627,7.69737,0.372807,232.079,7.23246,0.337719,5,19,14,1,28,0,0,4,5,4.43052
237.176,7.17647,0.289593,230.633,7.45701,0.384615,7,12,25,0,20,1,236,4,3,3.64392
239.627,7.69737,0.372807,232.079,7.23246,0.337719,6,27,6,0,9,2,0,4,6,5.88245
237.176,7.17647,0.289593,230.633,7.45701,0.384615,27,41,21,0,19,0,196,4,11,11.5912
239.627,7.69737,0.372807,232.079,7.23246,0.337719,8,31,8,0,32,0,0,1,8,6.93885
237.176,7.17647,0.289593,230.633,7.45701,0.384615,10,28,15,1,28,0,205,4,2,6.78748
234.274,7.4,0.373684,232.363,7.33158,0.342105,17,19,13,3,28,0,178,4,13,5.80767
218.438,7.70625,0.4,211.106,7.05,0.325,29,30,13,0,30,0,235,1,7,9.33535
242.378,7.15058,0.339768,244.568,7.12741,0.30888,13,16,15,0,26,1,0,4,9,4.84062
223.373,7.09016,0.344262,227.578,7.47541,0.385246,11,18,31,1,33,0,247,4,7,5.27858
222.621,7.38389,0.393365,235.517,7.54976,0.336493,0,0,11,0,20,1,185,4,0,0.058512
242.378,7.15058,0.339768,244.568,7.12741,0.30888,26,36,17,0,30,1,0,4,6,10.2794
218.438,7.70625,0.4,211.106,7.05,0.325,23,31,15,1,23,0,282,4,11,8.78384
217.33,7.15909,0.3125,225.278,7.57386,0.380682,0,0,18,1,30,2,0,3,0,-0.318012
217.33,7.15909,0.3125,225.278,7.57386,0.380682,16,24,7,1,22,0,0,4,8,6.2024
217.33,7.15909,0.3125,225.278,7.57386,0.380682,0,0,7,1,22,0,0,4,0,-0.334081
217.33,7.15909,0.3125,225.278,7.57386,0.380682,1,2,38,1,25,1,262,3,1,0.695971
218.438,7.70625,0.4,211.106,7.05,0.325,0,0,1,1,19,1,0,4,0,-0.463968
222.621,7.38389,0.393365,235.517,7.54976,0.336493,9,37,13,1,9,0,0,4,1,7.7812
239.627,7.69737,0.372807,232.079,7.23246,0.337719,0,5,23,0,25,1,0,4,0,1.35805
239.627,7.69737,0.372807,232.079,7.23246,0.337719,2,9,16,0,18,2,0,4,2,2.20474
239.627,7.69737,0.372807,232.079,7.23246,0.337719,0,0,16,0,18,2,0,4,0,0.292104
239.627,7.69737,0.372807,232.079,7.23246,0.337719,26,35,33,0,5,2,0,4,6,10.3433
239.627,7.69737,0.372807,232.079,7.23246,0.337719,0,0,33,0,5,2,0,4,0,0.45188
239.627,7.69737,0.372807,232.079,7.23246,0.337719,0,0,33,0,5,2,0,4,0,0.45188
217.33,7.15909,0.3125,225.278,7.57386,0.380682,31,34,18,0,26,1,208,4,7,10.4462
217.33,7.15909,0.3125,225.278,7.57386,0.380682,10,32,20,0,31,0,0,4,6,7.14588
217.33,7.15909,0.3125,225.278,7.57386,0.380682,0,0,5,2,19,0,245,4,0,-0.245153
233.745,7.39674,0.36413,227.951,7.30435,0.353261,0,1,12,1,20,2,0,1,0,0.02384
233.745,7.39674,0.36413,227.951,7.30435,0.353261,0,0,24,0,32,1,0,4,0,0.312837
217.33,7.15909,0.3125,225.278,7.57386,0.380682,13,22,22,1,17,1,157,1,5,5.55902
233.745,7.39674,0.36413,227.951,7.30435,0.353261,9,10,34,1,20,1,217,4,1,3.52655
233.745,7.39674,0.36413,227.951,7.30435,0.353261,0,0,34,1,20,1,217,4,0,0.488865
217.33,7.15909,0.3125,225.278,7.57386,0.380682,10,7,20,1,20,2,0,4,6,2.34334
223.373,7.09016,0.344262,227.578,7.47541,0.385246,1,23,7,1,2,2,0,4,1,4.13439
222.621,7.38389,0.393365,235.517,7.54976,0.336493,12,32,15,1,5,1,114,4,0,7.34242
223.373,7.09016,0.344262,227.578,7.47541,0.385246,8,10,23,0,26,1,0,4,4,3.1249
222.621,7.38389,0.393365,235.517,7.54976,0.336493,0,0,26,0,22,0,203,4,0,0.307139
222.621,7.38389,0.393365,235.517,7.54976,0.336493,34,32,26,0,22,0,203,4,6,10.7278
222.621,7.38389,0.393365,235.517,7.54976,0.336493,10,29,13,1,12,0,177,4,2,6.63066
222.621,7.38389,0.393365,235.517,7.54976,0.336493,4,9,18,0,20,1,0,4,0,2.14999
222.621,7.38389,0.393365,235.517,7.54976,0.336493,28,38,18,0,20,1,0,4,8,10.6765
242.378,7.15058,0.339768,244.568,7.12741,0.30888,5,7,28,1,12,3,0,4,1,2.02704
223.373,7.09016,0.344262,227.578,7.47541,0.385246,32,29,17,0,43,0,116,4,20,9.96521
223.373,7.09016,0.344262,227.578,7.47541,0.385246,14,16,14,2,17,1,0,4,6,4.6778
242.378,7.15058,0.339768,244.568,7.12741,0.30888,15,30,24,1,28,0,274,4,7,7.97632
223.373,7.09016,0.344262,227.578,7.47541,0.385246,25,30,18,0,23,0,0,4,1,9.0441
242.378,7.15058,0.339768,244.568,7.12741,0.30888,0,4,23,1,25,1,246,4,0,1.1141
242.378,7.15058,0.339768,244.568,7.12741,0.30888,0,0,25,0,23,1,0,4,0,0.277756
242.378,7.15058,0.339768,244.568,7.12741,0.30888,0,0,13,2,20,1,0,4,0,-0.0889993
237.176,7.17647,0.289593,230.633,7.45701,0.384615,0,0,21,0,22,0,0,4,0,0.295482
237.176,7.17647,0.289593,230.633,7.45701,0.384615,0,0,21,0,22,0,0,4,0,0.295482
233.745,7.39674,0.36413,227.951,7.30435,0.353261,19,36,12,1,21,0,0,4,11,9.20669
237.176,7.17647,0.289593,230.633,7.45701,0.384615,0,0,17,1,8,2,266,4,0,0.250132
239.627,7.69737,0.372807,232.079,7.23246,0.337719,10,18,11,2,16,0,0,4,6,4.73952
237.176,7.17647,0.289593,230.633,7.45701,0.384615,26,41,22,1,13,0,236,1,10,11.2434
237.176,7.17647,0.289593,230.633,7.45701,0.384615,0,0,22,1,13,0,236,4,0,0.392242
237.176,7.17647,0.289593,230.633,7.45701,0.384615,13,15,12,0,25,1,172,4,5,4.80144
242.378,7.15058,0.339768,244.568,7.12741,0.30888,18,32,19,0,17,0,167,4,0,8.6578
237.176,7.17647,0.289593,230.633,7.45701,0.384615,1,7,27,1,16,3,120,4,1,1.62298
234.274,7.4,0.373684,232.363,7.33158,0.342105,0,0,19,1,5,1,0,4,0,0.0471635
233.745,7.39674,0.36413,227.951,7.30435,0.353261,0,4,13,0,12,2,0,4,0,0.800982
234.274,7.4,0.373684,232.363,7.33158,0.342105,26,32,17,0,36,0,255,4,10,9.86069
222.621,7.38389,0.393365,235.517,7.54976,0.336493,23,35,19,0,21,1,184,4,9,9.64315
222.621,7.38389,0.393365,235.517,7.54976,0.336493,7,6,19,0,21,1,184,4,3,2.19369
222.621,7.38389,0.393365,235.517,7.54976,0.336493,0,0,19,0,21,1,184,4,0,0.155668
234.274,7.4,0.373684,232.363,7.33158,0.342105,10,31,9,1,15,0,0,4,2,7.01501
222.621,7.38389,0.393365,235.517,7.54976,0.336493,11,33,16,1,11,1,219,4,7,7.51999
222.621,7.38389,0.393365,235.517,7.54976,0.336493,0,5,15,1,14,1,0,4,0,0.718785
237.176,7.17647,0.289593,230.633,7.45701,0.384615,5,13,18,1,15,0,0,4,1,3.17691
237.176,7.17647,0.289593,230.633,7.45701,0.384615,18,24,16,0,28,0,267,4,2,7.31156
233.745,7.39674,0.36413,227.951,7.30435,0.353261,4,10,10,1,5,2,0,4,0,2.2696
237.176,7.17647,0.289593,230.633,7.45701,0.384615,3,13,30,0,17,1,182,4,3,3.28699
239.627,7.69737,0.372807,232.079,7.23246,0.337719,0,0,16,0,34,0,0,4,0,0.438441
223.373,7.09016,0.344262,227.578,7.47541,0.385246,15,25,13,1,16,1,186,4,7,6.7225
239.627,7.69737,0.372807,232.079,7.23246,0.337719,3,7,9,1,10,1,0,4,3,1.80545
239.627,7.69737,0.372807,232.079,7.23246,0.337719,0,0,12,1,11,3,0,0,0,-0.113805
223.373,7.09016,0.344262,227.578,7.47541,0.385246,0,0,11,1,18,1,71,4,0,0.0129646
223.373,7.09016,0.344262,227.578,7.47541,0.385246,35,33,24,0,21,0,197,4,11,11.1877
223.373,7.09016,0.344262,227.578,7.47541,0.385246,0,0,24,0,21,0,197,4,0,0.449738
239.627,7.69737,0.372807,232.079,7.23246,0.337719,0,0,18,1,16,1,0,4,0,0.249417
239.627,7.69737,0.372807,232.079,7.23246,0.337719,25,28,19,0,39,0,0,4,5,8.96869
237.176,7.17647,0.289593,230.633,7.45701,0.384615,29,35,25,0,25,0,0,4,17,10.6479
223.373,7.09016,0.344262,227.578,7.47541,0.385246,11,27,22,1,13,3,0,4,7,6.377
234.274,7.4,0.373684,232.363,7.33158,0.342105,17,27,14,0,20,0,0,4,5,7.40986
234.274,7.4,0.373684,232.363,7.33158,0.342105,17,34,14,0,20,0,0,4,9,8.68803
217.33,7.15909,0.3125,225.278,7.57386,0.380682,7,17,24,1,30,0,0,4,3,3.93986
242.378,7.15058,0.339768,244.568,7.12741,0.30888,37,33,21,0,34,0,100,4,25,11.4141
233.745,7.39674,0.36413,227.951,7.30435,0.353261,4,11,14,2,23,1,144,0,4,2.45147
239.627,7.69737,0.372807,232.079,7.23246,0.337719,6,13,35,1,25,3,205,4,6,3.7589
233.745,7.39674,0.36413,227.951,7.30435,0.353261,8,20,11,1,17,0,0,4,4,4.77943
233.745,7.39674,0.36413,227.951,7.30435,0.353261,0,0,11,1,17,0,0,4,0,0.0504238
223.373,7.09016,0.344262,227.578,7.47541,0.385246,33,32,26,1,25,0,187,4,9,10.6556
233.745,7.39674,0.36413,227.951,7.30435,0.353261,7,14,13,0,18,1,0,0,3,3.455
218.438,7.70625,0.4,211.106,7.05,0.325,29,30,18,0,27,0,194,4,7,9.4824
218.438,7.70625,0.4,211.106,7.05,0.325,4,7,13,1,19,1,0,4,4,1.49506
218.438,7.70625,0.4,211.106,7.05,0.325,17,33,13,1,19,1,0,4,5,7.99282
218.438,7.70625,0.4,211.106,7.05,0.325,25,38,13,0,28,0,0,4,13,10.1667
218.438,7.70625,0.4,211.106,7.05,0.325,0,0,13,0,28,0,0,4,0,-0.137874
217.33,7.15909,0.3125,225.278,7.57386,0.380682,5,13,13,0,21,1,0,4,5,2.84076
242.378,7.15058,0.339768,244.568,7.12741,0.30888,0,0,21,0,13,1,148,4,0,0.336892
212.077,7.5,0.380282,227.704,6.97887,0.316901,6,17,18,1,10,2,160,4,2,3.915
212.077,7.5,0.380282,227.704,6.97887,0.316901,0,1,18,1,10,2,160,4,0,0.185647
217.33,7.15909,0.3125,225.278,7.57386,0.380682,5,31,12,0,30,0,189,4,5,6.3692
223.373,7.09016,0.344262,227.578,7.47541,0.385246,5,15,16,2,10,1,0,4,5,3.28468
223.373,7.09016,0.344262,227.578,7.47541,0.385246,1,10,15,0,7,1,0,4,1,2.02643
222.621,7.38389,0.393365,235.517,7.54976,0.336493,8,29,6,0,17,0,0,4,8,6.23591
219.527,7.65455,0.290909,202.727,7.56364,0.4,0,0,23,0,25,0,261,4,0,0.0477494
219.527,7.65455,0.290909,202.727,7.56364,0.4,4,20,12,2,7,0,0,4,4,3.59035
218.438,7.70625,0.4,211.106,7.05,0.325,0,4,19,0,31,1,0,1,0,0.490051
218.438,7.70625,0.4,211.106,7.05,0.325,37,37,19,0,31,1,0,4,13,11.6331
223.373,7.09016,0.344262,227.578,7.47541,0.385246,46,30,57,0,28,0,222,4,14,12.5582
223.373,7.09016,0.344262,227.578,7.47541,0.385246,34,33,36,0,27,0,0,0,8,10.8488
218.438,7.70625,0.4,211.106,7.05,0.325,29,31,27,0,23,0,159,4,13,9.72605
218.438,7.70625,0.4,211.106,7.05,0.325,21,31,27,0,23,0,159,1,5,8.51312
212.077,7.5,0.380282,227.704,6.97887,0.316901,22,29,18,2,29,0,138,4,10,8.28829
212.077,7.5,0.380282,227.704,6.97887,0.316901,12,17,30,1,33,0,242,4,4,5.11087
223.373,7.09016,0.344262,227.578,7.47541,0.385246,12,21,19,1,22,0,0,4,6,5.55172
234.274,7.4,0.373684,232.363,7.33158,0.342105,22,22,18,1,38,1,128,4,10,7.2406
234.274,7.4,0.373684,232.363,7.33158,0.342105,0,0,18,1,38,1,128,4,0,0.261503
234.274,7.4,0.373684,232.363,7.33158,0.342105,0,0,14,1,18,0,0,4,0,0.0771248
239.627,7.69737,0.372807,232.079,7.23246,0.337719,40,40,27,0,36,1,234,4,14,13.4366
237.176,7.17647,0.289593,230.633,7.45701,0.384615,25,23,20,0,47,0,0,4,9,7.92968
239.627,7.69737,0.372807,232.079,7.23246,0.337719,3,14,11,1,16,1,0,4,3,3.12665
239.627,7.69737,0.372807,232.079,7.23246,0.337719,0,0,11,1,16,1,0,4,0,0.166401
217.33,7.15909,0.3125,225.278,7.57386,0.380682,0,0,20,1,17,2,0,4,0,-0.290846
217.33,7.15909,0.3125,225.278,7.57386,0.380682,1,10,32,2,12,2,265,4,1,1.93702
217.33,7.15909,0.3125,225.278,7.57386,0.380682,1,2,32,2,12,2,265,1,1,0.340411
242.378,7.15058,0.339768,244.568,7.12741,0.30888,9,11,18,0,19,1,224,4,5,3.61215
212.077,7.5,0.380282,227.704,6.97887,0.316901,20,34,24,0,12,0,217,4,8,9.23731
242.378,7.15058,0.339768,244.568,7.12741,0.30888,8,20,24,0,23,1,179,4,4,5.16272
242.378,7.15058,0.339768,244.568,7.12741,0.30888,0,0,24,0,23,1,179,4,0,0.433714
212.077,7.5,0.380282,227.704,6.97887,0.316901,0,0,9,0,21,1,0,1,0,-0.199317
212.077,7.5,0.380282,227.704,6.97887,0.316901,0,0,18,1,5,1,0,4,0,-0.115619
222.621,7.38389,0.393365,235.517,7.54976,0.336493,4,12,10,1,6,3,0,4,4,2.35561
222.621,7.38389,0.393365,235.517,7.54976,0.336493,0,6,10,1,6,3,0,4,0,0.721492
222.621,7.38389,0.393365,235.517,7.54976,0.336493,0,0,0,0,27,0,182,4,0,-0.0048042
222.621,7.38389,0.393365,235.517,7.54976,0.336493,0,0,14,0,13,0,0,4,0,-0.0544543
217.33,7.15909,0.3125,225.278,7.57386,0.380682,6,20,17,2,11,0,215,4,2,4.30303
217.33,7.15909,0.3125,225.278,7.57386,0.380682,0,0,16,0,15,1,0,4,0,-0.189902
217.33,7.15909,0.3125,225.278,7.57386,0.380682,15,35,13,0,15,1,0,4,11,8.18492
239.627,7.69737,0.372807,232.079,7.23246,0.337719,17,27,11,0,36,0,0,4,3,7.60448
239.627,7.69737,0.372807,232.079,7.23246,0.337719,14,28,21,0,23,0,0,4,10,7.45993
242.378,7.15058,0.339768,244.568,7.12741,0.30888,0,0,22,1,30,1,0,4,0,0.15731
239.627,7.69737,0.372807,232.079,7.23246,0.337719,11,17,12,0,31,1,0,4,3,4.91905
239.627,7.69737,0.372807,232.079,7.23246,0.337719,0,0,12,0,31,1,0,4,0,0.333925
242.378,7.15058,0.339768,244.568,7.12741,0.30888,25,37,21,0,29,0,336,4,9,10.734
239.627,7.69737,0.372807,232.079,7.23246,0.337719,25,30,16,1,30,0,323,4,5,9.46477
239.627,7.69737,0.372807,232.079,7.23246,0.337719,16,25,16,1,30,0,323,4,12,7.34007
234.274,7.4,0.373684,232.363,7.33158,0.342105,27,29,24,0,27,0,0,4,7,9.26253
242.378,7.15058,0.339768,244.568,7.12741,0.30888,19,22,14,0,21,1,189,4,7,6.89325
242.378,7.15058,0.339768,244.568,7.12741,0.30888,0,0,14,0,21,1,189,4,0,0.318059
234.274,7.4,0.373684,232.363,7.33158,0.342105,0,5,12,1,25,1,0,4,0,0.941488
222.621,7.38389,0.393365,235.517,7.54976,0.336493,21,25,8,1,32,0,0,4,9,7.22039
234.274,7.4,0.373684,232.363,7.33158,0.342105,0,0,25,1,10,0,139,4,0,0.312151
222.621,7.38389,0.393365,235.517,7.54976,0.336493,2,5,35,0,14,2,173,1,2,1.31156
222.621,7.38389,0.393365,235.517,7.54976,0.336493,0,0,35,0,14,2,173,4,0,0.265156
234.274,7.4,0.373684,232.363,7.33158,0.342105,26,30,29,0,16,0,0,4,6,9.33439
234.274,7.4,0.373684,232.363,7.33158,0.342105,0,0,25,1,17,0,0,4,0,0.204361
222.621,7.38389,0.393365,235.517,7.54976,0.336493,1,3,8,2,16,1,141,4,1,0.436446
223.373,7.09016,0.344262,227.578,7.47541,0.385246,0,0,17,0,29,0,223,4,0,0.416842
239.627,7.69737,0.372807,232.079,7.23246,0.337719,0,0,40,0,24,2,0,4,0,0.596039
237.176,7.17647,0.289593,230.633,7.45701,0.384615,1,1,26,1,19,1,216,4,1,0.710045
237.176,7.17647,0.289593,230.633,7.45701,0.384615,0,0,26,1,19,1,216,4,0,0.392813
212.077,7.5,0.380282,227.704,6.97887,0.316901,33,40,23,0,19,1,256,1,5,11.9471
242.378,7.15058,0.339768,244.568,7.12741,0.30888,22,29,20,0,20,1,0,4,8,8.46608
219.527,7.65455,0.290909,202.727,7.56364,0.4,33,32,27,0,24,0,295,0,11,10.2288
237.176,7.17647,0.289593,230.633,7.45701,0.384615,4,14,28,1,9,1,0,4,4,3.27673
237.176,7.17647,0.289593,230.633,7.45701,0.384615,5,15,28,1,9,1,0,1,5,3.45812
233.745,7.39674,0.36413,227.951,7.30435,0.353261,4,3,61,0,48,2,114,4,0,1.94891
222.621,7.38389,0.393365,235.517,7.54976,0.336493,7,19,2,4,21,0,152,4,3,3.95368
242.378,7.15058,0.339768,244.568,7.12741,0.30888,8,13,10,1,26,0,0,4,4,3.50038
234.274,7.4,0.373684,232.363,7.33158,0.342105,5,18,14,1,20,0,171,4,5,4.20379
234.274,7.4,0.373684,232.363,7.33158,0.342105,22,29,14,1,20,0,171,4,14,8.50115
217.33,7.15909,0.3125,225.278,7.57386,0.380682,24,26,19,1,22,0,0,4,12,7.78699
217.33,7.15909,0.3125,225.278,7.57386,0.380682,17,32,19,1,22,0,0,4,5,7.94011
212.077,7.5,0.380282,227.704,6.97887,0.316901,8,19,24,2,19,1,265,4,8,4.68805
239.627,7.69737,0.372807,232.079,7.23246,0.337719,0,0,41,1,19,0,0,4,0,0.579263
237.176,7.17647,0.289593,230.633,7.45701,0.384615,0,0,36,0,15,1,0,4,0,0.403424
212.077,7.5,0.380282,227.704,6.97887,0.316901,9,19,14,1,12,1,197,4,5,4.72521
219.527,7.65455,0.290909,202.727,7.56364,0.4,0,0,25,3,22,1,199,4,0,-0.365918
217.33,7.15909,0.3125,225.278,7.57386,0.380682,0,4,6,1,26,3,0,3,0,0.209762
212.077,7.5,0.380282,227.704,6.97887,0.316901,0,0,17,0,22,2,316,4,0,0.283457
212.077,7.5,0.380282,227.704,6.97887,0.316901,4,5,17,0,22,2,316,1,0,1.59913
237.176,7.17647,0.289593,230.633,7.45701,0.384615,5,7,23,0,25,1,256,4,1,2.47279
242.378,7.15058,0.339768,244.568,7.12741,0.30888,11,17,19,0,12,2,273,4,3,4.96485
222.621,7.38389,0.393365,235.517,7.54976,0.336493,36,33,14,0,47,0,227,4,16,11.1403
223.373,7.09016,0.344262,227.578,7.47541,0.385246,2,25,4,2,28,0,0,4,2,4.66977
218.438,7.70625,0.4,211.106,7.05,0.325,6,13,20,0,20,2,184,4,2,3.17862
239.627,7.69737,0.372807,232.079,7.23246,0.337719,7,9,23,1,32,1,208,4,7,3.14102
233.745,7.39674,0.36413,227.951,7.30435,0.353261,5,5,65,0,17,2,287,4,1,2.55861
242.378,7.15058,0.339768,244.568,7.12741,0.30888,19,30,18,0,33,0,219,4,9,8.51562
242.378,7.15058,0.339768,244.568,7.12741,0.30888,32,31,18,0,33,0,219,4,10,10.4485
233.745,7.39674,0.36413,227.951,7.30435,0.353261,11,26,14,1,11,0,0,4,7,6.29518
233.745,7.39674,0.36413,227.951,7.30435,0.353261,0,0,14,1,11,0,0,4,0,0.066694
239.627,7.69737,0.372807,232.079,7.23246,0.337719,39,36,29,1,23,0,178,4,15,12.441
222.621,7.38389,0.393365,235.517,7.54976,0.336493,18,33,18,1,20,0,0,4,14,8.35723
223.373,7.09016,0.344262,227.578,7.47541,0.385246,14,12,27,2,23,1,0,4,2,4.1209
212.077,7.5,0.380282,227.704,6.97887,0.316901,21,27,14,0,30,0,240,4,5,8.05466
222.621,7.38389,0.393365,235.517,7.54976,0.336493,9,15,15,1,27,0,0,4,5,3.84573
222.621,7.38389,0.393365,235.517,7.54976,0.336493,18,32,13,0,20,0,0,4,10,8.22273
212.077,7.5,0.380282,227.704,6.97887,0.316901,0,0,10,1,26,0,137,4,0,0.0329494
217.33,7.15909,0.3125,225.278,7.57386,0.380682,17,24,19,3,27,0,118,4,11,6.39128
233.745,7.39674,0.36413,227.951,7.30435,0.353261,2,26,14,0,23,0,0,4,2,5.22947
233.745,7.39674,0.36413,227.951,7.30435,0.353261,1,1,28,1,19,2,152,0,1,0.442231
233.745,7.39674,0.36413,227.951,7.30435,0.353261,4,7,24,1,9,1,0,4,4,1.94814
233.745,7.39674,0.36413,227.951,7.30435,0.353261,3,15,24,1,9,1,0,4,3,3.27428
242.378,7.15058,0.339768,244.568,7.12741,0.30888,0,0,25,0,41,1,297,4,0,0.614126
242.378,7.15058,0.339768,244.568,7.12741,0.30888,38,35,25,0,41,1,297,4,10,12.1211
237.176,7.17647,0.289593,230.633,7.45701,0.384615,0,0,20,0,29,0,157,4,0,0.453341
237.176,7.17647,0.289593,230.633,7.45701,0.384615,24,26,10,0,37,0,0,4,12,8.19205
237.176,7.17647,0.289593,230.633,7.45701,0.384615,0,6,16,2,6,1,0,4,0,1.01806
242.378,7.15058,0.339768,244.568,7.12741,0.30888,25,26,20,0,36,0,205,4,5,8.6133
237.176,7.17647,0.289593,230.633,7.45701,0.384615,25,31,24,1,23,1,0,4,9,9.20583
237.176,7.17647,0.289593,230.633,7.45701,0.384615,16,19,21,0,17,1,0,4,4,5.85546
223.373,7.09016,0.344262,227.578,7.47541,0.385246,0,0,16,1,24,1,130,4,0,0.146884
237.176,7.17647,0.289593,230.633,7.45701,0.384615,0,11,22,2,4,2,91,4,0,2.03365
223.373,7.09016,0.344262,227.578,7.47541,0.385246,0,13,25,0,17,1,0,4,0,2.59036
223.373,7.09016,0.344262,227.578,7.47541,0.385246,0,0,26,0,21,2,205,4,0,0.386109
218.438,7.70625,0.4,211.106,7.05,0.325,5,29,14,0,16,0,0,4,5,5.80383
233.745,7.39674,0.36413,227.951,7.30435,0.353261,16,38,12,1,15,0,191,1,8,9.19189
233.745,7.39674,0.36413,227.951,7.30435,0.353261,40,27,34,0,18,0,0,1,8,10.6135
233.745,7.39674,0.36413,227.951,7.30435,0.353261,14,9,23,2,39,1,196,0,4,3.63961
223.373,7.09016,0.344262,227.578,7.47541,0.385246,22,30,28,0,27,0,0,4,10,8.77166
217.33,7.15909,0.3125,225.278,7.57386,0.380682,0,0,21,1,41,0,0,4,0,-0.106906
242.378,7.15058,0.339768,244.568,7.12741,0.30888,0,0,18,1,26,0,0,4,0,0.144424
222.621,7.38389,0.393365,235.517,7.54976,0.336493,17,30,15,0,14,0,0,4,13,7.72731
234.274,7.4,0.373684,232.363,7.33158,0.342105,0,0,20,2,31,0,194,4,0,0.264602
218.438,7.70625,0.4,211.106,7.05,0.325,30,34,6,1,35,0,215,4,6,10.1431
223.373,7.09016,0.344262,227.578,7.47541,0.385246,4,6,16,0,22,1,0,4,0,1.76008
222.621,7.38389,0.393365,235.517,7.54976,0.336493,0,0,20,0,34,1,272,4,0,0.291864
222.621,7.38389,0.393365,235.517,7.54976,0.336493,23,28,22,0,34,0,233,1,5,8.39991
218.438,7.70625,0.4,211.106,7.05,0.325,12,28,19,0,14,0,0,4,4,6.61655
218.438,7.70625,0.4,211.106,7.05,0.325,21,34,19,0,14,0,0,4,7,8.92385
222.621,7.38389,0.393365,235.517,7.54976,0.336493,33,28,22,0,22,0,317,4,13,9.92225
218.438,7.70625,0.4,211.106,7.05,0.325,15,25,16,0,22,0,0,4,7,6.46283
218.438,7.70625,0.4,211.106,7.05,0.325,23,36,16,0,22,0,0,4,7,9.54848
234.274,7.4,0.373684,232.363,7.33158,0.342105,15,12,17,2,35,0,0,4,3,4.2707
217.33,7.15909,0.3125,225.278,7.57386,0.380682,36,36,32,1,24,1,268,1,12,11.4572
222.621,7.38389,0.393365,235.517,7.54976,0.336493,0,0,12,1,29,0,147,4,0,0.00373791
239.627,7.69737,0.372807,232.079,7.23246,0.337719,5,12,29,1,28,1,203,4,1,3.47314
239.627,7.69737,0.372807,232.079,7.23246,0.337719,30,29,25,0,23,0,0,4,10,9.84414
234.274,7.4,0.373684,232.363,7.33158,0.342105,0,0,20,0,21,0,0,4,0,0.26533
223.373,7.09016,0.344262,227.578,7.47541,0.385246,16,24,24,0,32,1,219,4,12,6.99481
234.274,7.4,0.373684,232.363,7.33158,0.342105,42,38,29,0,33,0,0,4,12,13.004
223.373,7.09016,0.344262,227.578,7.47541,0.385246,31,18,47,0,45,1,230,4,7,8.24369
218.438,7.70625,0.4,211.106,7.05,0.325,9,25,15,0,15,0,0,4,9,5.62063
218.438,7.70625,0.4,211.106,7.05,0.325,0,0,11,1,30,2,66,4,0,-0.295522
234.274,7.4,0.373684,232.363,7.33158,0.342105,37,32,29,0,25,1,0,4,17,11.1621
212.077,7.5,0.380282,227.704,6.97887,0.316901,4,10,12,0,11,2,180,4,0,2.42576
212.077,7.5,0.380282,227.704,6.97887,0.316901,16,23,11,1,25,0,144,4,6,6.40203
212.077,7.5,0.380282,227.704,6.97887,0.316901,19,33,11,1,25,0,144,4,3,8.6319
234.274,7.4,0.373684,232.363,7.33158,0.342105,5,13,33,0,18,2,319,4,5,3.661
239.627,7.69737,0.372807,232.079,7.23246,0.337719,0,0,14,1,16,0,0,4,0,0.249403
212.077,7.5,0.380282,227.704,6.97887,0.316901,0,0,9,0,24,0,188,4,0,0.169862
234.274,7.4,0.373684,232.363,7.33158,0.342105,0,3,16,1,15,1,204,4,0,0.782809
239.627,7.69737,0.372807,232.079,7.23246,0.337719,1,5,27,1,22,1,0,4,1,1.42308
222.621,7.38389,0.393365,235.517,7.54976,0.336493,26,30,12,1,22,0,238,4,6,9.04494
222.621,7.38389,0.393365,235.517,7.54976,0.336493,0,0,12,1,22,0,238,4,0,0.0665266
233.745,7.39674,0.36413,227.951,7.30435,0.353261,16,27,29,1,10,0,0,4,8,7.32563
222.621,7.38389,0.393365,235.517,7.54976,0.336493,0,0,11,1,14,1,204,4,0,-0.0503771
233.745,7.39674,0.36413,227.951,7.30435,0.353261,6,8,33,1,33,1,181,4,2,2.75367
237.176,7.17647,0.289593,230.633,7.45701,0.384615,24,28,27,0,37,0,356,0,8,8.91149
233.745,7.39674,0.36413,227.951,7.30435,0.353261,15,14,17,1,41,1,289,4,7,4.99822
233.745,7.39674,0.36413,227.951,7.30435,0.353261,30,36,24,0,37,0,0,4,6,10.9889
233.745,7.39674,0.36413,227.951,7.30435,0.353261,0,0,24,0,37,0,0,4,0,0.376351
237.176,7.17647,0.289593,230.633,7.45701,0.384615,66,36,27,0,67,0,344,4,14,16.2934
237.176,7.17647,0.289593,230.633,7.45701,0.384615,0,0,27,0,67,0,344,4,0,0.83396
233.745,7.39674,0.36413,227.951,7.30435,0.353261,20,22,24,1,34,0,0,4,12,6.96913
239.627,7.69737,0.372807,232.079,7.23246,0.337719,40,31,43,0,36,0,0,4,14,11.811
239.627,7.69737,0.372807,232.079,7.23246,0.337719,39,30,43,0,36,0,0,4,13,11.4938
219.527,7.65455,0.290909,202.727,7.56364,0.4,0,0,22,2,28,0,140,4,0,-0.282685
239.627,7.69737,0.372807,232.079,7.23246,0.337719,21,32,16,1,28,1,0,4,5,8.93474
237.176,7.17647,0.289593,230.633,7.45701,0.384615,13,15,19,2,20,2,0,0,1,4.26377
218.438,7.70625,0.4,211.106,7.05,0.325,0,0,17,2,18,0,53,0,0,-0.468843
218.438,7.70625,0.4,211.106,7.05,0.325,0,0,11,1,19,0,0,4,0,-0.297949
242.378,7.15058,0.339768,244.568,7.12741,0.30888,27,27,23,0,34,0,146,0,9,8.85787
223.373,7.09016,0.344262,227.578,7.47541,0.385246,0,0,14,1,25,0,0,4,0,0.0519289
223.373,7.09016,0.344262,227.578,7.47541,0.385246,27,31,26,1,27,1,0,4,7,9.4489
234.274,7.4,0.373684,232.363,7.33158,0.342105,19,27,13,0,26,0,0,4,11,7.68658
223.373,7.09016,0.344262,227.578,7.47541,0.385246,0,0,8,1,14,1,0,4,0,-0.10205
233.745,7.39674,0.36413,227.951,7.30435,0.353261,0,0,44,1,28,1,213,0,0,0.448326
233.745,7.39674,0.36413,227.951,7.30435,0.353261,6,14,44,1,28,1,213,4,2,3.99361
233.745,7.39674,0.36413,227.951,7.30435,0.353261,0,0,28,0,21,1,0,4,0,0.324876
223.373,7.09016,0.344262,227.578,7.47541,0.385246,19,31,9,1,32,0,0,4,11,8.23371
233.745,7.39674,0.36413,227.951,7.30435,0.353261,2,9,25,1,16,1,273,4,2,2.33439
233.745,7.39674,0.36413,227.951,7.30435,0.353261,17,34,12,1,22,0,0,4,5,8.57545
223.373,7.09016,0.344262,227.578,7.47541,0.385246,0,0,20,0,17,0,187,4,0,0.380053
222.621,7.38389,0.393365,235.517,7.54976,0.336493,1,2,3,1,21,1,0,4,1,0.185846
233.745,7.39674,0.36413,227.951,7.30435,0.353261,10,27,28,0,18,1,0,4,6,6.59167
223.373,7.09016,0.344262,227.578,7.47541,0.385246,25,25,25,0,30,0,0,4,5,8.23666
237.176,7.17647,0.289593,230.633,7.45701,0.384615,1,2,19,1,17,2,0,4,1,0.553259
223.373,7.09016,0.344262,227.578,7.47541,0.385246,13,27,12,1,13,0,0,4,9,6.66995
237.176,7.17647,0.289593,230.633,7.45701,0.384615,27,37,24,1,16,1,206,4,9,10.7413
234.274,7.4,0.373684,232.363,7.33158,0.342105,38,32,28,0,33,0,249,4,10,11.5915
234.274,7.4,0.373684,232.363,7.33158,0.342105,7,22,22,0,14,1,0,4,7,5.17866
239.627,7.69737,0.372807,232.079,7.23246,0.337719,17,22,15,1,24,0,255,4,9,6.832
239.627,7.69737,0.372807,232.079,7.23246,0.337719,18,30,15,1,24,0,255,4,10,8.4274
239.627,7.69737,0.372807,232.079,7.23246,0.337719,0,0,15,1,24,0,255,4,0,0.526076
237.176,7.17647,0.289593,230.633,7.45701,0.384615,5,16,13,3,23,1,0,4,5,3.42893
239.627,7.69737,0.372807,232.079,7.23246,0.337719,33,34,24,0,30,1,228,4,9,11.338
237.176,7.17647,0.289593,230.633,7.45701,0.384615,39,32,34,0,35,0,0,4,11,11.5854
237.176,7.17647,0.289593,230.633,7.45701,0.384615,30,28,34,0,35,0,0,0,8,9.46212
237.176,7.17647,0.289593,230.633,7.45701,0.384615,16,30,14,1,17,0,193,0,12,7.72085
239.627,7.69737,0.372807,232.079,7.23246,0.337719,30,27,25,1,17,1,0,4,10,9.30482
212.077,7.5,0.380282,227.704,6.97887,0.316901,2,7,22,1,20,2,175,1,2,1.50833
212.077,7.5,0.380282,227.704,6.97887,0.316901,8,17,25,2,18,1,154,4,0,4.22744
217.33,7.15909,0.3125,225.278,7.57386,0.380682,3,14,16,0,25,1,0,4,3,2.80253
242.378,7.15058,0.339768,244.568,7.12741,0.30888,26,33,21,0,31,2,183,4,6,9.9064
217.33,7.15909,0.3125,225.278,7.57386,0.380682,0,0,19,0,26,0,214,4,0,0.12913
223.373,7.09016,0.344262,227.578,7.47541,0.385246,0,0,15,1,32,0,0,4,0,0.0863146
242.378,7.15058,0.339768,244.568,7.12741,0.30888,12,25,24,0,19,1,0,4,8,6.43355
242.378,7.15058,0.339768,244.568,7.12741,0.30888,15,21,13,2,20,0,278,4,7,6.07311
242.378,7.15058,0.339768,244.568,7.12741,0.30888,7,18,13,2,20,0,278,4,3,4.44824
234.274,7.4,0.373684,232.363,7.33158,0.342105,24,22,10,1,40,0,0,4,6,7.34885
234.274,7.4,0.373684,232.363,7.33158,0.342105,30,32,25,0,28,0,303,4,6,10.5134
237.176,7.17647,0.289593,230.633,7.45701,0.384615,28,31,17,0,19,1,0,4,8,9.62124
234.274,7.4,0.373684,232.363,7.33158,0.342105,23,32,20,1,31,0,256,4,7,9.36982
234.274,7.4,0.373684,232.363,7.33158,0.342105,0,0,20,1,31,0,256,4,0,0.430123
237.176,7.17647,0.289593,230.633,7.45701,0.384615,17,14,13,1,42,0,0,4,5,5.00273
234.274,7.4,0.373684,232.363,7.33158,0.342105,12,27,11,0,18,3,223,4,4,6.76146
234.274,7.4,0.373684,232.363,7.33158,0.342105,15,29,17,0,17,1,158,4,11,7.63241
218.438,7.70625,0.4,211.106,7.05,0.325,21,24,32,2,19,0,161,4,9,7.2043
234.274,7.4,0.373684,232.363,7.33158,0.342105,6,10,17,1,12,1,0,0,2,2.49862
234.274,7.4,0.373684,232.363,7.33158,0.342105,22,34,21,0,17,1,0,4,10,9.38714
233.745,7.39674,0.36413,227.951,7.30435,0.353261,17,36,17,1,14,0,253,4,11,9.21139
233.745,7.39674,0.36413,227.951,7.30435,0.353261,19,27,17,1,21,0,216,4,11,7.82513
222.621,7.38389,0.393365,235.517,7.54976,0.336493,0,0,26,0,22,0,242,4,0,0.343703
222.621,7.38389,0.393365,235.517,7.54976,0.336493,0,0,26,0,22,0,242,4,0,0.343703
218.438,7.70625,0.4,211.106,7.05,0.325,51,33,37,1,43,0,223,4,3,13.1888
218.438,7.70625,0.4,211.106,7.05,0.325,33,38,21,0,24,0,245,4,7,11.5555
222.621,7.38389,0.393365,235.517,7.54976,0.336493,0,0,11,0,28,0,0,4,0,-0.0417621
222.621,7.38389,0.393365,235.517,7.54976,0.336493,31,24,36,0,33,0,245,4,15,9.05652
212.077,7.5,0.380282,227.704,6.97887,0.316901,0,0,27,0,29,1,328,4,0,0.483252
222.621,7.38389,0.393365,235.517,7.54976,0.336493,24,27,18,0,30,1,267,4,4,8.41194
218.438,7.70625,0.4,211.106,7.05,0.325,39,30,25,0,51,0,0,4,11,10.8071
218.438,7.70625,0.4,211.106,7.05,0.325,22,30,29,0,15,1,188,4,14,8.57874
242.378,7.15058,0.339768,244.568,7.12741,0.30888,16,33,16,0,20,0,0,1,12,8.25279
212.077,7.5,0.380282,227.704,6.97887,0.316901,0,0,15,1,24,0,0,4,0,-0.0426306
233.745,7.39674,0.36413,227.951,7.30435,0.353261,19,28,17,0,29,0,227,4,11,8.15118
212.077,7.5,0.380282,227.704,6.97887,0.316901,5,24,9,0,22,0,220,1,5,5.11306
239.627,7.69737,0.372807,232.079,7.23246,0.337719,9,21,19,2,16,0,294,4,5,5.52318
242.378,7.15058,0.339768,244.568,7.12741,0.30888,29,36,22,1,24,0,0,4,11,10.6633
242.378,7.15058,0.339768,244.568,7.12741,0.30888,20,20,15,1,25,0,0,4,12,6.45026
239.627,7.69737,0.372807,232.079,7.23246,0.337719,25,23,29,0,32,1,288,4,9,8.37436
242.378,7.15058,0.339768,244.568,7.12741,0.30888,9,5,30,0,49,1,318,4,1,2.84356
237.176,7.17647,0.289593,230.633,7.45701,0.384615,5,18,19,3,26,0,0,4,1,3.92236
222.621,7.38389,0.393365,235.517,7.54976,0.336493,18,24,20,2,17,1,210,4,6,6.76999
222.621,7.38389,0.393365,235.517,7.54976,0.336493,5,20,8,2,9,0,170,3,1,4.08593
237.176,7.17647,0.289593,230.633,7.45701,0.384615,4,14,23,1,17,1,200,4,4,3.43069
237.176,7.17647,0.289593,230.633,7.45701,0.384615,18,27,23,1,17,1,200,4,8,7.68934
237.176,7.17647,0.289593,230.633,7.45701,0.384615,28,38,21,0,27,0,0,0,20,10.8389
222.621,7.38389,0.393365,235.517,7.54976,0.336493,6,8,30,0,38,2,263,4,2,2.63605
234.274,7.4,0.373684,232.363,7.33158,0.342105,4,3,32,0,24,2,221,4,0,1.61597
234.274,7.4,0.373684,232.363,7.33158,0.342105,26,29,28,0,29,0,0,0,14,9.00064
242.378,7.15058,0.339768,244.568,7.12741,0.30888,9,20,29,1,12,1,0,4,9,5.04604
234.274,7.4,0.373684,232.363,7.33158,0.342105,0,0,32,0,25,1,255,4,0,0.61216
234.274,7.4,0.373684,232.363,7.33158,0.342105,35,29,43,1,29,0,0,4,7,10.464
234.274,7.4,0.373684,232.363,7.33158,0.342105,14,19,43,1,29,0,0,4,6,5.81067
223.373,7.09016,0.344262,227.578,7.47541,0.385246,0,1,18,1,7,4,0,0,0,-0.146785
233.745,7.39674,0.36413,227.951,7.30435,0.353261,47,41,39,0,63,0,181,4,13,14.6219
223.373,7.09016,0.344262,227.578,7.47541,0.385246,0,0,20,1,16,2,0,0,0,-0.181852
233.745,7.39674,0.36413,227.951,7.30435,0.353261,22,30,17,1,35,0,0,4,6,8.61937
233.745,7.39674,0.36413,227.951,7.30435,0.353261,12,24,34,1,20,0,0,4,4,6.33078
233.745,7.39674,0.36413,227.951,7.30435,0.353261,31,38,22,1,23,0,247,4,9,11.5441
217.33,7.15909,0.3125,225.278,7.57386,0.380682,0,4,15,2,7,1,0,3,0,0.242809
223.373,7.09016,0.344262,227.578,7.47541,0.385246,24,26,40,1,21,0,213,0,10,8.34472
217.33,7.15909,0.3125,225.278,7.57386,0.380682,0,0,16,3,21,1,0,3,0,-0.538057
223.373,7.09016,0.344262,227.578,7.47541,0.385246,8,14,34,0,24,1,171,4,4,4.13962
222.621,7.38389,0.393365,235.517,7.54976,0.336493,0,2,11,0,22,3,0,4,0,0.161849
212.077,7.5,0.380282,227.704,6.97887,0.316901,2,10,10,0,15,1,122,4,2,2.13869
212.077,7.5,0.380282,227.704,6.97887,0.316901,29,41,17,0,29,0,0,1,13,11.3596
222.621,7.38389,0.393365,235.517,7.54976,0.336493,9,28,22,0,9,0,156,4,9,6.49821
219.527,7.65455,0.290909,202.727,7.56364,0.4,1,1,16,0,20,2,0,4,1,-0.0736679
212.077,7.5,0.380282,227.704,6.97887,0.316901,0,0,18,1,30,1,216,4,0,0.167338
212.077,7.5,0.380282,227.704,6.97887,0.316901,3,4,22,0,29,2,251,4,3,1.43863
212.077,7.5,0.380282,227.704,6.97887,0.316901,14,27,7,2,17,0,0,4,2,6.54757
219.527,7.65455,0.290909,202.727,7.56364,0.4,15,26,30,0,12,1,178,0,7,6.5496
212.077,7.5,0.380282,227.704,6.97887,0.316901,0,0,12,0,30,1,124,4,0,0.117322
