Batsman,Home Run Hitting Ability,Milestone Reaching Ability,Batting Average, Strike Rate,Matches Played
JA Morkel,2.27777777778,0.0555555555556,18.9444444444,97.5679542203,36
IG Butler,1.14285714286,0,11.1428571429,62.9032258065,7
T Thushara,1.72727272727,0.0454545454545,16.1818181818,92.7083333333,22
V Sehwag,6.15957446809,0.255319148936,39.9255319149,110.382352941,94
KA Edwards,1.875,0.0625,20.6875,64.9019607843,16
SC Williams,2.59154929577,0.267605633803,28.5070422535,81.8439142742,71
DE Bernard,1.0,0,13.4,63.5071090047,10
Anshuman Rath,4.0,0,32.0,62.7450980392,1
WK McCallan,0.692307692308,0,7.69230769231,56.8181818182,13
LE Plunkett,1.38095238095,0,13.1904761905,113.991769547,21
S Mukuddem,1.5,0.25,22.5,60.0,4
RK Whelan,0.5,0,2.5,41.6666666667,2
Nasir Aziz,5.5,0.5,40.5,64.8,2
Shaiman Anwar,5.36363636364,0.363636363636,41.1818181818,88.8235294118,11
SD Outerbridge,0.777777777778,0,8.0,48.9795918367,9
MJ Guptill,4.82352941176,0.310924369748,37.9327731092,82.6891372046,119
Najibullah Zadran,2.38888888889,0.111111111111,17.6666666667,75.355450237,18
GB Hogg,1.14285714286,0,15.5,79.7794117647,14
CT Tremlett,0.4,0,4.2,57.5342465753,10
JW Hastings,1.76923076923,0,13.8461538462,95.2380952381,13
PA Hitchcock,1.0,0,10.0,90.9090909091,1
WD Balaji Rao,0.4,0,4.4,51.1627906977,5
CK Kapugedera,1.71666666667,0.116666666667,20.65,68.9482470785,60
RR Watson,3.2,0.2,21.8,71.009771987,10
N Deonarine,2.09090909091,0.136363636364,20.9545454545,65.7631954351,22
CR Brathwaite,1.14285714286,0,10.1428571429,81.6091954023,7
MC Sorensen,2.0,0,16.8571428571,77.1241830065,7
ML Udawatte,2.85714285714,0.142857142857,24.2857142857,69.6721311475,7
NW Bracken,0.391304347826,0,4.91304347826,62.4309392265,23
DLS van Bunge,2.28571428571,0.142857142857,21.2857142857,58.431372549,7
SR Patel,2.22727272727,0.0454545454545,21.9090909091,90.6015037594,22
M Kartik,1.66666666667,0,12.3333333333,75.5102040816,3
Rubel Hossain,0.37037037037,0,3.11111111111,56.3758389262,27
Ziaur Rahman,1.72727272727,0,11.2727272727,109.734513274,11
CK Coventry,3.15789473684,0.157894736842,28.0526315789,89.4295302013,19
PC de Silva,1.5,0,13.1666666667,78.2178217822,6
D Mongia,2.5,0.166666666667,26.1666666667,60.153256705,6
D Ganga,1.0,0,20.5,39.0476190476,2
TT Samaraweera,2.22222222222,0.0740740740741,23.2222222222,75.0898203593,27
AM Guruge,0.5,0,5.5,42.3076923077,2
MJ Santner,3.0,0,26.7272727273,102.083333333,11
Mohammad Shahzad (2),3.66666666667,0.333333333333,26.3333333333,75.2380952381,3
CR Ervine,3.39473684211,0.236842105263,32.9473684211,77.4752475248,38
XM Marshall,1.5,0,10.5,58.3333333333,8
IR Bell,3.60714285714,0.257142857143,35.5285714286,75.9969442322,140
RV Uthappa,3.02702702703,0.135135135135,22.3243243243,89.3939393939,37
Javed Ahmadi,2.93333333333,0.2,21.4666666667,80.5,15
Tabarak Dar,2.5,0,22.5,47.3684210526,2
KW Richardson,1.0,0,7.5,157.894736842,4
RL Bhudia,2.0,0,22.0,146.666666667,1
Umar Gul,0.766666666667,0,7.2,69.4533762058,60
HDRL Thirimanne,2.67857142857,0.238095238095,30.5595238095,70.970417473,84
MBS Jonkman,0.666666666667,0,6.66666666667,60.6060606061,3
D Elgar,1.0,0,19.6,60.4938271605,5
Abdur Rehman,0.5,0,6.0,56.4102564103,22
H Masakadza,3.37391304348,0.208695652174,29.1652173913,71.0894446799,115
KO Meth,0.8,0,6.4,61.5384615385,5
MS Wade,1.90384615385,0.134615384615,21.3846153846,77.5453277545,52
AM Samad,2.44444444444,0,23.7777777778,59.1160220994,9
LOB Cann,3.3,0.1,21.4,122.988505747,10
B Lee,1.09090909091,0.0227272727273,10.8181818182,81.5068493151,44
JR Hazlewood,0.5,0,2.5,55.5555555556,2
DF Watts,2.44444444444,0.333333333333,24.5555555556,57.4025974026,9
R Mutumbami,2.375,0.0833333333333,18.9583333333,70.2160493827,24
PP Ojha,0.333333333333,0,5.11111111111,40.350877193,9
TWM Latham,2.76470588235,0.147058823529,25.3529411765,75.2181500873,34
Saqlain Haider,1.0,0,7.0,58.3333333333,1
Nawroz Mangal,1.78260869565,0.0869565217391,18.8695652174,62.7167630058,23
JH Kallis,3.71111111111,0.366666666667,38.2555555556,77.3013022003,90
Babar Hayat,3.0,0,29.5,56.1904761905,2
MM Patel,0.363636363636,0,3.22727272727,66.9811320755,22
DE Bollinger,0.714285714286,0,7.14285714286,92.5925925926,7
LRPL Taylor,3.74285714286,0.307142857143,37.0428571429,79.7478087037,140
CH Gayle,4.62393162393,0.213675213675,31.547008547,88.8969171484,117
DR Lockhart,2.0,0,26.0,59.0909090909,1
Zeeshan Siddiqi,1.0,0,7.0,33.3333333333,1
NM Hauritz,1.04,0.04,11.64,93.5691318328,25
D Daesrath,4.0,0,31.0,52.5423728814,1
Haseeb Amjad,3.0,0,21.0,140.0,1
Shafiqullah,1.375,0.125,15.625,82.7814569536,8
MDKJ Perera,3.35416666667,0.1875,25.8541666667,90.4518950437,48
Khurram Chohan,0.777777777778,0,8.44444444444,52.7777777778,9
AF Buurman,2.0,0,13.0,76.4705882353,2
SJ Benn,0.761904761905,0,6.57142857143,74.1935483871,21
IJL Trott,3.39682539683,0.412698412698,44.0793650794,75.5851932499,63
BAW Mendis,0.461538461538,0,4.74358974359,69.2883895131,39
PD McGlashan,3.5,0.5,30.5,115.094339623,2
IK Pathan,1.875,0.025,16.85,78.281068525,40
CJ Anderson,3.74285714286,0.142857142857,29.0285714286,111.281489595,35
Khaled Mashud,0.5,0,13.5,38.2978723404,4
Hammad Azam,1.4,0,14.8,62.1848739496,5
DPMD Jayawardene,3.37313432836,0.26368159204,33.1592039801,80.5632781337,201
AS Hansra,1.85714285714,0.142857142857,21.0714285714,54.8327137546,14
Najeeb Amar,2.5,0,17.0,80.9523809524,2
PG Fulton,2.81818181818,0.181818181818,28.0,68.5968819599,33
ST Finn,0.56,0,5.24,59.8173515982,25
JAR Blain,1.0,0,15.4285714286,56.25,7
JH Davey,1.66666666667,0.0666666666667,16.1333333333,67.4094707521,15
SL Malinga,0.609756097561,0.0121951219512,4.92682926829,74.4014732965,82
PC Connell,1.0,0,6.0,26.0869565217,1
LM Jongwe,1.27777777778,0,12.2222222222,74.8299319728,18
RR Emrit,0.5,0,6.5,37.1428571429,2
KOA Powell,3.59259259259,0.222222222222,26.4814814815,80.6087936866,27
Abdur Razzak,0.853333333333,0.0133333333333,8.36,73.4192037471,75
Qaiser Ali,0.8,0,7.6,38.7755102041,5
DJG Sammy,2.23762376238,0.0891089108911,18.1287128713,95.8137100994,101
JR Hopes,2.09259259259,0.0555555555556,21.2777777778,91.4808917197,54
T Maruma,0.642857142857,0,7.71428571429,46.7532467532,14
HF Gurney,0.166666666667,0,2.5,45.4545454545,6
E Chigumbura,2.23846153846,0.1,22.0538461538,77.1528525296,130
KP Pietersen,3.70833333333,0.239583333333,33.4895833333,81.8482688391,96
DO Obuya,1.0625,0.0625,13.0625,49.2924528302,16
Yasir Arafat,2.66666666667,0,17.3333333333,58.4269662921,3
Rashid Khan,1.4,0,12.0,80.0,5
DL Vettori,1.43835616438,0.027397260274,15.602739726,86.8140243902,73
Shahzaib Hasan,5.0,0.333333333333,33.3333333333,84.7457627119,3
Samiullah Shenwari,3.16666666667,0.233333333333,30.4333333333,64.160224877,30
GW Flower,1.0,0,17.5,76.0869565217,2
Shapoor Zadran,0.153846153846,0,2.07692307692,36.4864864865,13
Syed Rasel,0.222222222222,0,2.88888888889,37.6811594203,18
Asif Iqbal (1),2.0,0,4.0,50.0,1
Ahmed Shehzad,3.71621621622,0.256756756757,33.5810810811,70.7372615998,74
MT Chinouya,0.5,0,3.0,66.6666666667,2
JDS Neesham,1.75,0,14.875,93.7007874016,16
CAK Walton,0.25,0,4.25,56.6666666667,4
RA Jadeja,2.12941176471,0.117647058824,21.7529411765,82.4342398573,85
Sami Faridi,1.0,0,15.0,57.6923076923,1
Rajin Saleh,2.0,0,16.25,41.6666666667,4
BMAJ Mendis,1.39473684211,0.0263157894737,15.0,82.0143884892,38
SMA Priyanjan,2.5,0.1,20.95,78.6116322702,20
JP Duminy,2.38888888889,0.190476190476,30.4682539683,81.0770855333,126
LJ Woodcock,0.5,0,6.5,59.0909090909,2
NO Miller,1.04,0.04,10.36,80.9375,25
RJ Trott,1.75,0,23.5,48.4536082474,4
DJ Hussey,2.5,0.241379310345,28.9310344828,87.6698014629,58
MG Johnson,1.18072289157,0.0240963855422,10.686746988,94.764957265,83
MWA van Nierop,1.0,0,4.0,25.0,1
Zulqarnain Haider,0.75,0,11.75,67.1428571429,4
SM Pollock,2.34375,0.125,22.3125,89.8113207547,32
PD Collingwood,2.65625,0.197916666667,30.7083333333,77.9275707111,96
CH Morris,1.83333333333,0.166666666667,16.0,101.052631579,6
Asad Shafiq,2.09433962264,0.169811320755,24.3962264151,67.2386895476,53
Bazid Khan,1.5,0.5,26.0,50.9803921569,2
PJ Forrest,2.71428571429,0.285714285714,26.2142857143,63.6048526863,14
Mirwais Ashraf,0.888888888889,0,8.72222222222,60.153256705,18
Liton Das,1.0,0,7.66666666667,69.696969697,6
AJ Hall,1.4,0.1,14.4,87.8048780488,10
Sikandar Raza,3.16326530612,0.142857142857,27.6734693878,81.1004784689,49
RJ Sidebottom,0.6875,0,7.6875,65.7754010695,16
AC Gilchrist,4.52380952381,0.285714285714,32.380952381,95.3048353189,42
M Morkel,0.702702702703,0,5.78378378378,74.0484429066,37
ST Jayasuriya,4.78666666667,0.2,32.9733333333,97.6698262243,75
CJ Chibhabha,2.48648648649,0.162162162162,23.2837837838,65.0434126085,74
Tamim Iqbal,4.00735294118,0.272058823529,31.7720588235,76.5727449938,136
MJ Lumb,5.0,0.333333333333,55.0,80.0970873786,3
JM How,3.34615384615,0.192307692308,29.9230769231,64.9415692821,26
Gulbodin Naib,1.75,0,12.25,70.0,4
N Madziva,0.6,0,5.7,50.4424778761,10
D Wiese,2.0,0,17.0,86.4406779661,6
AC Evans,1.5,0,11.6666666667,76.9230769231,6
Aizaz Cheema,0.333333333333,0,4.33333333333,57.7777777778,6
Mohammad Tauqir,0.571428571429,0,4.85714285714,40.9638554217,7
DR Martyn,5.71428571429,0.428571428571,44.5714285714,65.1356993737,7
Raees Ahmadzai,5.0,0,39.0,88.6363636364,1
Sohaib Maqsood,2.96,0.2,29.4,81.2154696133,25
ADS Fletcher,1.8125,0.125,13.5,62.6086956522,16
G Chapple,2.0,0,13.0,185.714285714,1
LE Bosman,3.83333333333,0.166666666667,25.0833333333,94.6540880503,12
JWA Taylor,3.11538461538,0.307692307692,34.1153846154,78.7744227353,26
DCC Borden,0.5,0,5.75,27.380952381,4
HMCM Bandara,1.0,0,12.2857142857,80.3738317757,7
Karim Sadiq,2.88888888889,0.111111111111,24.3333333333,78.7769784173,9
Naeem Islam,1.89130434783,0.108695652174,19.0434782609,67.4884437596,46
LMP Simmons,3.3125,0.28125,30.59375,71.4337832908,64
DM Richards,3.42857142857,0.285714285714,25.5714285714,68.8461538462,7
Soumya Sarkar,6.6875,0.3125,43.25,99.1404011461,16
A Codrington,1.0,0,5.0,71.4285714286,1
Mohammad Iqbal,3.0,0,15.0,53.5714285714,2
EC Joyce,3.375,0.25,31.6041666667,68.8919164396,48
Mushfiqur Rahim,2.6641221374,0.190839694656,28.0992366412,76.4327242525,131
Mohammad Ashraful,2.35714285714,0.130952380952,20.9880952381,66.5283018868,84
Sohag Gazi,1.375,0,11.5,85.5813953488,16
AR Cusack,1.04166666667,0,10.9166666667,60.788863109,24
TS Chisoro,0.4,0,5.4,55.1020408163,5
Farhad Reza,1.6,0,12.64,60.5363984674,25
NR Kumar,1.5,0,15.7,55.2816901408,10
TD Paine,3.39130434783,0.217391304348,27.652173913,65.7704239917,23
PJ Moor,2.42857142857,0.285714285714,25.7142857143,62.0689655172,7
IS Billcliff,1.75,0.25,19.0,56.2962962963,4
Jahurul Islam,2.18181818182,0.0909090909091,20.5454545455,69.5384615385,11
KA Pollard,2.78481012658,0.126582278481,24.9493670886,89.7132453345,79
SM Davies,4.5,0.125,30.125,100.836820084,8
CT Mutombodzi,1.16666666667,0,13.5,71.0526315789,6
Usman Limbada,3.25,0.25,30.75,63.7305699482,4
SR Watson,4.73134328358,0.283582089552,37.6492537313,90.8027357811,134
NLTC Perera,1.67088607595,0.0632911392405,14.6582278481,106.043956044,79
Gurkeerat Singh,1.0,0,6.5,100.0,2
SO Ngoche,0.6,0,7.4,82.2222222222,5
R McLaren,1.2,0.025,11.975,69.8250728863,40
KJ Abbott,0.6,0,6.6,58.407079646,10
VR Aaron,0.333333333333,0,2.66666666667,53.3333333333,3
JC Buttler,3.44262295082,0.180327868852,29.4754098361,116.0,61
KM Dabengwa,1.2380952381,0,16.7142857143,58.7939698492,21
Arshad Ali,2.5,0,23.5,52.2222222222,2
GC Smith,4.07766990291,0.300970873786,34.3203883495,80.8924485126,103
A Symonds,3.44186046512,0.302325581395,32.0465116279,91.561461794,43
AJ Redmond,3.16666666667,0.166666666667,25.3333333333,57.1428571429,6
Inzamam-ul-Haq,3.16666666667,0,26.9166666667,70.989010989,12
MM Sharma,0.625,0,3.75,56.6037735849,8
CJ Smith,0.8,0,5.4,56.25,5
MEK Hussey,2.73983739837,0.260162601626,33.8699186992,83.1702934718,123
MM Ali,3.08571428571,0.142857142857,24.4285714286,96.8289920725,35
AM Phangiso,0.555555555556,0,7.33333333333,62.2641509434,9
JDP Oram,2.66,0.18,24.8,96.3480963481,50
MJ McClenaghan,0.928571428571,0,7.71428571429,75.5244755245,14
Asghar Stanikzai,1.92307692308,0.115384615385,20.3461538462,62.2352941176,26
SS Tiwary,3.0,0,24.5,85.9649122807,2
NM Coulter-Nile,0.571428571429,0,8.57142857143,69.7674418605,7
Khurram Manzoor,3.33333333333,0.5,33.6666666667,62.5386996904,6
DJ Bravo,2.35514018692,0.11214953271,23.1588785047,80.9010773751,107
J Nyumbu,0.142857142857,0,3.28571428571,50.0,14
Shamsur Rahman,3.2,0.2,26.6,74.0947075209,10
BJ Hodge,3.6,0.2,32.8,92.8301886792,15
DJ Willey,0.571428571429,0,8.28571428571,86.5671641791,7
HM Amla,5.17213114754,0.401639344262,48.6721311475,86.8890839918,122
AR McBrine,1.0,0,11.5,93.8775510204,4
AA Mulla,3.125,0.125,18.75,93.75,8
GJ Bailey,3.34375,0.296875,36.140625,85.0055126792,64
MO Jones,1.33333333333,0,9.66666666667,80.5555555556,6
PJ Ingram,4.28571428571,0.142857142857,27.5714285714,80.7531380753,7
JP Bray,2.7,0.1,23.4,63.0727762803,10
SE Marsh,3.66666666667,0.291666666667,35.5416666667,74.7917580009,48
Umair Ali,1.0,0,10.0,90.9090909091,1
R Dravid,2.77777777778,0.244444444444,28.9111111111,73.2545045045,45
PL Mommsen,2.61111111111,0.166666666667,24.6666666667,72.6677577741,18
RP Singh,0.333333333333,0,5.6,39.8104265403,15
B Geeves,1.0,0,10.0,90.9090909091,1
GA Rogers,2.5,0,16.0,64.0,2
SHT Kandamby,2.23333333333,0.166666666667,27.1666666667,69.5392491468,30
SB Styris,3.33928571429,0.267857142857,34.2678571429,80.6302521008,56
PJK Mooney,0.5,0,4.5,112.5,2
AR Pitcher,3.0,0,30.0,54.5454545455,1
TLW Cooper,3.0,0.111111111111,25.4444444444,65.9942363112,9
Raqibul Hasan,2.02083333333,0.145833333333,24.5208333333,61.6230366492,48
Fawad Alam,1.88571428571,0.2,27.6,73.1264193793,35
Mohammad Salman,0.666666666667,0,7.33333333333,55.0,3
HM Nicholls,2.625,0.25,26.875,73.883161512,8
JM Kemp,2.45833333333,0.166666666667,23.875,71.2686567164,24
Skhawat Ali,0.666666666667,0,6.0,30.0,3
WTS Porterfield,3.14583333333,0.229166666667,28.4583333333,62.1474067334,48
Yuvraj Singh,4.15873015873,0.261904761905,33.0714285714,85.3019447288,126
Mohammad Nabi,2.46875,0.09375,24.5625,80.8641975309,32
Saqib Ali,2.25,0,18.5,63.7931034483,4
Tushar Imran,0.8,0,5.8,29.5918367347,5
Sharafuddin Ashraf,0.333333333333,0,6.0,90.0,3
DS Smith,2.8,0.171428571429,24.4,72.4957555178,35
SW Masakadza,1.8,0,12.5,93.2835820896,10
N Mushangwe,1.25,0,9.5,86.3636363636,4
J Louw,4.0,0,17.0,242.857142857,1
MS Dhoni,3.5824742268,0.29381443299,37.3402061856,85.0134960685,194
AC Voges,2.29166666667,0.125,29.625,84.1420118343,24
AJ Strauss,4.0,0.28,34.6266666667,80.4522924411,75
AO Suji,2.0,0,14.5,52.7272727273,2
Nasir Jamal,2.75,0.25,34.0,61.2612612613,4
Fayyaz Ahmed,3.0,0,21.5,48.8636363636,2
GO Jones,1.5,0,15.5,110.714285714,6
A Shahzad,0.375,0,4.875,62.9032258065,8
S Prasanna,1.19047619048,0,9.19047619048,78.4552845528,21
SCJ Broad,0.714285714286,0,7.92063492063,73.7075332349,63
Danish Kaneria,1.0,0,2.0,50.0,1
Saad Nasim,3.33333333333,0.333333333333,33.0,79.2,3
Afsar Zazai,1.27272727273,0.181818181818,19.3636363636,55.6135770235,11
MP Vaughan,2.75,0.0833333333333,21.0,66.1417322835,12
NJ O'Brien,2.55555555556,0.2,27.4222222222,68.6700055648,45
HMRKB Herath,0.444444444444,0,5.18518518519,61.6740088106,27
A Balbirnie,2.375,0.125,25.1875,69.2439862543,16
BA Parchment,2.33333333333,0,17.8333333333,54.0404040404,6
Mohammad Yousuf,3.3064516129,0.290322580645,36.7903225806,74.9342969777,62
Z Khan,0.975,0,8.3,61.4814814815,40
DJ Reekers,1.6,0,7.6,100.0,5
A Bagai,3.27777777778,0.277777777778,31.0,63.2653061224,18
SE Bond,0.5,0,7.0,71.7948717949,20
OO Bascome,2.0,0,16.0,34.0425531915,1
Shahadat Hossain,0.375,0,3.5625,50.4424778761,16
SR Thompson,2.11111111111,0,18.6666666667,91.3043478261,9
BP Loots,0.666666666667,0,5.0,65.2173913043,3
Tanwir Afzal,0.5,0,4.0,100.0,2
ML Nkala,1.0,0,7.0,53.8461538462,2
Sharjeel Khan,2.63636363636,0.0909090909091,17.6363636364,78.8617886179,11
AD Russell,3.32558139535,0.093023255814,22.9069767442,129.095674967,43
DT Tiripano,0.6,0,4.8,54.5454545455,5
Babar Azam,4.375,0.5,40.125,88.91966759,8
SW Tait,0.666666666667,0,4.16666666667,86.2068965517,6
BP Kruger,1.0,0,8.0,66.6666666667,1
Rahmat Shah,1.0,0,12.6666666667,55.0724637681,3
R Ashwin,1.16363636364,0.0181818181818,11.9454545455,84.7741935484,55
DT Christian,1.44444444444,0,15.1111111111,86.9009584665,18
PR Stirling,4.0,0.166666666667,27.4722222222,95.004803074,36
GEF Barnett,2.0,0,19.0,51.3513513514,5
JH Stander,1.0,0,10.6666666667,65.306122449,3
CL White,2.6,0.185714285714,28.0857142857,80.0162800163,70
KM Jadhav,4.5,0.25,36.25,103.571428571,4
YK Pathan,2.56097560976,0.121951219512,19.756097561,110.054347826,41
Imran Nazir,4.66666666667,0.133333333333,29.0,96.0264900662,15
CK Hooper,0.5,0,0.0,0.0,2
Imran Farhat,3.25,0.28125,28.40625,63.7000700771,32
CMW Read,1.0,0,10.0,80.0,6
AM Rahane,3.58064516129,0.274193548387,32.6129032258,78.1600309239,62
F Mutizwa,1.4,0.1,18.2,64.5390070922,10
W Barresi,4.0,0.166666666667,33.0,73.8805970149,12
Abdul Shakoor,3.0,0,24.0,57.1428571429,1
AU Rashid,2.41176470588,0.0588235294118,17.2941176471,108.888888889,17
Gulbadin Naib,2.42857142857,0.142857142857,23.4285714286,105.806451613,7
AC Cummins,0.666666666667,0,7.0,91.3043478261,3
RD McCann,0.5,0,11.5,40.350877193,2
Khalid Latif,2.6,0.2,29.4,63.0901287554,5
Amjad Javed,3.85714285714,0.142857142857,25.1428571429,82.6291079812,7
Mashrafe Mortaza,1.31081081081,0,11.4054054054,77.6448942042,74
CD McMillan,3.88888888889,0.222222222222,30.9444444444,89.694041868,18
MJ Henry,1.33333333333,0,9.55555555556,103.614457831,9
GB Brent,0.75,0.0625,10.5,61.5384615385,16
MA Wood,1.0,0,8.33333333333,86.2068965517,3
M Vijay,2.25,0.0625,21.1875,65.6976744186,16
JPR Lamsam,3.0,0,16.0,53.3333333333,1
DP Hyatt,1.55555555556,0,12.4444444444,59.2592592593,9
SC Ganguly,4.96428571429,0.392857142857,40.3214285714,69.8206555349,28
MD Gunathilaka,3.6,0.2,23.4,83.5714285714,5
H Patel,2.55555555556,0.111111111111,15.7777777778,88.198757764,9
Sohail Tanvir,1.31578947368,0.0263157894737,10.3947368421,84.4017094017,38
JL Denly,3.55555555556,0.222222222222,29.3333333333,63.1578947368,9
Mohammad Naveed,2.14285714286,0,15.0,105.0,7
AP Devcich,3.125,0.125,22.125,73.4439834025,8
DI Joyce,1.33333333333,0,9.66666666667,47.5409836066,3
NFI McCallum,3.4,0.1,25.8,67.8947368421,10
Aftab Ahmed,2.44736842105,0.0789473684211,18.8157894737,72.3684210526,38
SG Borthwick,1.0,0,9.0,112.5,2
RML Taylor,1.0,0,10.3,78.0303030303,10
C Kieswetter,3.43243243243,0.135135135135,26.4324324324,88.0288028803,37
Abdul Razzaq,2.16666666667,0.0714285714286,19.880952381,82.3471400394,42
BM Wheeler,1.75,0,14.5,123.404255319,4
FRJ Coleman,2.11111111111,0.111111111111,18.0,69.5278969957,9
Nazimuddin,1.81818181818,0,13.3636363636,59.756097561,11
GR Codrington,1.66666666667,0,13.1666666667,64.2276422764,6
DR Tuffey,1.33333333333,0,12.3333333333,112.977099237,12
Mohammad Irfan,0.233333333333,0,1.56666666667,30.9210526316,30
J Edness,3.25,0.25,29.75,54.5871559633,4
DM Bravo,3.0,0.223684210526,28.5394736842,67.5700934579,76
DI Allan,1.0,0,9.0,37.5,2
MS Sinclair,2.4,0.2,24.4,91.7293233083,5
Mohammad Hafeez,3.94927536232,0.246376811594,33.5144927536,77.8095558546,138
BW Hilfenhaus,0.222222222222,0,3.22222222222,40.8450704225,9
HD Rutherford,0.5,0,3.5,25.0,4
JL Pattinson,0.25,0,5.25,51.2195121951,8
Khurram Khan,4.0,0.25,37.3333333333,78.8732394366,12
GH Bodi,5.0,0.5,41.5,61.0294117647,2
S Matsikenyeri,1.95833333333,0.104166666667,19.6875,74.9405233941,48
PP Chawla,0.25,0,3.16666666667,63.3333333333,12
CS Baugh,1.04545454545,0,14.0,60.9900990099,22
RP Arnold,1.06666666667,0.133333333333,15.4666666667,73.6507936508,15
S Dhawan,5.60563380282,0.366197183099,43.0422535211,88.5540423066,71
RMS Eranga,0.444444444444,0,3.77777777778,51.5151515152,9
JM Bairstow,3.0,0.1,25.9,91.1971830986,10
Mithun Ali,5.0,0,26.0,60.4651162791,1
TS Nethula,0.333333333333,0,4.0,109.090909091,3
Abdul Jabbar,5.0,0,29.5,68.6046511628,2
PVD Chameera,0.6,0,7.2,64.2857142857,5
RR Powar,0.333333333333,0,5.77777777778,51.4851485149,9
TG Southee,0.764705882353,0,7.03921568627,92.7648578811,51
DES Maxwell,1.66666666667,0,18.0,120.0,3
AD Mascarenhas,1.83333333333,0.0833333333333,18.5,89.5161290323,12
BRM Taylor,3.24528301887,0.254716981132,32.9622641509,76.288209607,106
CA Ingram,3.0,0.178571428571,27.1785714286,81.3903743316,28
IA Karim,7.66666666667,0.666666666667,65.3333333333,82.7004219409,3
PM Siddle,0.25,0,4.25,94.4444444444,4
RD Steede,1.0,0,7.0,63.6363636364,2
Ankur Sharma,1.0,0,16.0,51.6129032258,1
MV Boucher,2.5,0.129032258065,24.2741935484,94.4165621079,62
Kamran Hussain,2.0,0,27.0,128.571428571,1
GC Tonge,0.333333333333,0,3.0,56.25,3
PJ Ongondo,0.357142857143,0,5.07142857143,44.375,14
Adeel Raja,0.333333333333,0,3.33333333333,16.393442623,3
AD Mathews,2.68148148148,0.2,29.0222222222,82.955748465,135
E Schiferli,1.0,0,5.0,47.619047619,2
T Duffin,4.0,0.25,35.75,62.1739130435,4
NT Broom,1.42105263158,0.0526315789474,16.2631578947,65.7446808511,19
Junaid Khan,0.210526315789,0,2.84210526316,47.7876106195,19
JA Burns,2.83333333333,0.166666666667,24.3333333333,77.2486772487,6
MDK Perera,1.0,0,11.0,54.3209876543,4
C de Grandhomme,4.0,0,36.0,92.3076923077,1
MA Carberry,2.8,0.2,22.6,63.4831460674,5
KJ Coetzer,5.0,0.2,33.5333333333,79.5886075949,15
Mominul Haque,2.60869565217,0.130434782609,23.6086956522,72.9838709677,23
AN Kervezee,2.8,0.1,19.3,72.0149253731,10
Yasir Shah,1.16666666667,0,12.6666666667,91.5662650602,6
TL Best,0.375,0,4.0,42.6666666667,8
R Vinay Kumar,0.636363636364,0,7.72727272727,57.0469798658,11
J Blackwood,0.5,0,5.5,44.0,2
GH Worker,2.0,0,20.5,62.1212121212,2
GC Wilson,2.61111111111,0.222222222222,24.8055555556,77.9912663755,36
MK Tiwary,2.7,0.2,28.2,72.3076923077,10
Hashmatullah Shahidi,1.66666666667,0,22.0,46.8085106383,3
Iftikhar Anjum,0.636363636364,0,7.13636363636,59.4696969697,22
Bilawal Bhatti,1.71428571429,0,12.5714285714,114.285714286,7
Bilal Asif,2.33333333333,0,13.3333333333,76.9230769231,3
D Bishoo,0.285714285714,0,1.42857142857,37.037037037,7
SI Mahmood,0.888888888889,0,7.11111111111,81.0126582278,9
TV Mufambisi,1.5,0,11.25,63.3802816901,4
Mehrab Hossain jnr,1.7,0.1,18.3,42.4593967517,10
MR Gillespie,0.9,0,8.0,84.2105263158,10
Saeed Ajmal,0.373134328358,0,4.83582089552,60.0,67
JD Nel,0.666666666667,0,5.33333333333,53.3333333333,3
RW Chakabva,1.0,0,13.724137931,51.2226512227,29
Mohammad Rafique,0.4,0,6.6,58.9285714286,15
S Chanderpaul,3.515625,0.390625,40.25,68.0761099366,64
Zahid Hussain,0.5,0,4.0,25.8064516129,2
SP Narine,1.05882352941,0,8.55882352941,76.3779527559,34
DA Warner,4.49253731343,0.268656716418,36.9552238806,90.7292048369,67
FL Reifer,1.16666666667,0,14.3333333333,45.2631578947,6
J Mubarak,1.21428571429,0.0714285714286,19.6428571429,69.7969543147,14
Salman Faris,1.5,0,13.5,56.25,2
TAM Siriwardana,3.1,0.2,26.2,111.489361702,10
K Karate,1.66666666667,0,12.6666666667,56.7164179104,3
EJG Morgan,3.25,0.235294117647,30.3970588235,87.4180587862,136
SL Stewart,0.5,0,6.5,44.0677966102,4
Ehsan Adil,0.5,0,6.75,62.7906976744,4
DA Miller,2.5652173913,0.130434782609,25.2898550725,97.2686733556,69
SP Patil,1.3,0.1,15.6,51.4851485149,10
WF Stelling,2.0,0,20.0,102.564102564,2
KC Sangakkara,4.39150943396,0.367924528302,42.4952830189,81.1914203317,212
Fawad Ahmed,1.0,0,4.0,200.0,1
Irfan Ahmed,3.33333333333,0,18.3333333333,67.9012345679,3
AT Rayudu,3.38461538462,0.269230769231,35.6923076923,76.0655737705,26
SR Tendulkar,5.9,0.366666666667,45.5222222222,85.3897457274,90
RK Kleinveldt,2.0,0,15.0,81.3953488372,7
V Sibanda,3.1,0.185714285714,24.4428571429,64.908952959,70
KED Carroll,0.333333333333,0,9.33333333333,66.6666666667,3
BCJ Cutting,2.5,0,26.5,79.1044776119,2
CD Collymore,0.333333333333,0,3.22222222222,59.1836734694,9
GM Hamilton,1.5,0.0833333333333,17.0833333333,56.1643835616,12
Mustafizur Rahman,0.5,0,3.75,44.1176470588,4
L Vincent,3.33333333333,0.277777777778,30.3333333333,69.3773824651,18
T Mupariwa,0.416666666667,0,3.58333333333,39.0909090909,12
DSNFG Jayasuriya,1.0,0,5.5,64.7058823529,2
T Panyangara,0.62962962963,0,5.07407407407,55.0200803213,27
Naumanullah,1.0,0,4.0,100.0,1
Tanvir Ahmed,3.0,0,18.0,150.0,1
Younis Khan,2.74166666667,0.233333333333,29.1583333333,73.9902727849,120
Wahab Riaz,1.26,0.04,10.66,79.552238806,50
AB Barath,2.76923076923,0.0769230769231,21.6153846154,56.4257028112,13
MN van Wyk,3.33333333333,0.266666666667,27.2,66.9950738916,15
WW Hinds,1.11111111111,0,12.0,38.9891696751,9
F du Plessis,3.42168674699,0.289156626506,34.7228915663,83.3188782885,83
SKW Kelly,1.0,0,7.0,140.0,1
WU Tharanga,3.94890510949,0.262773722628,32.9270072993,71.7284146923,137
SM Warnapura,2.0,0,15.0,46.875,2
Imran Tahir,0.625,0,5.0625,65.8536585366,16
AN Petersen,3.11111111111,0.222222222222,27.6666666667,81.6393442623,18
J Charles,4.02857142857,0.171428571429,29.0,83.0605564648,35
AC Botha,1.86666666667,0.0666666666667,16.9333333333,63.8190954774,15
DG Brownlie,3.0,0,22.5555555556,72.5,9
Noor Ali Zadran,3.35294117647,0.176470588235,26.0,68.0,17
S Badrinath,0.666666666667,0,13.1666666667,45.6647398844,6
V Permaul,0.333333333333,0,3.66666666667,50.0,3
JJ Tucker,2.54545454545,0,18.4545454545,63.2398753894,11
NL McCullum,1.64516129032,0.0645161290323,17.2580645161,85.8059342422,62
DL Hemp,3.18181818182,0.272727272727,24.3636363636,67.3366834171,11
M Ntini,0.375,0,3.25,63.4146341463,16
AG Cremer,1.0,0.0277777777778,12.3888888889,61.9444444444,36
A Flintoff,2.4375,0.09375,22.5,86.5384615385,32
ES Szwarczynski,2.72727272727,0.272727272727,25.5454545455,59.4080338266,11
Mahbubul Alam,3.5,0.5,39.5,109.722222222,2
I Wardlaw,0.222222222222,0,2.11111111111,54.2857142857,9
G Gambhir,4.05,0.341666666667,37.9,84.11318661,120
NJ Astle,2.8,0.1,20.0,67.5675675676,10
Faisal Iqbal,3.0,0,26.0,53.0612244898,1
Sarfraz Ahmed,2.02380952381,0.0952380952381,25.0238095238,83.4126984127,42
L Balaji,1.0,0,7.0,70.0,1
Munir Dar,2.0,0,7.0,82.3529411765,2
Anwar Ali,2.13333333333,0,18.7333333333,79.8295454545,15
S Chattergoon,4.66666666667,0.166666666667,27.8333333333,60.9489051095,6
Imad Wasim,2.33333333333,0.333333333333,25.3333333333,90.4761904762,3
BP Nash,1.0,0,5.0,62.5,1
Zahid Shah,1.0,0,5.5,55.0,2
RT Lyons,1.0,0,5.0,166.666666667,1
W Jaffer,1.0,0,5.0,43.4782608696,2
Anamul Haque,3.96296296296,0.222222222222,35.1851851852,68.5425685426,27
CR Woakes,1.06060606061,0,14.7272727273,76.7772511848,33
RS Morton,2.2962962963,0.222222222222,28.8888888889,67.0103092784,27
Hasti Gul,3.0,0,23.0,209.090909091,1
FH Edwards,0.384615384615,0,4.46153846154,50.4347826087,13
M Muralitharan,0.69696969697,0,5.63636363636,99.4652406417,33
GS Ballance,1.46666666667,0.133333333333,19.8,66.0,15
SW Poynter,0.5,0,7.5,50.0,2
Alok Kapali,2.21428571429,0.0714285714286,19.3571428571,75.4874651811,14
CJO Smith,2.5,0.1,17.2,67.9841897233,10
R Dhawan,0.5,0,6.0,92.3076923077,2
AF Milne,0.916666666667,0,10.6666666667,94.1176470588,12
EJ Richardson,2.0,0,12.0,66.6666666667,1
Sabbir Rahman,3.21052631579,0.105263157895,25.3684210526,97.9674796748,19
Zain Abbas,2.0,0,26.0,47.2727272727,1
Ahmed Raza,1.66666666667,0,11.6666666667,61.4035087719,3
PW Borren,3.125,0.1875,25.625,90.1098901099,16
R Clarke,1.5,0,19.5,81.25,2
JD Ryder,4.83333333333,0.25,34.5,95.9814528594,36
IDR Bradshaw,0.571428571429,0,7.14285714286,47.619047619,7
MA Vermeulen,1.85714285714,0.142857142857,20.2857142857,68.2692307692,7
TC Bastiampillai,2.6,0,17.8,54.6012269939,5
Shafiul Islam,0.535714285714,0,4.42857142857,57.6744186047,28
GD Elliott,2.68181818182,0.19696969697,29.2727272727,79.8017348203,66
MN Waller,1.80434782609,0.0652173913043,16.9782608696,67.9130434783,46
KO Otieno,1.25,0,6.0,35.8208955224,4
I Sharma,0.24,0,2.84,34.1346153846,25
MS Panesar,0.285714285714,0,3.71428571429,28.2608695652,7
AJ Finch,4.43396226415,0.301886792453,36.3018867925,83.7614279495,53
OL Pitcher,0.666666666667,0,9.33333333333,33.734939759,3
ML Hayden,6.35897435897,0.384615384615,50.4615384615,83.3898305085,39
AR White,1.0,0,13.0869565217,60.4417670683,23
C Zhuwao,3.0,0,16.0,72.7272727273,1
MW Machan,3.35714285714,0.214285714286,32.9285714286,76.4510779436,14
Shahid Afridi,2.67785234899,0.0939597315436,21.0805369128,127.734851566,149
LL Tsotsobe,0.444444444444,0,3.16666666667,50.8928571429,18
BB Chari,1.0,0,19.0,45.5089820359,4
JK Kamande,0.823529411765,0,9.41176470588,46.511627907,17
SP Fleming,4.30769230769,0.307692307692,32.8076923077,73.6614853195,26
U Bhatti,1.625,0,15.0,91.6030534351,8
AD Poynter,0.833333333333,0,10.8333333333,48.5074626866,6
PM Seelaar,0.714285714286,0,5.42857142857,43.6781609195,7
Zulfiqar Babar,0.6,0,7.0,87.5,5
JJ Roy,4.36842105263,0.210526315789,29.3684210526,95.3846153846,19
Mohammad Rizwan,2.76923076923,0.230769230769,26.7692307692,92.8,13
DW Steyn,0.75,0,6.52272727273,61.5879828326,44
BJ Watling,3.0,0.263157894737,27.7894736842,66.9201520913,19
Zaheer Maqsood,1.0,0,5.0,50.0,1
Kamran Akmal,3.0,0.119565217391,23.2282608696,80.5199698568,92
B Kumar,0.75,0,7.39285714286,72.1254355401,28
Aftab Alam,0.6,0,3.8,67.8571428571,5
CJ McKay,0.615384615385,0,6.88461538462,55.0769230769,26
CRD Fernando,0.571428571429,0,5.42857142857,64.7727272727,21
SPD Smith,3.27118644068,0.237288135593,35.2881355932,87.5893984013,59
ME Trescothick,6.625,0.375,49.5,87.417218543,8
JW Dernbach,0.125,0,2.375,47.5,8
JJ Atkinson,2.33333333333,0,20.3333333333,51.2605042017,3
C Munro,2.77777777778,0.222222222222,27.1111111111,93.1297709924,9
MF Maharoof,1.40540540541,0.027027027027,14.2162162162,82.0592823713,37
Mahmudullah,2.26732673267,0.158415841584,24.6237623762,71.1181012296,101
Mudassar Bukhari,0.818181818182,0,9.81818181818,71.5231788079,11
D Ramdin,1.74698795181,0.0963855421687,19.3614457831,80.7537688442,83
ND McKenzie,2.25,0.25,27.0,64.2857142857,4
JE Taylor,0.903225806452,0,6.96774193548,83.3976833977,31
JEC Franklin,1.7358490566,0.0754716981132,18.9433962264,79.4303797468,53
LJ Wright,1.92105263158,0.0263157894737,17.2368421053,81.875,38
RR Rossouw,3.96296296296,0.222222222222,31.8148148148,92.6645091694,27
MS Atapattu,2.63636363636,0,24.4545454545,66.9154228856,11
Junaid Siddique,2.20454545455,0.113636363636,20.3636363636,68.1368821293,44
S Dhaniram,2.45454545455,0.181818181818,25.1818181818,87.6582278481,11
AB Dinda,0.2,0,4.2,55.2631578947,5
MKDI Amerasinghe,0.333333333333,0,1.66666666667,71.4285714286,3
ADJ Pitcher,1.0,0,8.0,66.6666666667,1
KAJ Roach,0.526315789474,0,5.68421052632,50.5854800937,38
Junaid Siddiqui,0.5,0,13.0,41.935483871,4
Mohammad Shahzad,4.38888888889,0.166666666667,31.1666666667,95.0847457627,18
HH Dippenaar,2.5,0.25,23.375,64.4827586207,8
GP Swann,1.08695652174,0,10.3043478261,90.6309751434,46
Adnan Akmal,0.75,0,15.25,66.3043478261,4
Naved-ul-Hasan,1.15,0,11.35,83.4558823529,20
RS Bopara,2.22429906542,0.140186915888,25.0280373832,76.4924307341,107
Mohammed Shami,0.684210526316,0,5.68421052632,88.5245901639,19
Haris Sohail,3.38095238095,0.333333333333,36.8571428571,80.9623430962,21
Shoaib Malik,2.81818181818,0.191919191919,28.7676767677,81.6513761468,99
Nasir Jamshed,3.52083333333,0.229166666667,29.4583333333,73.2263076126,48
Shuvagoto Hom,3.0,0,23.3333333333,79.5454545455,3
RW Price,0.702702702703,0,7.24324324324,58.6433260394,37
MA Ouma,1.78260869565,0.0434782608696,16.3043478261,57.5153374233,23
DC Thomas,1.10526315789,0,12.4736842105,62.5329815303,19
R Gunasekera,1.91666666667,0.25,21.25,55.6768558952,12
RDM Leverock,0.222222222222,0,5.0,37.1900826446,9
J Patraj,0.5,0,10.5,43.75,2
HS Baidwan,0.833333333333,0,9.75,64.2857142857,12
Rizwan Cheema,2.46153846154,0.0769230769231,15.0769230769,117.365269461,13
WD Parnell,1.47826086957,0.0434782608696,15.8260869565,74.7433264887,23
AR Berenger,1.625,0.125,13.75,57.2916666667,8
TT Bresnan,1.52380952381,0.015873015873,13.8095238095,88.4146341463,63
DR Brown,1.5,0,18.0,62.6086956522,4
CK Langeveldt,0.571428571429,0,4.71428571429,59.4594594595,14
RD Berrington,2.15789473684,0.157894736842,23.5789473684,70.8860759494,19
Dawlat Zadran,0.952380952381,0,7.57142857143,59.7744360902,21
DAJ Bracewell,0.428571428571,0,8.42857142857,65.5555555556,7
KD Mills,1.52542372881,0.0338983050847,12.8644067797,90.7894736842,59
UT Yadav,0.533333333333,0,3.46666666667,56.5217391304,15
Dolar Mahmud,2.25,0,15.0,136.363636364,4
JWM Dalrymple,1.36,0.08,18.32,73.6334405145,25
KMDN Kulasekara,1.20388349515,0.0388349514563,12.0582524272,81.1764705882,103
K Weeraratne,1.66666666667,0,26.0,83.8709677419,3
RG Aga,5.0,0.333333333333,37.6666666667,100.0,3
TG Gordon,0.5,0,5.25,36.2068965517,4
UT Khawaja,2.8,0.2,21.6,84.375,5
Suhrawadi Shuvo,1.0,0,9.7,70.2898550725,10
RR Sarwan,2.90625,0.21875,29.453125,69.763138416,64
CA Pujara,0.5,0,6.0,34.7826086957,4
WB Rankin,0.0769230769231,0,2.92307692308,36.5384615385,13
Arafat Sunny,0.454545454545,0,4.27272727273,49.4736842105,11
Q de Kock,5.07272727273,0.236363636364,38.8727272727,90.55484964,55
Yasir Hameed,1.2,0.2,28.2,51.2727272727,5
K Whatham,2.0,0,18.0,41.8604651163,1
TA Boult,0.727272727273,0,5.27272727273,77.3333333333,11
MJ Prior,2.27083333333,0.0625,21.6875,76.4878765614,48
TMK Mawoyo,0.571428571429,0,8.28571428571,34.9397590361,7
J Botha,1.13636363636,0,11.5681818182,85.2596314908,44
LP van Troost,1.0,0,8.75,61.4035087719,4
JJ Celestine,1.66666666667,0,9.33333333333,43.75,3
S Jyoti,0.5,0,9.0,41.8604651163,2
RT Ponting,4.2389380531,0.336283185841,38.3362831858,81.3979706877,113
Zafar Gohar,1.0,0,15.0,100.0,1
CJ Ferguson,2.47826086957,0.173913043478,26.347826087,80.4780876494,23
MJ Clarke,3.21830985915,0.30985915493,36.7957746479,75.1798561151,142
Habibul Bashar,1.125,0,15.25,51.2605042017,16
RR Patel,1.5,0,16.8,70.8860759494,10
IH Romaine,1.75,0.0833333333333,14.5833333333,48.6111111111,12
Krishna Chandran,0.6,0,7.4,31.0924369748,5
GH Dockrell,0.708333333333,0,7.54166666667,68.045112782,24
GJ Maxwell,3.89090909091,0.236363636364,28.8363636364,122.282189668,55
L Sreekumar,2.0,0,13.0,72.2222222222,1
RJ Nicol,3.3,0.2,29.25,73.400250941,20
KAD Hurdle,0.375,0,3.125,53.1914893617,8
RJ Peterson,1.62068965517,0.0344827586207,15.7931034483,83.5766423358,29
Usman Ghani,3.36363636364,0.181818181818,30.4545454545,75.1121076233,11
SO Tikolo,2.39130434783,0.0869565217391,19.6956521739,70.2325581395,23
SS Pathirana,2.33333333333,0,21.6666666667,85.5263157895,3
JM Davison,3.2,0.2,21.7,108.5,10
T Mishra,2.46666666667,0.266666666667,26.3333333333,70.0354609929,15
GI Maiden,1.0,0,12.0,85.7142857143,1
MR Marsh,3.48148148148,0.259259259259,31.3333333333,95.2702702703,27
XJ Doherty,0.190476190476,0,4.28571428571,52.0231213873,21
SJ Harmison,0.142857142857,0,5.14285714286,72.0,7
J Lewis,0.571428571429,0,6.0,85.7142857143,7
R Rampaul,1.30303030303,0.030303030303,9.90909090909,77.4881516588,33
D Langford-Smith,0.888888888889,0,8.66666666667,92.8571428571,9
DR Chumney,2.5,0,25.1666666667,67.4107142857,6
RN ten Doeschate,5.53846153846,0.461538461538,45.6923076923,87.0967741935,13
KD Karthik,2.46551724138,0.103448275862,21.5344827586,71.6991963261,58
CA Young,1.0,0,5.33333333333,84.2105263158,3
AG Prince,1.375,0,18.5,78.3068783069,8
PA Browne,2.6,0,26.8,73.2240437158,5
JM Anderson,0.365384615385,0,3.92307692308,52.7131782946,52
RT Crandon,1.0,0,5.0,55.5555555556,1
PA Nixon,1.55555555556,0,16.3888888889,84.0455840456,18
Raza-ur-Rehman,6.0,0.5,43.5,80.9302325581,4
Mohammad Amir,1.5,0.0714285714286,12.0,73.6842105263,14
TBM de Leede,1.0,0,9.75,60.9375,4
S Randiv,1.6875,0.0625,15.875,69.9724517906,16
NM Lyon,0.666666666667,0,4.0,133.333333333,3
TC Mutombodzi,1.0,0,8.33333333333,96.1538461538,3
RM Haq,1.21052631579,0.0526315789474,11.4210526316,51.5439429929,19
RN Lewis,1.66666666667,0,19.5,119.387755102,6
JL Carter,1.91666666667,0.0833333333333,17.6666666667,60.5714285714,12
SR Clark,0.285714285714,0,4.0,54.9019607843,7
F Behardien,2.20588235294,0.117647058824,22.5,95.8646616541,34
NN Odhiambo,1.11111111111,0,10.5,64.9484536082,18
P Mustard,3.33333333333,0.111111111111,23.8888888889,88.1147540984,9
A Mishra,0.375,0,3.5,42.4242424242,8
MS Chapman,13.0,1.0,124.0,106.896551724,1
Nasir Hossain,2.73333333333,0.155555555556,27.3555555556,78.9102564103,45
HH Gibbs,4.7962962963,0.314814814815,36.5185185185,85.2203975799,54
B Zuiderent,1.36363636364,0.0909090909091,13.4545454545,51.5679442509,11
AL Kandappah,3.5,0.5,48.5,61.0062893082,2
MA Starc,0.642857142857,0,7.92857142857,70.253164557,14
HJW Gardiner,3.33333333333,0.222222222222,27.0,70.4347826087,9
TM Dowlin,2.1,0.2,22.7,62.7071823204,10
JS Patel,0.7,0,8.4,60.0,10
FDM Karunaratne,1.0,0,11.8181818182,65.6565656566,11
J Anderson,1.66666666667,0,13.3333333333,42.5531914894,3
LN Onyango,1.5,0,15.25,74.3902439024,4
AA Obanda,4.69230769231,0.230769230769,35.6153846154,70.1515151515,13
SM Katich,2.33333333333,0,18.6666666667,50.4504504505,3
Waqas Barkat,0.5,0,10.0,52.6315789474,2
Misbah-ul-Haq,2.9696969697,0.295454545455,35.6136363636,72.5462962963,132
DBL Powell,0.529411764706,0,5.76470588235,77.1653543307,17
LS Baker,0.666666666667,0,3.33333333333,58.8235294118,3
Shakib Al Hasan,2.9,0.253846153846,29.8384615385,79.3251533742,130
Shahriar Nafees,3.28571428571,0.142857142857,23.7619047619,67.7069199457,42
HJH Marshall,1.1,0.1,11.4,69.512195122,10
MH Cross,1.53333333333,0.0666666666667,14.2666666667,72.7891156463,15
Amjad Ali,4.46153846154,0.230769230769,32.4615384615,72.2602739726,13
Javed Omar,2.66666666667,0.166666666667,24.3333333333,48.0263157895,6
ZE Surkari,0.875,0,15.875,42.474916388,8
KS Williamson,4.32941176471,0.376470588235,42.7647058824,82.9908675799,85
GA Lamb,0.5,0,14.0714285714,50.6426735219,14
K Rabada,1.0,0,8.0,64.8648648649,6
Asad Ali,0.5,0,5.0,62.5,2
LPC Silva,2.53191489362,0.255319148936,26.2127659574,70.8045977011,47
P Utseya,0.987341772152,0.0379746835443,12.7594936709,58.9129164231,79
AJ Ireland,0.2,0,2.2,17.7419354839,5
KM Jarvis,0.333333333333,0,3.75,36.2903225806,12
GJ Hopkins,1.3125,0,14.75,74.4479495268,16
PJC Hoffmann,1.66666666667,0,10.0,130.434782609,3
AR Patel,0.642857142857,0,6.14285714286,92.4731182796,14
TL Chatara,0.705882352941,0,5.82352941176,57.225433526,17
L Ronchi,2.90384615385,0.0769230769231,22.0,115.438950555,52
WPUJC Vaas,0.653846153846,0,8.65384615385,66.1764705882,26
BJ Haddin,3.31632653061,0.163265306122,27.7244897959,82.358290391,98
LD Chandimal,2.17204301075,0.182795698925,25.7419354839,73.7068965517,93
AN Cook,4.16853932584,0.269662921348,35.8426966292,75.7359924027,89
E Otieno,0.285714285714,0,3.0,36.8421052632,7
BC Lara,3.35714285714,0.178571428571,29.3571428571,75.7603686636,28
RD Shah,3.75,0.25,30.0,71.8562874251,4
Nizakat Khan,2.0,0,21.0,70.0,2
PJ Hughes,4.52380952381,0.285714285714,38.7619047619,74.7474747475,21
JF Mooney,2.02941176471,0.0294117647059,18.0588235294,81.2169312169,34
PA Patel,2.65217391304,0.130434782609,22.1304347826,79.4071762871,23
A Mithun,2.0,0,17.0,89.4736842105,3
KD Shah,5.0,0,34.0,89.4736842105,1
JP Faulkner,2.83333333333,0.138888888889,23.4444444444,110.761154856,36
MR Swart,1.8,0,16.2,65.8536585366,5
CJ Jordan,0.842105263158,0,8.10526315789,87.0056497175,19
HS Modi,1.0,0,11.5,38.9830508475,2
Mohammad Sami,1.75,0,16.0,56.6371681416,4
MB Loye,3.42857142857,0,20.2857142857,74.7368421053,7
MM Iqbal,0.6,0,9.0,39.4736842105,5
MA Parker,1.0,0,16.0,72.7272727273,1
SJ Myburgh,3.6,0.2,26.6,84.7133757962,5
Jubair Hossain,1.0,0,5.0,50.0,1
T Taibu,2.56140350877,0.280701754386,31.0175438596,72.0750101916,57
Litton Das,2.66666666667,0,25.3333333333,72.380952381,3
MD Bates,2.0,0,9.0,90.0,1
JO Ngoche,0.333333333333,0,3.66666666667,37.9310344828,3
SMSM Senanayake,1.0625,0,8.625,87.0662460568,32
KTGD Prasad,1.33333333333,0,12.4444444444,106.666666667,9
AM Ellis,1.0,0,12.75,80.9523809524,12
AB de Villiers,5.1124260355,0.408284023669,47.3076923077,99.7753650318,169
A Nel,1.06666666667,0,7.66666666667,81.5602836879,15
Aamer Yamin,4.5,0.5,31.0,84.9315068493,2
MMA Jonkman,2.0,0,13.0,34.2105263158,1
JE Root,3.63492063492,0.31746031746,40.6349206349,83.660130719,63
SM Sharif,1.75,0,14.5,78.3783783784,4
LR Johnson,1.0,0,6.33333333333,29.2307692308,3
GJ Batty,0.333333333333,0,7.33333333333,40.0,3
Salman Butt,5.3,0.375,41.325,78.751786565,40
TM Odoyo,2.45454545455,0.181818181818,23.8636363636,72.3140495868,22
SW Billings,3.0,0,22.5,128.571428571,4
DT Johnston,1.2,0,12.1,74.8453608247,30
BV Vitori,0.9,0,6.3,86.301369863,10
HA Varaiya,0.3,0,4.2,35.593220339,10
TM Dilshan,4.60869565217,0.275362318841,38.3816425121,86.3305443877,207
KJ O'Brien,3.11764705882,0.0980392156863,25.0392156863,84.7378898474,51
RG Sharma,3.83211678832,0.270072992701,35.7591240876,83.0198271479,137
Iftikhar Ahmed,0.5,0,4.0,25.8064516129,2
TN de Grooth,0.625,0,8.75,46.6666666667,8
DR Flynn,2.0,0,16.7,67.6113360324,10
Sami Aslam,7.0,0,44.0,84.6153846154,1
A Nehra,0.263157894737,0,2.84210526316,43.2,19
Harbhajan Singh,0.920634920635,0,10.0476190476,77.0072992701,63
SR Waters,1.0,0,9.57142857143,45.5782312925,7
KDK Vithanage,1.83333333333,0,12.3333333333,80.4347826087,6
Umar Amin,2.0,0.0666666666667,17.8,66.0891089109,15
JO Holder,2.13636363636,0.0909090909091,16.9090909091,97.8947368421,22
GD Drummond,2.66666666667,0,23.0,123.214285714,3
Hamid Hassan,0.625,0,4.875,38.2352941176,8
Shoaib Akhtar,0.421052631579,0,3.21052631579,67.032967033,19
Umar Akmal,2.91919191919,0.212121212121,28.8181818182,84.4332642794,99
M Kaif,1.77777777778,0.222222222222,23.8888888889,61.4285714286,9
CS MacLeod,2.78947368421,0.105263157895,22.2631578947,82.2957198444,19
MH Yardy,0.875,0.0833333333333,13.5833333333,66.5306122449,24
Hamza Tariq,3.2,0.2,19.6,68.0555555556,5
Sohail Khan,0.333333333333,0,4.16666666667,48.0769230769,6
PJ Cummins,0.571428571429,0,4.85714285714,53.9682539683,7
JC Tredwell,0.52,0,6.52,65.991902834,25
CM Wright,0.833333333333,0,13.3333333333,55.1724137931,6
DA Minors,1.75,0,12.5,56.8181818182,8
Imrul Kayes,3.05555555556,0.222222222222,27.1296296296,63.6126791142,54
MN Samuels,3.72115384615,0.230769230769,31.4038461538,74.4811858609,104
VS Solanki,2.0,0,27.0,101.886792453,2
MK Pandey,5.0,0.666666666667,59.6666666667,101.704545455,3
SF Mire,1.9,0.2,19.8,63.8709677419,10
AD Hales,4.32142857143,0.285714285714,34.2142857143,85.9192825112,28
STR Binny,2.4,0.1,20.5,95.7943925234,10
Dhiman Ghosh,0.909090909091,0,11.2727272727,60.487804878,11
MA Leask,2.77777777778,0.111111111111,19.8888888889,114.743589744,9
TJ Murtagh,1.25,0,10.125,84.375,8
CO Obuya,2.83333333333,0.125,27.1666666667,72.6867335563,24
T Kamungozi,0.5,0,2.7,46.5517241379,10
DR Smith,2.49019607843,0.117647058824,17.9019607843,85.2474323063,51
BB McCullum,4.05333333333,0.206666666667,30.32,99.671268902,150
AB Agarkar,0.3125,0,5.75,44.6601941748,16
SK Raina,3.16279069767,0.220930232558,29.3255813953,92.5844346549,172
RE van der Merwe,0.714285714286,0,5.57142857143,95.1219512195,7
BA Stokes,2.23529411765,0.117647058824,20.1470588235,90.0131406045,34
S Sreesanth,0.125,0,2.4375,32.5,16
VD Philander,0.823529411765,0,8.88235294118,69.2660550459,17
P Kumar,1.0,0.03125,9.03125,86.0119047619,32
OA Shah,3.13043478261,0.239130434783,32.6739130435,81.1993517018,46
JL Ontong,2.5,0,21.5,78.1818181818,4
Azhar Ali,3.83333333333,0.3,38.5333333333,73.6775015934,30
V Kohli,4.65,0.375,44.7125,88.2229621408,160
SE Findlay,2.75,0.25,22.0,62.8571428571,4
WP Saha,0.75,0,6.0,64.8648648649,4
