Batsman,Home Run Hitting Ability,Milestone Reaching Ability,Matches Played
JA Morkel,2.27777777778,0.0555555555556,36
IG Butler,1.14285714286,0,7
T Thushara,1.72727272727,0.0454545454545,22
V Sehwag,6.15957446809,0.255319148936,94
KA Edwards,1.875,0.0625,16
SC Williams,2.59154929577,0.267605633803,71
DE Bernard,1.0,0,10
Anshuman Rath,4.0,0,1
WK McCallan,0.692307692308,0,13
LE Plunkett,1.38095238095,0,21
S Mukuddem,1.5,0.25,4
RK Whelan,0.5,0,2
Nasir Aziz,5.5,0.5,2
Shaiman Anwar,5.36363636364,0.363636363636,11
SD Outerbridge,0.777777777778,0,9
MJ Guptill,4.82352941176,0.310924369748,119
Najibullah Zadran,2.38888888889,0.111111111111,18
GB Hogg,1.14285714286,0,14
CT Tremlett,0.4,0,10
JW Hastings,1.76923076923,0,13
PA Hitchcock,1.0,0,1
WD Balaji Rao,0.4,0,5
CK Kapugedera,1.71666666667,0.116666666667,60
RR Watson,3.2,0.2,10
N Deonarine,2.09090909091,0.136363636364,22
CR Brathwaite,1.14285714286,0,7
MC Sorensen,2.0,0,7
ML Udawatte,2.85714285714,0.142857142857,7
NW Bracken,0.391304347826,0,23
DLS van Bunge,2.28571428571,0.142857142857,7
SR Patel,2.22727272727,0.0454545454545,22
M Kartik,1.66666666667,0,3
Rubel Hossain,0.37037037037,0,27
Ziaur Rahman,1.72727272727,0,11
CK Coventry,3.15789473684,0.157894736842,19
PC de Silva,1.5,0,6
D Mongia,2.5,0.166666666667,6
D Ganga,1.0,0,2
TT Samaraweera,2.22222222222,0.0740740740741,27
AM Guruge,0.5,0,2
MJ Santner,3.0,0,11
Mohammad Shahzad (2),3.66666666667,0.333333333333,3
CR Ervine,3.39473684211,0.236842105263,38
XM Marshall,1.5,0,8
IR Bell,3.60714285714,0.257142857143,140
RV Uthappa,3.02702702703,0.135135135135,37
Javed Ahmadi,2.93333333333,0.2,15
Tabarak Dar,2.5,0,2
KW Richardson,1.0,0,4
RL Bhudia,2.0,0,1
Umar Gul,0.766666666667,0,60
HDRL Thirimanne,2.67857142857,0.238095238095,84
MBS Jonkman,0.666666666667,0,3
D Elgar,1.0,0,5
Abdur Rehman,0.5,0,22
H Masakadza,3.37391304348,0.208695652174,115
KO Meth,0.8,0,5
MS Wade,1.90384615385,0.134615384615,52
AM Samad,2.44444444444,0,9
LOB Cann,3.3,0.1,10
B Lee,1.09090909091,0.0227272727273,44
JR Hazlewood,0.5,0,2
DF Watts,2.44444444444,0.333333333333,9
R Mutumbami,2.375,0.0833333333333,24
PP Ojha,0.333333333333,0,9
TWM Latham,2.76470588235,0.147058823529,34
Saqlain Haider,1.0,0,1
Nawroz Mangal,1.78260869565,0.0869565217391,23
JH Kallis,3.71111111111,0.366666666667,90
Babar Hayat,3.0,0,2
MM Patel,0.363636363636,0,22
DE Bollinger,0.714285714286,0,7
LRPL Taylor,3.74285714286,0.307142857143,140
CH Gayle,4.62393162393,0.213675213675,117
DR Lockhart,2.0,0,1
Zeeshan Siddiqi,1.0,0,1
NM Hauritz,1.04,0.04,25
D Daesrath,4.0,0,1
Haseeb Amjad,3.0,0,1
Shafiqullah,1.375,0.125,8
MDKJ Perera,3.35416666667,0.1875,48
Khurram Chohan,0.777777777778,0,9
AF Buurman,2.0,0,2
SJ Benn,0.761904761905,0,21
IJL Trott,3.39682539683,0.412698412698,63
BAW Mendis,0.461538461538,0,39
PD McGlashan,3.5,0.5,2
IK Pathan,1.875,0.025,40
CJ Anderson,3.74285714286,0.142857142857,35
Khaled Mashud,0.5,0,4
Hammad Azam,1.4,0,5
DPMD Jayawardene,3.37313432836,0.26368159204,201
AS Hansra,1.85714285714,0.142857142857,14
Najeeb Amar,2.5,0,2
PG Fulton,2.81818181818,0.181818181818,33
ST Finn,0.56,0,25
JAR Blain,1.0,0,7
JH Davey,1.66666666667,0.0666666666667,15
SL Malinga,0.609756097561,0.0121951219512,82
PC Connell,1.0,0,1
LM Jongwe,1.27777777778,0,18
RR Emrit,0.5,0,2
KOA Powell,3.59259259259,0.222222222222,27
Abdur Razzak,0.853333333333,0.0133333333333,75
Mahmudullah,2.26732673267,0.158415841584,101
DJG Sammy,2.23762376238,0.0891089108911,101
JR Hopes,2.09259259259,0.0555555555556,54
T Maruma,0.642857142857,0,14
HF Gurney,0.166666666667,0,6
E Chigumbura,2.23846153846,0.1,130
KP Pietersen,3.70833333333,0.239583333333,96
DO Obuya,1.0625,0.0625,16
Yasir Arafat,2.66666666667,0,3
Rashid Khan,1.4,0,5
DL Vettori,1.43835616438,0.027397260274,73
Shahzaib Hasan,5.0,0.333333333333,3
Samiullah Shenwari,3.16666666667,0.233333333333,30
GW Flower,1.0,0,2
Shapoor Zadran,0.153846153846,0,13
Syed Rasel,0.222222222222,0,18
Asif Iqbal (1),2.0,0,1
Ahmed Shehzad,3.71621621622,0.256756756757,74
MT Chinouya,0.5,0,2
JDS Neesham,1.75,0,16
CAK Walton,0.25,0,4
RA Jadeja,2.12941176471,0.117647058824,85
Sami Faridi,1.0,0,1
Rajin Saleh,2.0,0,4
BMAJ Mendis,1.39473684211,0.0263157894737,38
SMA Priyanjan,2.5,0.1,20
JP Duminy,2.38888888889,0.190476190476,126
LJ Woodcock,0.5,0,2
NO Miller,1.04,0.04,25
RJ Trott,1.75,0,4
DJ Hussey,2.5,0.241379310345,58
MG Johnson,1.18072289157,0.0240963855422,83
MWA van Nierop,1.0,0,1
Zulqarnain Haider,0.75,0,4
SM Pollock,2.34375,0.125,32
PD Collingwood,2.65625,0.197916666667,96
CH Morris,1.83333333333,0.166666666667,6
Asad Shafiq,2.09433962264,0.169811320755,53
Bazid Khan,1.5,0.5,2
PJ Forrest,2.71428571429,0.285714285714,14
Mirwais Ashraf,0.888888888889,0,18
Liton Das,1.0,0,6
AJ Hall,1.4,0.1,10
Sikandar Raza,3.16326530612,0.142857142857,49
RJ Sidebottom,0.6875,0,16
AC Gilchrist,4.52380952381,0.285714285714,42
M Morkel,0.702702702703,0,37
ST Jayasuriya,4.78666666667,0.2,75
CJ Chibhabha,2.48648648649,0.162162162162,74
Tamim Iqbal,4.00735294118,0.272058823529,136
MJ Lumb,5.0,0.333333333333,3
JM How,3.34615384615,0.192307692308,26
Gulbodin Naib,1.75,0,4
N Madziva,0.6,0,10
D Wiese,2.0,0,6
AC Evans,1.5,0,6
Aizaz Cheema,0.333333333333,0,6
Mohammad Tauqir,0.571428571429,0,7
DR Martyn,5.71428571429,0.428571428571,7
Raees Ahmadzai,5.0,0,1
Sohaib Maqsood,2.96,0.2,25
ADS Fletcher,1.8125,0.125,16
G Chapple,2.0,0,1
LE Bosman,3.83333333333,0.166666666667,12
JWA Taylor,3.11538461538,0.307692307692,26
DCC Borden,0.5,0,4
HMCM Bandara,1.0,0,7
Karim Sadiq,2.88888888889,0.111111111111,9
Naeem Islam,1.89130434783,0.108695652174,46
LMP Simmons,3.3125,0.28125,64
DM Richards,3.42857142857,0.285714285714,7
Soumya Sarkar,6.6875,0.3125,16
A Codrington,1.0,0,1
Mohammad Iqbal,3.0,0,2
EC Joyce,3.375,0.25,48
Mushfiqur Rahim,2.6641221374,0.190839694656,131
Mohammad Ashraful,2.35714285714,0.130952380952,84
Sohag Gazi,1.375,0,16
AR Cusack,1.04166666667,0,24
TS Chisoro,0.4,0,5
Farhad Reza,1.6,0,25
NR Kumar,1.5,0,10
TD Paine,3.39130434783,0.217391304348,23
PJ Moor,2.42857142857,0.285714285714,7
IS Billcliff,1.75,0.25,4
Jahurul Islam,2.18181818182,0.0909090909091,11
KA Pollard,2.78481012658,0.126582278481,79
SM Davies,4.5,0.125,8
CT Mutombodzi,1.16666666667,0,6
Usman Limbada,3.25,0.25,4
SR Watson,4.73134328358,0.283582089552,134
NLTC Perera,1.67088607595,0.0632911392405,79
Gurkeerat Singh,1.0,0,2
SO Ngoche,0.6,0,5
R McLaren,1.2,0.025,40
KJ Abbott,0.6,0,10
VR Aaron,0.333333333333,0,3
JC Buttler,3.44262295082,0.180327868852,61
KM Dabengwa,1.2380952381,0,21
Arshad Ali,2.5,0,2
GC Smith,4.07766990291,0.300970873786,103
A Symonds,3.44186046512,0.302325581395,43
AJ Redmond,3.16666666667,0.166666666667,6
Inzamam-ul-Haq,3.16666666667,0,12
MM Sharma,0.625,0,8
CJ Smith,0.8,0,5
MEK Hussey,2.73983739837,0.260162601626,123
MM Ali,3.08571428571,0.142857142857,35
AM Phangiso,0.555555555556,0,9
JDP Oram,2.66,0.18,50
MJ McClenaghan,0.928571428571,0,14
Asghar Stanikzai,1.92307692308,0.115384615385,26
SS Tiwary,3.0,0,2
NM Coulter-Nile,0.571428571429,0,7
Khurram Manzoor,3.33333333333,0.5,6
DJ Bravo,2.35514018692,0.11214953271,107
J Nyumbu,0.142857142857,0,14
Shamsur Rahman,3.2,0.2,10
BJ Hodge,3.6,0.2,15
DJ Willey,0.571428571429,0,7
HM Amla,5.17213114754,0.401639344262,122
AR McBrine,1.0,0,4
AA Mulla,3.125,0.125,8
GJ Bailey,3.34375,0.296875,64
MO Jones,1.33333333333,0,6
PJ Ingram,4.28571428571,0.142857142857,7
JP Bray,2.7,0.1,10
SE Marsh,3.66666666667,0.291666666667,48
Umair Ali,1.0,0,1
R Dravid,2.77777777778,0.244444444444,45
PL Mommsen,2.61111111111,0.166666666667,18
RP Singh,0.333333333333,0,15
B Geeves,1.0,0,1
GA Rogers,2.5,0,2
SHT Kandamby,2.23333333333,0.166666666667,30
SB Styris,3.33928571429,0.267857142857,56
PJK Mooney,0.5,0,2
AR Pitcher,3.0,0,1
TLW Cooper,3.0,0.111111111111,9
Raqibul Hasan,2.02083333333,0.145833333333,48
Fawad Alam,1.88571428571,0.2,35
Mohammad Salman,0.666666666667,0,3
HM Nicholls,2.625,0.25,8
JM Kemp,2.45833333333,0.166666666667,24
Skhawat Ali,0.666666666667,0,3
WTS Porterfield,3.14583333333,0.229166666667,48
Yuvraj Singh,4.15873015873,0.261904761905,126
Mohammad Nabi,2.46875,0.09375,32
Saqib Ali,2.25,0,4
Tushar Imran,0.8,0,5
Sharafuddin Ashraf,0.333333333333,0,3
DS Smith,2.8,0.171428571429,35
SW Masakadza,1.8,0,10
N Mushangwe,1.25,0,4
J Louw,4.0,0,1
MS Dhoni,3.5824742268,0.29381443299,194
AC Voges,2.29166666667,0.125,24
AJ Strauss,4.0,0.28,75
AO Suji,2.0,0,2
Nasir Jamal,2.75,0.25,4
Fayyaz Ahmed,3.0,0,2
GO Jones,1.5,0,6
A Shahzad,0.375,0,8
S Prasanna,1.19047619048,0,21
SCJ Broad,0.714285714286,0,63
Danish Kaneria,1.0,0,1
Saad Nasim,3.33333333333,0.333333333333,3
Afsar Zazai,1.27272727273,0.181818181818,11
MP Vaughan,2.75,0.0833333333333,12
NJ O'Brien,2.55555555556,0.2,45
HMRKB Herath,0.444444444444,0,27
A Balbirnie,2.375,0.125,16
BA Parchment,2.33333333333,0,6
Mohammad Yousuf,3.3064516129,0.290322580645,62
Z Khan,0.975,0,40
DJ Reekers,1.6,0,5
A Bagai,3.27777777778,0.277777777778,18
SE Bond,0.5,0,20
OO Bascome,2.0,0,1
Shahadat Hossain,0.375,0,16
SR Thompson,2.11111111111,0,9
BP Loots,0.666666666667,0,3
Tanwir Afzal,0.5,0,2
ML Nkala,1.0,0,2
Sharjeel Khan,2.63636363636,0.0909090909091,11
AD Russell,3.32558139535,0.093023255814,43
DT Tiripano,0.6,0,5
Babar Azam,4.375,0.5,8
SW Tait,0.666666666667,0,6
BP Kruger,1.0,0,1
Rahmat Shah,1.0,0,3
R Ashwin,1.16363636364,0.0181818181818,55
DT Christian,1.44444444444,0,18
PR Stirling,4.0,0.166666666667,36
GEF Barnett,2.0,0,5
JH Stander,1.0,0,3
CL White,2.6,0.185714285714,70
KM Jadhav,4.5,0.25,4
YK Pathan,2.56097560976,0.121951219512,41
Imran Nazir,4.66666666667,0.133333333333,15
CK Hooper,0.5,0,2
Imran Farhat,3.25,0.28125,32
CMW Read,1.0,0,6
AM Rahane,3.58064516129,0.274193548387,62
F Mutizwa,1.4,0.1,10
W Barresi,4.0,0.166666666667,12
Abdul Shakoor,3.0,0,1
AU Rashid,2.41176470588,0.0588235294118,17
Gulbadin Naib,2.42857142857,0.142857142857,7
AC Cummins,0.666666666667,0,3
RD McCann,0.5,0,2
Khalid Latif,2.6,0.2,5
Amjad Javed,3.85714285714,0.142857142857,7
Mashrafe Mortaza,1.31081081081,0,74
CD McMillan,3.88888888889,0.222222222222,18
MJ Henry,1.33333333333,0,9
GB Brent,0.75,0.0625,16
MA Wood,1.0,0,3
M Vijay,2.25,0.0625,16
JPR Lamsam,3.0,0,1
DP Hyatt,1.55555555556,0,9
SC Ganguly,4.96428571429,0.392857142857,28
MD Gunathilaka,3.6,0.2,5
H Patel,2.55555555556,0.111111111111,9
Sohail Tanvir,1.31578947368,0.0263157894737,38
JL Denly,3.55555555556,0.222222222222,9
Mohammad Naveed,2.14285714286,0,7
AP Devcich,3.125,0.125,8
DI Joyce,1.33333333333,0,3
NFI McCallum,3.4,0.1,10
Aftab Ahmed,2.44736842105,0.0789473684211,38
SG Borthwick,1.0,0,2
RML Taylor,1.0,0,10
C Kieswetter,3.43243243243,0.135135135135,37
Abdul Razzaq,2.16666666667,0.0714285714286,42
BM Wheeler,1.75,0,4
FRJ Coleman,2.11111111111,0.111111111111,9
Nazimuddin,1.81818181818,0,11
GR Codrington,1.66666666667,0,6
DR Tuffey,1.33333333333,0,12
Mohammad Irfan,0.233333333333,0,30
J Edness,3.25,0.25,4
DM Bravo,3.0,0.223684210526,76
DI Allan,1.0,0,2
MS Sinclair,2.4,0.2,5
Mohammad Hafeez,3.94927536232,0.246376811594,138
BW Hilfenhaus,0.222222222222,0,9
HD Rutherford,0.5,0,4
JL Pattinson,0.25,0,8
Khurram Khan,4.0,0.25,12
GH Bodi,5.0,0.5,2
S Matsikenyeri,1.95833333333,0.104166666667,48
PP Chawla,0.25,0,12
CS Baugh,1.04545454545,0,22
RP Arnold,1.06666666667,0.133333333333,15
S Dhawan,5.60563380282,0.366197183099,71
RMS Eranga,0.444444444444,0,9
JM Bairstow,3.0,0.1,10
Mithun Ali,5.0,0,1
TS Nethula,0.333333333333,0,3
Abdul Jabbar,5.0,0,2
PVD Chameera,0.6,0,5
RR Powar,0.333333333333,0,9
TG Southee,0.764705882353,0,51
DES Maxwell,1.66666666667,0,3
AD Mascarenhas,1.83333333333,0.0833333333333,12
BRM Taylor,3.24528301887,0.254716981132,106
CA Ingram,3.0,0.178571428571,28
IA Karim,7.66666666667,0.666666666667,3
PM Siddle,0.25,0,4
RD Steede,1.0,0,2
Ankur Sharma,1.0,0,1
MV Boucher,2.5,0.129032258065,62
Kamran Hussain,2.0,0,1
GC Tonge,0.333333333333,0,3
PJ Ongondo,0.357142857143,0,14
Adeel Raja,0.333333333333,0,3
AD Mathews,2.68148148148,0.2,135
E Schiferli,1.0,0,2
T Duffin,4.0,0.25,4
NT Broom,1.42105263158,0.0526315789474,19
Junaid Khan,0.210526315789,0,19
JA Burns,2.83333333333,0.166666666667,6
MDK Perera,1.0,0,4
C de Grandhomme,4.0,0,1
MA Carberry,2.8,0.2,5
KJ Coetzer,5.0,0.2,15
Mominul Haque,2.60869565217,0.130434782609,23
AN Kervezee,2.8,0.1,10
Yasir Shah,1.16666666667,0,6
TL Best,0.375,0,8
R Vinay Kumar,0.636363636364,0,11
J Blackwood,0.5,0,2
GH Worker,2.0,0,2
GC Wilson,2.61111111111,0.222222222222,36
MK Tiwary,2.7,0.2,10
Hashmatullah Shahidi,1.66666666667,0,3
Iftikhar Anjum,0.636363636364,0,22
Bilawal Bhatti,1.71428571429,0,7
Bilal Asif,2.33333333333,0,3
D Bishoo,0.285714285714,0,7
SI Mahmood,0.888888888889,0,9
TV Mufambisi,1.5,0,4
Mehrab Hossain jnr,1.7,0.1,10
MR Gillespie,0.9,0,10
Saeed Ajmal,0.373134328358,0,67
JD Nel,0.666666666667,0,3
RW Chakabva,1.0,0,29
Mohammad Rafique,0.4,0,15
S Chanderpaul,3.515625,0.390625,64
Zahid Hussain,0.5,0,2
SP Narine,1.05882352941,0,34
DA Warner,4.49253731343,0.268656716418,67
FL Reifer,1.16666666667,0,6
J Mubarak,1.21428571429,0.0714285714286,14
Salman Faris,1.5,0,2
TAM Siriwardana,3.1,0.2,10
K Karate,1.66666666667,0,3
EJG Morgan,3.25,0.235294117647,136
SL Stewart,0.5,0,4
Ehsan Adil,0.5,0,4
DA Miller,2.5652173913,0.130434782609,69
SP Patil,1.3,0.1,10
WF Stelling,2.0,0,2
KC Sangakkara,4.39150943396,0.367924528302,212
Fawad Ahmed,1.0,0,1
Irfan Ahmed,3.33333333333,0,3
AT Rayudu,3.38461538462,0.269230769231,26
SR Tendulkar,5.9,0.366666666667,90
RK Kleinveldt,2.0,0,7
V Sibanda,3.1,0.185714285714,70
KED Carroll,0.333333333333,0,3
BCJ Cutting,2.5,0,2
CD Collymore,0.333333333333,0,9
GM Hamilton,1.5,0.0833333333333,12
Mustafizur Rahman,0.5,0,4
L Vincent,3.33333333333,0.277777777778,18
T Mupariwa,0.416666666667,0,12
DSNFG Jayasuriya,1.0,0,2
T Panyangara,0.62962962963,0,27
Naumanullah,1.0,0,1
Tanvir Ahmed,3.0,0,1
Younis Khan,2.74166666667,0.233333333333,120
Wahab Riaz,1.26,0.04,50
AB Barath,2.76923076923,0.0769230769231,13
MN van Wyk,3.33333333333,0.266666666667,15
WW Hinds,1.11111111111,0,9
F du Plessis,3.42168674699,0.289156626506,83
SKW Kelly,1.0,0,1
WU Tharanga,3.94890510949,0.262773722628,137
SM Warnapura,2.0,0,2
Imran Tahir,0.625,0,16
AN Petersen,3.11111111111,0.222222222222,18
J Charles,4.02857142857,0.171428571429,35
AC Botha,1.86666666667,0.0666666666667,15
DG Brownlie,3.0,0,9
Noor Ali Zadran,3.35294117647,0.176470588235,17
S Badrinath,0.666666666667,0,6
V Permaul,0.333333333333,0,3
JJ Tucker,2.54545454545,0,11
NL McCullum,1.64516129032,0.0645161290323,62
DL Hemp,3.18181818182,0.272727272727,11
M Ntini,0.375,0,16
AG Cremer,1.0,0.0277777777778,36
A Flintoff,2.4375,0.09375,32
ES Szwarczynski,2.72727272727,0.272727272727,11
Mahbubul Alam,3.5,0.5,2
I Wardlaw,0.222222222222,0,9
G Gambhir,4.05,0.341666666667,120
NJ Astle,2.8,0.1,10
Faisal Iqbal,3.0,0,1
Sarfraz Ahmed,2.02380952381,0.0952380952381,42
L Balaji,1.0,0,1
Munir Dar,2.0,0,2
Anwar Ali,2.13333333333,0,15
S Chattergoon,4.66666666667,0.166666666667,6
Imad Wasim,2.33333333333,0.333333333333,3
BP Nash,1.0,0,1
Zahid Shah,1.0,0,2
RT Lyons,1.0,0,1
W Jaffer,1.0,0,2
Anamul Haque,3.96296296296,0.222222222222,27
CR Woakes,1.06060606061,0,33
RS Morton,2.2962962963,0.222222222222,27
Hasti Gul,3.0,0,1
FH Edwards,0.384615384615,0,13
M Muralitharan,0.69696969697,0,33
GS Ballance,1.46666666667,0.133333333333,15
SW Poynter,0.5,0,2
Alok Kapali,2.21428571429,0.0714285714286,14
CJO Smith,2.5,0.1,10
R Dhawan,0.5,0,2
AF Milne,0.916666666667,0,12
EJ Richardson,2.0,0,1
Sabbir Rahman,3.21052631579,0.105263157895,19
Zain Abbas,2.0,0,1
Ahmed Raza,1.66666666667,0,3
PW Borren,3.125,0.1875,16
R Clarke,1.5,0,2
JD Ryder,4.83333333333,0.25,36
IDR Bradshaw,0.571428571429,0,7
MA Vermeulen,1.85714285714,0.142857142857,7
TC Bastiampillai,2.6,0,5
Shafiul Islam,0.535714285714,0,28
GD Elliott,2.68181818182,0.19696969697,66
MN Waller,1.80434782609,0.0652173913043,46
KO Otieno,1.25,0,4
I Sharma,0.24,0,25
MS Panesar,0.285714285714,0,7
AJ Finch,4.43396226415,0.301886792453,53
OL Pitcher,0.666666666667,0,3
ML Hayden,6.35897435897,0.384615384615,39
AR White,1.0,0,23
C Zhuwao,3.0,0,1
MW Machan,3.35714285714,0.214285714286,14
Shahid Afridi,2.67785234899,0.0939597315436,149
LL Tsotsobe,0.444444444444,0,18
BB Chari,1.0,0,4
JK Kamande,0.823529411765,0,17
SP Fleming,4.30769230769,0.307692307692,26
U Bhatti,1.625,0,8
AD Poynter,0.833333333333,0,6
PM Seelaar,0.714285714286,0,7
Zulfiqar Babar,0.6,0,5
JJ Roy,4.36842105263,0.210526315789,19
Mohammad Rizwan,2.76923076923,0.230769230769,13
DW Steyn,0.75,0,44
BJ Watling,3.0,0.263157894737,19
Zaheer Maqsood,1.0,0,1
Kamran Akmal,3.0,0.119565217391,92
B Kumar,0.75,0,28
Aftab Alam,0.6,0,5
CJ McKay,0.615384615385,0,26
CRD Fernando,0.571428571429,0,21
SPD Smith,3.27118644068,0.237288135593,59
ME Trescothick,6.625,0.375,8
JW Dernbach,0.125,0,8
JJ Atkinson,2.33333333333,0,3
C Munro,2.77777777778,0.222222222222,9
MF Maharoof,1.40540540541,0.027027027027,37
Qaiser Ali,0.8,0,5
Mudassar Bukhari,0.818181818182,0,11
D Ramdin,1.74698795181,0.0963855421687,83
ND McKenzie,2.25,0.25,4
JE Taylor,0.903225806452,0,31
JEC Franklin,1.7358490566,0.0754716981132,53
LJ Wright,1.92105263158,0.0263157894737,38
RR Rossouw,3.96296296296,0.222222222222,27
MS Atapattu,2.63636363636,0,11
Junaid Siddique,2.20454545455,0.113636363636,44
S Dhaniram,2.45454545455,0.181818181818,11
AB Dinda,0.2,0,5
MKDI Amerasinghe,0.333333333333,0,3
ADJ Pitcher,1.0,0,1
KAJ Roach,0.526315789474,0,38
Junaid Siddiqui,0.5,0,4
Mohammad Shahzad,4.38888888889,0.166666666667,18
HH Dippenaar,2.5,0.25,8
GP Swann,1.08695652174,0,46
Adnan Akmal,0.75,0,4
Naved-ul-Hasan,1.15,0,20
RS Bopara,2.22429906542,0.140186915888,107
Mohammed Shami,0.684210526316,0,19
Haris Sohail,3.38095238095,0.333333333333,21
Shoaib Malik,2.81818181818,0.191919191919,99
Nasir Jamshed,3.52083333333,0.229166666667,48
Shuvagoto Hom,3.0,0,3
RW Price,0.702702702703,0,37
MA Ouma,1.78260869565,0.0434782608696,23
DC Thomas,1.10526315789,0,19
R Gunasekera,1.91666666667,0.25,12
RDM Leverock,0.222222222222,0,9
J Patraj,0.5,0,2
HS Baidwan,0.833333333333,0,12
Rizwan Cheema,2.46153846154,0.0769230769231,13
WD Parnell,1.47826086957,0.0434782608696,23
AR Berenger,1.625,0.125,8
TT Bresnan,1.52380952381,0.015873015873,63
DR Brown,1.5,0,4
CK Langeveldt,0.571428571429,0,14
RD Berrington,2.15789473684,0.157894736842,19
Dawlat Zadran,0.952380952381,0,21
DAJ Bracewell,0.428571428571,0,7
KD Mills,1.52542372881,0.0338983050847,59
UT Yadav,0.533333333333,0,15
Dolar Mahmud,2.25,0,4
JWM Dalrymple,1.36,0.08,25
KMDN Kulasekara,1.20388349515,0.0388349514563,103
K Weeraratne,1.66666666667,0,3
RG Aga,5.0,0.333333333333,3
TG Gordon,0.5,0,4
UT Khawaja,2.8,0.2,5
Suhrawadi Shuvo,1.0,0,10
RR Sarwan,2.90625,0.21875,64
CA Pujara,0.5,0,4
WB Rankin,0.0769230769231,0,13
Arafat Sunny,0.454545454545,0,11
Q de Kock,5.07272727273,0.236363636364,55
Yasir Hameed,1.2,0.2,5
K Whatham,2.0,0,1
TA Boult,0.727272727273,0,11
MJ Prior,2.27083333333,0.0625,48
TMK Mawoyo,0.571428571429,0,7
J Botha,1.13636363636,0,44
LP van Troost,1.0,0,4
JJ Celestine,1.66666666667,0,3
S Jyoti,0.5,0,2
RT Ponting,4.2389380531,0.336283185841,113
Zafar Gohar,1.0,0,1
CJ Ferguson,2.47826086957,0.173913043478,23
MJ Clarke,3.21830985915,0.30985915493,142
Habibul Bashar,1.125,0,16
RR Patel,1.5,0,10
IH Romaine,1.75,0.0833333333333,12
Krishna Chandran,0.6,0,5
GH Dockrell,0.708333333333,0,24
GJ Maxwell,3.89090909091,0.236363636364,55
L Sreekumar,2.0,0,1
RJ Nicol,3.3,0.2,20
KAD Hurdle,0.375,0,8
RJ Peterson,1.62068965517,0.0344827586207,29
Usman Ghani,3.36363636364,0.181818181818,11
SO Tikolo,2.39130434783,0.0869565217391,23
SS Pathirana,2.33333333333,0,3
JM Davison,3.2,0.2,10
T Mishra,2.46666666667,0.266666666667,15
GI Maiden,1.0,0,1
MR Marsh,3.48148148148,0.259259259259,27
XJ Doherty,0.190476190476,0,21
SJ Harmison,0.142857142857,0,7
J Lewis,0.571428571429,0,7
R Rampaul,1.30303030303,0.030303030303,33
D Langford-Smith,0.888888888889,0,9
DR Chumney,2.5,0,6
RN ten Doeschate,5.53846153846,0.461538461538,13
KD Karthik,2.46551724138,0.103448275862,58
CA Young,1.0,0,3
AG Prince,1.375,0,8
PA Browne,2.6,0,5
JM Anderson,0.365384615385,0,52
RT Crandon,1.0,0,1
PA Nixon,1.55555555556,0,18
Raza-ur-Rehman,6.0,0.5,4
Mohammad Amir,1.5,0.0714285714286,14
TBM de Leede,1.0,0,4
S Randiv,1.6875,0.0625,16
NM Lyon,0.666666666667,0,3
TC Mutombodzi,1.0,0,3
RM Haq,1.21052631579,0.0526315789474,19
RN Lewis,1.66666666667,0,6
JL Carter,1.91666666667,0.0833333333333,12
SR Clark,0.285714285714,0,7
F Behardien,2.20588235294,0.117647058824,34
NN Odhiambo,1.11111111111,0,18
P Mustard,3.33333333333,0.111111111111,9
A Mishra,0.375,0,8
MS Chapman,13.0,1.0,1
Nasir Hossain,2.73333333333,0.155555555556,45
HH Gibbs,4.7962962963,0.314814814815,54
B Zuiderent,1.36363636364,0.0909090909091,11
AL Kandappah,3.5,0.5,2
MA Starc,0.642857142857,0,14
HJW Gardiner,3.33333333333,0.222222222222,9
TM Dowlin,2.1,0.2,10
JS Patel,0.7,0,10
FDM Karunaratne,1.0,0,11
J Anderson,1.66666666667,0,3
LN Onyango,1.5,0,4
AA Obanda,4.69230769231,0.230769230769,13
SM Katich,2.33333333333,0,3
Waqas Barkat,0.5,0,2
Misbah-ul-Haq,2.9696969697,0.295454545455,132
DBL Powell,0.529411764706,0,17
LS Baker,0.666666666667,0,3
Shakib Al Hasan,2.9,0.253846153846,130
Shahriar Nafees,3.28571428571,0.142857142857,42
HJH Marshall,1.1,0.1,10
MH Cross,1.53333333333,0.0666666666667,15
Amjad Ali,4.46153846154,0.230769230769,13
Javed Omar,2.66666666667,0.166666666667,6
ZE Surkari,0.875,0,8
KS Williamson,4.32941176471,0.376470588235,85
GA Lamb,0.5,0,14
K Rabada,1.0,0,6
Asad Ali,0.5,0,2
LPC Silva,2.53191489362,0.255319148936,47
P Utseya,0.987341772152,0.0379746835443,79
AJ Ireland,0.2,0,5
KM Jarvis,0.333333333333,0,12
GJ Hopkins,1.3125,0,16
PJC Hoffmann,1.66666666667,0,3
AR Patel,0.642857142857,0,14
TL Chatara,0.705882352941,0,17
L Ronchi,2.90384615385,0.0769230769231,52
WPUJC Vaas,0.653846153846,0,26
BJ Haddin,3.31632653061,0.163265306122,98
LD Chandimal,2.17204301075,0.182795698925,93
AN Cook,4.16853932584,0.269662921348,89
E Otieno,0.285714285714,0,7
BC Lara,3.35714285714,0.178571428571,28
RD Shah,3.75,0.25,4
Nizakat Khan,2.0,0,2
PJ Hughes,4.52380952381,0.285714285714,21
JF Mooney,2.02941176471,0.0294117647059,34
PA Patel,2.65217391304,0.130434782609,23
A Mithun,2.0,0,3
KD Shah,5.0,0,1
JP Faulkner,2.83333333333,0.138888888889,36
MR Swart,1.8,0,5
CJ Jordan,0.842105263158,0,19
HS Modi,1.0,0,2
Mohammad Sami,1.75,0,4
MB Loye,3.42857142857,0,7
MM Iqbal,0.6,0,5
MA Parker,1.0,0,1
SJ Myburgh,3.6,0.2,5
Jubair Hossain,1.0,0,1
T Taibu,2.56140350877,0.280701754386,57
Litton Das,2.66666666667,0,3
MD Bates,2.0,0,1
JO Ngoche,0.333333333333,0,3
SMSM Senanayake,1.0625,0,32
KTGD Prasad,1.33333333333,0,9
AM Ellis,1.0,0,12
AB de Villiers,5.1124260355,0.408284023669,169
A Nel,1.06666666667,0,15
Aamer Yamin,4.5,0.5,2
MMA Jonkman,2.0,0,1
JE Root,3.63492063492,0.31746031746,63
SM Sharif,1.75,0,4
LR Johnson,1.0,0,3
GJ Batty,0.333333333333,0,3
Salman Butt,5.3,0.375,40
TM Odoyo,2.45454545455,0.181818181818,22
SW Billings,3.0,0,4
DT Johnston,1.2,0,30
BV Vitori,0.9,0,10
HA Varaiya,0.3,0,10
TM Dilshan,4.60869565217,0.275362318841,207
KJ O'Brien,3.11764705882,0.0980392156863,51
RG Sharma,3.83211678832,0.270072992701,137
Iftikhar Ahmed,0.5,0,2
TN de Grooth,0.625,0,8
DR Flynn,2.0,0,10
Sami Aslam,7.0,0,1
A Nehra,0.263157894737,0,19
Harbhajan Singh,0.920634920635,0,63
SR Waters,1.0,0,7
KDK Vithanage,1.83333333333,0,6
Umar Amin,2.0,0.0666666666667,15
JO Holder,2.13636363636,0.0909090909091,22
GD Drummond,2.66666666667,0,3
Hamid Hassan,0.625,0,8
Shoaib Akhtar,0.421052631579,0,19
Umar Akmal,2.91919191919,0.212121212121,99
M Kaif,1.77777777778,0.222222222222,9
CS MacLeod,2.78947368421,0.105263157895,19
MH Yardy,0.875,0.0833333333333,24
Hamza Tariq,3.2,0.2,5
Sohail Khan,0.333333333333,0,6
PJ Cummins,0.571428571429,0,7
JC Tredwell,0.52,0,25
CM Wright,0.833333333333,0,6
DA Minors,1.75,0,8
Imrul Kayes,3.05555555556,0.222222222222,54
MN Samuels,3.72115384615,0.230769230769,104
VS Solanki,2.0,0,2
MK Pandey,5.0,0.666666666667,3
SF Mire,1.9,0.2,10
AD Hales,4.32142857143,0.285714285714,28
STR Binny,2.4,0.1,10
Dhiman Ghosh,0.909090909091,0,11
MA Leask,2.77777777778,0.111111111111,9
TJ Murtagh,1.25,0,8
CO Obuya,2.83333333333,0.125,24
T Kamungozi,0.5,0,10
DR Smith,2.49019607843,0.117647058824,51
BB McCullum,4.05333333333,0.206666666667,150
AB Agarkar,0.3125,0,16
SK Raina,3.16279069767,0.220930232558,172
RE van der Merwe,0.714285714286,0,7
BA Stokes,2.23529411765,0.117647058824,34
S Sreesanth,0.125,0,16
VD Philander,0.823529411765,0,17
P Kumar,1.0,0.03125,32
OA Shah,3.13043478261,0.239130434783,46
JL Ontong,2.5,0,4
Azhar Ali,3.83333333333,0.3,30
V Kohli,4.65,0.375,160
SE Findlay,2.75,0.25,4
WP Saha,0.75,0,4
