Team,Total Matches Played,Runs Scored,Wickets Lost,Got All Out,Runs Conceded,Opponent Wickets Taken,Opponent All Out,Match Index,Batsman,Player Total Runs,Player Home Runs,Player Non Home Runs,Balls Faced,R0,W0,R1,W1,Current_HR,Current_NHR,Target,Final Runs Made,Extras,Home,Segment,Home Run Hitting Ability,Milestone Reaching Ability,Batting Average,Strike Rate,Matches Played,ClusterID,Actual Total HR till Segment,Predicted Total HR till Segment,Actual Total NHR till Segment,Predicted Total NHR till Segment,Actual HR in Segment,Predicted HR in Segment,Actual NHR in Segment,Predicted NHR in Segment,Actual Total Runs till Segment,Predicted Total Runs till Segment,Opponent Runs,,1,2,result
Bangladesh,160,218.438,7.70625,0.4,211.106,7.05,0.325,2,Shakib Al Hasan,8,4,4,21,180.232,2,17.2928,1,6.4,10.8928,192,192,9,0,5,2.86992,0.252033,29.9106,79.0163,123,4,98,50.4,81,64.8315,7.6,6.4,10.7713,10.8928,179,197.524,175,,FALSE,FALSE,TRUE
Bangladesh,160,218.438,7.70625,0.4,211.106,7.05,0.325,2,Mushfiqur Rahim,10,0,10,30,191.461,2,19.9512,1,9.2,10.7512,192,192,9,0,5,2.61111,0.18254,27.7778,75.2526,126,4,98,58.4,81,68.0609,5.6,9.2,11.218,10.7512,179,211.412,175,,FALSE,FALSE,TRUE
Ireland,55,219.527,7.65455,0.290909,202.727,7.56364,0.4,4,AC Botha,1,0,1,6,196.164,2,40.0382,1,22.8,17.2382,267,218,12,0,5,1.25,0.0833333,14.3333,53.75,12,3,60,58.8,141,82.3637,9.2,22.8,15.393,17.2382,201,236.202,248,,TRUE,TRUE,TRUE
Ireland,55,219.527,7.65455,0.290909,202.727,7.56364,0.4,4,NJ O'Brien,34,16,18,42,194.224,2,26.8934,1,12,14.8934,267,218,12,0,5,2.55882,0.176471,25.5882,69.378,34,4,60,57.6,141,81.6243,12,12,14.5254,14.8934,201,221.118,248,,TRUE,TRUE,TRUE
England,221,237.176,7.17647,0.289593,230.633,7.45701,0.384615,6,MP Vaughan,62,32,30,50,252,1,31.1432,1,14,17.1432,301,301,13,0,5,2.6,0.1,20.6,66.4516,10,1,126,65.6,153,98.4004,11.6,14,17.8323,17.1432,279,283.144,282,,TRUE,FALSE,FALSE
England,221,237.176,7.17647,0.289593,230.633,7.45701,0.384615,6,KP Pietersen,15,8,7,17,253.101,1,34.9348,1,18.4,16.5348,301,301,13,0,5,3.69892,0.236559,33.4946,82.2117,93,4,126,70.4,153,94.7014,14,18.4,17.4167,16.5348,279,288.036,282,,TRUE,FALSE,FALSE
Australia,228,239.627,7.69737,0.372807,232.079,7.23246,0.337719,7,MJ Clarke,21,12,9,53,179.579,3,20.4413,1,10,10.4413,219,224,13,1,5,3.10294,0.301471,35.9265,74.0303,136,4,102,52.4,106,76.1788,14,10,13.3859,10.4413,208,200.02,195,,FALSE,FALSE,TRUE
Australia,228,239.627,7.69737,0.372807,232.079,7.23246,0.337719,7,MEK Hussey,0,0,0,2,184.45,3,21.4302,1,8,13.4302,219,224,13,1,5,2.7563,0.260504,34.084,82.4893,119,4,102,48.8,106,84.6499,12,8,16.4745,13.4302,208,205.88,195,,FALSE,FALSE,TRUE
New Zealand,184,233.745,7.39674,0.36413,227.951,7.30435,0.353261,8,PG Fulton,8,4,4,21,234.532,1,32.0118,0,15.6,16.4118,271,256,15,0,5,2.75,0.1875,27.4062,67.4615,32,4,88,70,149,96.5318,19.6,15.6,17.0189,16.4118,237,266.544,260,,TRUE,FALSE,FALSE
New Zealand,184,233.745,7.39674,0.36413,227.951,7.30435,0.353261,8,SP Fleming,49,24,25,70,232.036,1,26.5943,0,12,14.5943,271,256,15,0,5,3.875,0.25,30.2917,70.9268,24,4,88,68.4,149,95.6365,17.6,12,15.7836,14.5943,237,258.631,260,,TRUE,TRUE,TRUE
New Zealand,184,233.745,7.39674,0.36413,227.951,7.30435,0.353261,8,LRPL Taylor,0,0,0,0,226.573,1,39.528,0,20.4,19.128,271,256,15,0,5,3.68382,0.301471,36.7206,79.3959,136,4,88,56.4,149,102.173,9.6,20.4,18.4566,19.128,237,266.101,260,,TRUE,FALSE,FALSE
West Indies,176,217.33,7.15909,0.3125,225.278,7.57386,0.380682,10,DJ Bravo,14,4,10,27,194.496,1,24.4802,0,9.2,15.2802,224,224,5,0,5,2.35514,0.11215,23.1589,80.9011,107,4,94,38,116,86.4963,6.8,9.2,15.5144,15.2802,210,218.976,208,,FALSE,FALSE,TRUE
West Indies,176,217.33,7.15909,0.3125,225.278,7.57386,0.380682,10,S Chanderpaul,38,24,14,58,197.383,1,26.6651,0,14.4,12.2651,224,224,5,0,5,3.57143,0.396825,40.8254,68.0783,63,4,94,52.4,116,74.9831,10.8,14.4,12.3764,12.2651,210,224.048,208,,FALSE,FALSE,TRUE
West Indies,176,217.33,7.15909,0.3125,225.278,7.57386,0.380682,10,RR Sarwan,0,0,0,0,200.934,1,19.4365,0,4.4,15.0365,224,224,5,0,5,2.8254,0.222222,29.1429,69.1005,63,4,94,46.4,116,84.5343,12.4,4.4,15.7182,15.0365,210,220.371,208,,FALSE,FALSE,TRUE
Sri Lanka,244,223.373,7.09016,0.344262,227.578,7.47541,0.385246,17,KC Sangakkara,27,12,15,46,193.931,4,28.3273,0,16.4,11.9273,237,173,8,0,5,4.33659,0.360976,41.9854,80.6276,205,4,64,50,98,75.9306,6.4,16.4,12.7627,11.9273,162,222.258,229,,TRUE,TRUE,TRUE
Sri Lanka,244,223.373,7.09016,0.344262,227.578,7.47541,0.385246,17,CK Kapugedera,9,4,5,17,186.051,4,23.1903,0,8.8,14.3903,237,173,8,0,5,1.74138,0.12069,21.1379,68.6066,58,1,64,40,98,78.0507,5.6,8.8,13.8367,14.3903,162,209.241,229,,TRUE,TRUE,TRUE
England,221,237.176,7.17647,0.289593,230.633,7.45701,0.384615,19,PD Collingwood,3,0,3,14,146.928,2,12.0925,4,3.2,8.89252,183,160,18,1,5,2.62366,0.193548,30.5161,76.8065,93,4,60,34,76,62.9277,6.8,3.2,13.2756,8.89252,136,159.02,169,,TRUE,TRUE,TRUE
England,221,237.176,7.17647,0.289593,230.633,7.45701,0.384615,19,GP Swann,0,0,0,0,159.969,2,13.2072,4,3.2,10.0072,183,160,18,1,5,1.08696,0,10.3043,90.631,46,0,60,46.8,76,63.1691,9.2,3.2,13.6361,10.0072,136,173.176,169,,TRUE,FALSE,FALSE
South Africa,190,234.274,7.4,0.373684,232.363,7.33158,0.342105,21,GC Smith,24,0,24,45,258.873,0,18.6383,0,3.6,15.0383,239,242,8,1,5,3.97,0.29,33.57,79.6819,100,4,130,62.8,103,106.073,8.4,3.6,18.9479,15.0383,233,277.511,223,,FALSE,FALSE,TRUE
South Africa,190,234.274,7.4,0.373684,232.363,7.33158,0.342105,21,HH Gibbs,97,72,25,77,234.065,0,18.0959,0,7.2,10.8959,239,242,8,1,5,4.61538,0.307692,35.6923,83.4157,52,4,130,67.6,103,76.4651,5.2,7.2,11.9369,10.8959,233,252.161,223,,FALSE,FALSE,TRUE
Pakistan,211,222.621,7.38389,0.393365,235.517,7.54976,0.336493,22,Younis Khan,25,12,13,36,210.316,2,19.111,0,6.4,12.711,234,219,4,1,5,2.64655,0.215517,28.5,73.2713,116,4,106,47.2,104,87.1157,12.4,6.4,15.468,12.711,210,229.427,219,,TRUE,FALSE,FALSE
Pakistan,211,222.621,7.38389,0.393365,235.517,7.54976,0.336493,22,Mohammad Yousuf,24,12,12,44,211.04,2,19.3381,0,7.2,12.1381,234,219,4,1,5,3.27586,0.275862,36.7931,73.9176,58,4,106,51.2,104,83.8395,6.4,7.2,14.3118,12.1381,210,230.378,219,,TRUE,FALSE,FALSE
Australia,228,239.627,7.69737,0.372807,232.079,7.23246,0.337719,29,MJ Clarke,14,8,6,18,244.504,2,31.2346,0,14,17.2346,300,302,2,0,5,3.10294,0.301471,35.9265,74.0303,136,4,164,64.8,131,99.7037,12.4,14,17.9208,17.2346,295,275.738,290,,FALSE,TRUE,FALSE
Australia,228,239.627,7.69737,0.372807,232.079,7.23246,0.337719,29,RT Ponting,39,26,13,41,240.632,2,29.3854,0,13.6,15.7854,300,302,2,0,5,4.17431,0.33945,38.1009,80.8606,109,4,164,67.6,131,93.0324,10.8,13.6,16.1721,15.7854,295,270.018,290,,FALSE,TRUE,FALSE
South Africa,190,234.274,7.4,0.373684,232.363,7.33158,0.342105,30,JH Kallis,33,16,17,52,192.575,2,27.9625,0,12.8,15.1625,250,244,4,0,5,3.58621,0.356322,37.2644,76.4442,87,4,66,50.4,168,92.1754,10.4,12.8,15.4276,15.1625,234,220.538,233,,FALSE,TRUE,FALSE
South Africa,190,234.274,7.4,0.373684,232.363,7.33158,0.342105,30,AB de Villiers,8,0,8,14,206.551,2,26.7491,0,10.4,16.3491,250,244,4,0,5,5.04969,0.403727,47.2174,98.8428,161,4,66,58.4,168,98.1513,13.6,10.4,17.4672,16.3491,234,233.3,233,,FALSE,FALSE,TRUE
Australia,228,239.627,7.69737,0.372807,232.079,7.23246,0.337719,38,AC Voges,2,0,2,8,194.059,2,16.5639,1,3.2,13.3639,213,213,1,1,5,2.29167,0.125,29.625,84.142,24,4,74,46,129,86.0588,8.4,3.2,16.6747,13.3639,203,210.623,200,,FALSE,FALSE,TRUE
Australia,228,239.627,7.69737,0.372807,232.079,7.23246,0.337719,38,RT Ponting,33,20,13,42,192.009,2,21.8714,1,10,11.8714,213,213,1,1,5,4.17431,0.33945,38.1009,80.8606,109,4,74,48.4,129,81.6092,8.8,10,14.9958,11.8714,203,213.881,200,,FALSE,FALSE,TRUE
Australia,228,239.627,7.69737,0.372807,232.079,7.23246,0.337719,40,CL White,19,8,11,50,160.291,2,18.7584,0,5.2,13.5584,201,206,3,0,5,2.66176,0.191176,28.8235,80.1308,68,4,118,42.4,84,86.8911,7.2,5.2,14.9335,13.5584,202,179.049,188,,FALSE,TRUE,FALSE
Australia,228,239.627,7.69737,0.372807,232.079,7.23246,0.337719,40,SR Watson,32,20,12,60,149.966,2,17.7991,0,4.8,12.9991,201,206,3,0,5,4.71318,0.286822,37.7907,90.0943,129,4,118,36.8,84,82.1664,7.2,4.8,13.7554,12.9991,202,167.765,188,,FALSE,TRUE,FALSE
England,221,237.176,7.17647,0.289593,230.633,7.45701,0.384615,43,AN Cook,47,24,23,51,214.537,3,24.078,0,10.8,13.278,261,261,2,0,5,4.17045,0.272727,35.75,75.5524,88,4,106,54,146,85.5369,9.6,10.8,14.5868,13.278,252,238.615,246,,FALSE,TRUE,FALSE
England,221,237.176,7.17647,0.289593,230.633,7.45701,0.384615,43,EJG Morgan,16,8,8,24,225.339,3,29.4092,0,16,13.4092,261,261,2,0,5,3.19549,0.233083,30.0526,86.9291,133,4,106,66.8,146,83.5388,13.6,16,14.7074,13.4092,252,254.748,246,,FALSE,FALSE,TRUE
England,221,237.176,7.17647,0.289593,230.633,7.45701,0.384615,43,MJ Prior,0,0,0,0,222.218,3,29.9095,0,15.2,14.7095,261,261,2,0,5,2.27083,0.0625,21.6875,76.4879,48,4,106,60.8,146,86.4177,14.4,15.2,15.7737,14.7095,252,252.127,246,,FALSE,FALSE,TRUE
Zimbabwe,142,212.077,7.5,0.380282,227.704,6.97887,0.316901,44,S Matsikenyeri,10,4,6,12,189.361,3,36.907,2,18,18.907,296,250,9,0,5,2,0.106383,19.9787,75.7869,47,1,96,64.8,140,84.5608,10.8,18,15.8186,18.907,236,226.268,279,,TRUE,TRUE,TRUE
Zimbabwe,142,212.077,7.5,0.380282,227.704,6.97887,0.316901,44,T Taibu,1,0,1,12,183.333,3,29.1717,2,12,17.1717,296,250,9,0,5,2.36364,0.254545,29.4,71.0145,55,4,96,63.2,140,80.1329,10.8,12,14.817,17.1717,236,212.505,279,,TRUE,TRUE,TRUE
Ireland,55,219.527,7.65455,0.290909,202.727,7.56364,0.4,46,EC Joyce,30,12,18,57,222.979,2,27.0383,0,9.2,17.8383,328,329,11,0,5,3.08571,0.2,28.3429,68.6505,35,4,186,62.4,110,93.5792,14.4,9.2,15.6602,17.8383,296,250.018,304,,TRUE,TRUE,TRUE
Ireland,55,219.527,7.65455,0.290909,202.727,7.56364,0.4,46,NJ O'Brien,29,14,15,36,237.297,2,38.9471,0,20.4,18.5471,328,329,11,0,5,2.55882,0.176471,25.5882,69.378,34,4,186,74.8,110,95.4967,19.2,20.4,16.7588,18.5471,296,276.244,304,,TRUE,TRUE,TRUE
Ireland,55,219.527,7.65455,0.290909,202.727,7.56364,0.4,46,GC Wilson,0,0,0,0,219.848,2,36.7839,0,15.6,21.1839,328,329,11,0,5,2.22727,0.227273,22,78.1906,22,4,186,54.8,110,98.0485,12,15.6,17.8799,21.1839,296,256.632,304,,TRUE,TRUE,TRUE
Ireland,55,219.527,7.65455,0.290909,202.727,7.56364,0.4,46,KJ O'Brien,0,0,0,0,219.848,2,36.7839,0,15.6,21.1839,328,329,11,0,5,2.64706,0.0588235,22.3824,79.4363,34,4,186,54.8,110,98.0485,12,15.6,17.8799,21.1839,296,256.632,304,,TRUE,TRUE,TRUE
Ireland,55,219.527,7.65455,0.290909,202.727,7.56364,0.4,46,AR Cusack,0,0,0,0,222.524,2,39.0318,0,16.8,22.2318,328,329,11,0,5,1.2,0,12.0667,65.1079,15,1,186,56.8,110,98.7244,12,16.8,17.9854,22.2318,296,261.556,304,,TRUE,TRUE,TRUE
Sri Lanka,244,223.373,7.09016,0.344262,227.578,7.47541,0.385246,50,TT Samaraweera,2,0,2,3,223.989,1,21.4159,2,8.4,13.0159,246,249,3,0,5,2.19231,0.0769231,23.4231,73.8182,26,4,100,54.4,143,80.5889,12.4,8.4,15.6895,13.0159,243,245.405,235,,FALSE,FALSE,TRUE
Sri Lanka,244,223.373,7.09016,0.344262,227.578,7.47541,0.385246,50,DPMD Jayawardene,4,0,4,10,229.738,1,21.4743,2,9.2,12.2743,246,249,3,0,5,3.20833,0.244792,31.6979,79.1109,192,4,100,61.2,143,79.5382,14.8,9.2,15.3967,12.2743,243,251.212,235,,FALSE,FALSE,TRUE
South Africa,190,234.274,7.4,0.373684,232.363,7.33158,0.342105,51,JH Kallis,30,12,18,26,241.472,2,21.0801,1,8.8,12.2801,253,255,5,0,5,3.58621,0.356322,37.2644,76.4442,87,4,74,75.6,166,85.8719,7.6,8.8,15.3454,12.2801,240,262.552,238,,FALSE,FALSE,TRUE
South Africa,190,234.274,7.4,0.373684,232.363,7.33158,0.342105,51,JP Duminy,2,0,2,6,227.005,2,26.048,1,12.8,13.248,253,255,5,0,5,2.3252,0.186992,29.9675,80.2351,123,4,74,62.8,166,84.2048,13.6,12.8,15.3584,13.248,240,253.053,238,,FALSE,FALSE,TRUE
Australia,228,239.627,7.69737,0.372807,232.079,7.23246,0.337719,52,SR Watson,53,22,31,60,238.503,2,25.0712,1,8.8,16.2712,300,278,5,1,5,4.71318,0.286822,37.7907,90.0943,129,4,90,52.8,168,104.703,11.6,8.8,19.1137,16.2712,258,263.574,283,,TRUE,TRUE,TRUE
Australia,228,239.627,7.69737,0.372807,232.079,7.23246,0.337719,52,CL White,7,0,7,11,253.222,2,28.3217,1,11.6,16.7217,300,278,5,1,5,2.66176,0.191176,28.8235,80.1308,68,4,90,70.8,168,101.422,13.2,11.6,19.283,16.7217,258,281.544,283,,TRUE,TRUE,TRUE
Australia,228,239.627,7.69737,0.372807,232.079,7.23246,0.337719,52,DJ Hussey,0,0,0,0,239.211,2,31.4761,1,13.6,17.8761,300,278,5,1,5,2.54386,0.245614,29.2105,87.8628,57,4,90,57.6,168,100.611,10.4,13.6,19.2188,17.8761,258,270.687,283,,TRUE,TRUE,TRUE
Pakistan,211,222.621,7.38389,0.393365,235.517,7.54976,0.336493,55,Asad Shafiq,18,4,14,37,185.357,2,28.2108,0,13.6,14.6108,229,226,9,0,5,2.07843,0.176471,24.7843,67.1269,51,4,60,60,147,92.3569,9.6,13.6,16.0389,14.6108,207,213.568,215,,TRUE,TRUE,TRUE
Pakistan,211,222.621,7.38389,0.393365,235.517,7.54976,0.336493,55,Imran Farhat,29,4,25,62,200.16,2,30.4652,0,17.2,13.2652,229,226,9,0,5,3.03333,0.266667,27.0333,62.9658,30,4,60,73.6,147,93.56,13.6,17.2,15.9763,13.2652,207,230.625,215,,TRUE,FALSE,FALSE
Sri Lanka,244,223.373,7.09016,0.344262,227.578,7.47541,0.385246,58,KC Sangakkara,35,12,23,50,219.661,3,25.2779,0,10.8,14.4779,269,252,7,0,5,4.33659,0.360976,41.9854,80.6276,205,4,94,62.8,145,89.8605,8.4,10.8,15.6064,14.4779,239,244.938,246,,TRUE,TRUE,TRUE
Sri Lanka,244,223.373,7.09016,0.344262,227.578,7.47541,0.385246,58,LD Chandimal,38,28,10,43,225.803,3,25.5426,0,14,11.5426,269,252,7,0,5,2.18478,0.184783,25.7391,73.8615,92,4,94,84.8,145,74.0025,16.4,14,12.2574,11.5426,239,251.345,246,,TRUE,FALSE,FALSE
Bangladesh,160,218.438,7.70625,0.4,211.106,7.05,0.325,59,Imrul Kayes,41,24,17,70,178.143,1,27.1891,0,13.2,13.9891,210,200,3,1,5,3,0.207547,26.2642,63.6488,53,4,84,40.8,106,79.3429,7.6,13.2,12.1992,13.9891,190,205.332,193,,TRUE,FALSE,FALSE
Bangladesh,160,218.438,7.70625,0.4,211.106,7.05,0.325,59,Junaid Siddique,9,0,9,19,189.792,1,27.914,0,9.6,18.314,210,200,3,1,5,2.16279,0.116279,20.0233,68.225,43,1,84,38.8,106,92.9918,5.6,9.6,16.2457,18.314,190,217.706,193,,TRUE,FALSE,FALSE
Bangladesh,160,218.438,7.70625,0.4,211.106,7.05,0.325,59,Mohammad Ashraful,0,0,0,0,186.345,1,31.6544,0,12.8,18.8544,210,200,3,1,5,2.17722,0.113924,19.4557,63.9085,79,1,84,37.2,106,91.1449,8.4,12.8,16.2735,18.8544,190,217.999,193,,TRUE,FALSE,FALSE
Bangladesh,160,218.438,7.70625,0.4,211.106,7.05,0.325,59,Shakib Al Hasan,0,0,0,0,185.506,1,30.557,0,12.8,17.757,210,200,3,1,5,2.86992,0.252033,29.9106,79.0163,123,4,84,37.2,106,90.3056,8.4,12.8,16.1422,17.757,190,216.063,193,,TRUE,FALSE,FALSE
Bangladesh,160,218.438,7.70625,0.4,211.106,7.05,0.325,59,Mushfiqur Rahim,0,0,0,0,185.506,1,30.557,0,12.8,17.757,210,200,3,1,5,2.61111,0.18254,27.7778,75.2526,126,4,84,37.2,106,90.3056,8.4,12.8,16.1422,17.757,190,216.063,193,,TRUE,FALSE,FALSE
Australia,228,239.627,7.69737,0.372807,232.079,7.23246,0.337719,61,SE Marsh,10,4,6,20,204.733,3,18.8215,0,6.8,12.0215,223,227,16,0,5,3.66667,0.291667,35.5417,74.7918,48,4,104,51.2,102,82.5329,14.4,6.8,14.9791,12.0215,206,223.554,202,,FALSE,FALSE,TRUE
Australia,228,239.627,7.69737,0.372807,232.079,7.23246,0.337719,61,MJ Clarke,2,0,2,16,197.825,3,17.6954,0,5.2,12.4954,223,227,16,0,5,3.10294,0.301471,35.9265,74.0303,136,4,104,44.8,102,82.0248,10.8,5.2,14.8141,12.4954,206,215.52,202,,FALSE,FALSE,TRUE
Sri Lanka,244,223.373,7.09016,0.344262,227.578,7.47541,0.385246,62,DPMD Jayawardene,21,4,17,49,204.476,3,21.8031,0,10.4,11.4031,212,213,20,1,5,3.20833,0.244792,31.6979,79.1109,192,4,90,46,101,81.4758,10.4,10.4,14.4037,11.4031,191,226.279,197,,TRUE,FALSE,FALSE
Sri Lanka,244,223.373,7.09016,0.344262,227.578,7.47541,0.385246,62,LPC Silva,50,34,16,58,191.318,3,13.4077,0,4,9.40766,212,213,20,1,5,2.55556,0.244444,26.0222,69.4543,45,4,90,46.4,101,67.9178,9.2,4,11.3478,9.40766,191,204.725,197,,TRUE,FALSE,FALSE
England,221,237.176,7.17647,0.289593,230.633,7.45701,0.384615,68,IJL Trott,27,12,15,56,191.783,1,23.7751,0,9.2,14.5751,221,224,19,1,5,3.3871,0.403226,43.7903,75.2494,62,4,96,55.2,105,92.5827,12.4,9.2,16.1752,14.5751,201,215.558,207,,TRUE,FALSE,FALSE
England,221,237.176,7.17647,0.289593,230.633,7.45701,0.384615,68,IR Bell,42,22,20,66,184.649,1,23.2352,0,8.8,14.4352,221,224,19,1,5,3.63433,0.246269,35.3806,75.6623,134,4,96,48.8,105,91.8489,14.4,8.8,16.0013,14.4352,201,207.884,207,,TRUE,FALSE,FALSE
India,259,242.378,7.15058,0.339768,244.568,7.12741,0.30888,69,V Kohli,43,28,15,51,208.448,2,25.839,1,12.4,13.439,270,270,7,1,5,4.66456,0.379747,44.9937,88.3325,158,4,120,56,136,83.4478,14.8,12.4,13.4697,13.439,256,234.287,255,,FALSE,TRUE,FALSE
India,259,242.378,7.15058,0.339768,244.568,7.12741,0.30888,69,RG Sharma,7,6,1,12,206.267,2,23.6392,1,8,15.6392,270,270,7,1,5,3.82836,0.268657,35.9179,83.083,134,4,120,48.4,136,88.8668,10.8,8,15.2093,15.6392,256,229.906,255,,FALSE,TRUE,FALSE
Australia,228,239.627,7.69737,0.372807,232.079,7.23246,0.337719,70,GJ Bailey,25,10,15,36,232.035,3,34.4987,0,18,16.4987,295,252,7,0,5,3.34921,0.301587,36.3492,84.658,63,4,144,60.4,94,98.6352,9.6,18,17.3165,16.4987,238,266.534,281,,TRUE,TRUE,TRUE
Australia,228,239.627,7.69737,0.372807,232.079,7.23246,0.337719,70,DJ Hussey,0,0,0,0,222.344,3,30.4337,0,12.8,17.6337,295,252,7,0,5,2.54386,0.245614,29.2105,87.8628,57,4,144,50.4,94,98.9437,18.4,12.8,18.3764,17.6337,238,252.777,281,,TRUE,TRUE,TRUE
Australia,228,239.627,7.69737,0.372807,232.079,7.23246,0.337719,70,MEK Hussey,26,12,14,30,243.658,3,41.4982,0,25.2,16.2982,295,252,7,0,5,2.7563,0.260504,34.084,82.4893,119,4,144,72.8,94,97.8582,11.6,25.2,17.3717,16.2982,238,285.156,281,,TRUE,FALSE,FALSE
Australia,228,239.627,7.69737,0.372807,232.079,7.23246,0.337719,70,MS Wade,0,0,0,0,222.167,3,31.8996,0,12.8,19.0996,295,252,7,0,5,1.86275,0.117647,20.3333,78.2642,51,1,144,49.2,94,99.9673,11.2,12.8,18.2988,19.0996,238,254.067,281,,TRUE,TRUE,TRUE
New Zealand,184,233.745,7.39674,0.36413,227.951,7.30435,0.353261,71,LRPL Taylor,26,16,10,38,197.414,4,23.5743,0,10.8,12.7743,265,240,9,0,5,3.68382,0.301471,36.7206,79.3959,136,4,86,51.2,130,79.214,16,10.8,13.1308,12.7743,216,220.988,238,,TRUE,TRUE,TRUE
New Zealand,184,233.745,7.39674,0.36413,227.951,7.30435,0.353261,71,TWM Latham,2,0,2,17,211.033,4,28.2526,0,14.8,13.4526,265,240,9,0,5,2.76471,0.147059,25.3529,75.2182,34,4,86,61.6,130,82.4328,14,14.8,13.9559,13.4526,216,239.285,238,,TRUE,FALSE,FALSE
Sri Lanka,244,223.373,7.09016,0.344262,227.578,7.47541,0.385246,72,HDRL Thirimanne,34,16,18,52,234.1,4,31.4162,1,19.2,12.2162,295,274,21,1,5,2.77778,0.246914,31.5802,71.4725,81,4,114,69.2,131,79.8997,16.4,19.2,14.1763,12.2162,245,265.516,278,,TRUE,TRUE,TRUE
Sri Lanka,244,223.373,7.09016,0.344262,227.578,7.47541,0.385246,72,BMAJ Mendis,9,4,5,15,225.907,4,30.19,1,14.8,15.39,295,274,21,1,5,1.43243,0.027027,15.1622,82.8656,37,1,114,56.8,131,84.1067,14.8,14.8,15.7094,15.39,245,256.097,278,,TRUE,TRUE,TRUE
South Africa,190,234.274,7.4,0.373684,232.363,7.33158,0.342105,76,RJ Peterson,56,20,36,58,297.504,2,31.1228,0,14,17.1228,332,305,2,0,5,1.62069,0.0344828,15.7931,83.5766,29,1,146,78.4,150,107.104,10,14,18.2752,17.1228,296,328.627,317,,TRUE,FALSE,FALSE
South Africa,190,234.274,7.4,0.373684,232.363,7.33158,0.342105,76,AB de Villiers,49,28,21,44,278.962,2,27.2006,0,12,15.2006,332,305,2,0,5,5.04969,0.403727,47.2174,98.8428,161,4,146,70.8,150,96.1619,19.2,12,16.3533,15.2006,296,306.163,317,,TRUE,TRUE,TRUE
South Africa,190,234.274,7.4,0.373684,232.363,7.33158,0.342105,76,JP Duminy,0,0,0,0,283.645,2,30.883,0,14,16.883,332,305,2,0,5,2.3252,0.186992,29.9675,80.2351,123,4,146,73.6,150,98.0445,18,14,17.4784,16.883,296,314.528,317,,TRUE,TRUE,TRUE
India,259,242.378,7.15058,0.339768,244.568,7.12741,0.30888,78,SK Raina,5,0,5,21,184.823,3,24.2229,1,8.4,15.8229,251,165,14,1,5,3.11111,0.216374,28.9064,91.8944,171,0,46,47.2,101,87.6233,16,8.4,15.0058,15.8229,147,209.046,244,,TRUE,TRUE,TRUE
India,259,242.378,7.15058,0.339768,244.568,7.12741,0.30888,78,MS Dhoni,0,0,0,3,170.84,3,20.7321,1,4.8,15.9321,251,165,14,1,5,3.47872,0.292553,36.7713,84.1612,188,4,46,32,101,88.8401,12,4.8,15.5533,15.9321,147,191.572,244,,TRUE,TRUE,TRUE
England,221,237.176,7.17647,0.289593,230.633,7.45701,0.384615,81,JE Root,29,8,21,44,195.398,2,26.5412,0,12.4,14.1412,218,212,6,0,5,3.68852,0.327869,41.6721,83.3443,61,4,78,54.8,123,91.598,10.4,12.4,16.2897,14.1412,201,221.939,204,,TRUE,FALSE,FALSE
England,221,237.176,7.17647,0.289593,230.633,7.45701,0.384615,81,AN Cook,35,12,23,52,191.867,2,23.6008,0,10,13.6008,218,212,6,0,5,4.17045,0.272727,35.75,75.5524,88,4,78,52.8,123,90.0672,12,10,15.8271,13.6008,201,215.468,204,,TRUE,FALSE,FALSE
England,221,237.176,7.17647,0.289593,230.633,7.45701,0.384615,81,EJG Morgan,0,0,0,0,180.768,2,24.4843,0,8.8,15.6843,218,212,6,0,5,3.19549,0.233083,30.0526,86.9291,133,4,78,42.4,123,89.3681,11.6,8.8,16.5599,15.6843,201,205.252,204,,TRUE,FALSE,FALSE
Pakistan,211,222.621,7.38389,0.393365,235.517,7.54976,0.336493,82,Nasir Jamshed,20,10,10,51,191.826,1,31.7874,1,19.2,12.5874,233,195,7,0,5,3.63043,0.23913,30.2174,73.8184,46,4,82,60,99,81.8261,11.6,19.2,14.01,12.5874,181,223.614,194,,TRUE,FALSE,FALSE
Pakistan,211,222.621,7.38389,0.393365,235.517,7.54976,0.336493,82,Misbah-ul-Haq,0,0,0,11,198.422,1,24.7208,1,11.2,13.5208,233,195,7,0,5,2.95238,0.285714,34.9921,71.8195,126,4,82,62.8,99,85.6215,16.4,11.2,15.6816,13.5208,181,223.142,194,,TRUE,FALSE,FALSE
Ireland,55,219.527,7.65455,0.290909,202.727,7.56364,0.4,84,EC Joyce,18,10,8,20,209.042,1,32.9573,0,12.4,20.5573,305,307,11,0,5,3.08571,0.2,28.3429,68.6505,35,4,172,44.4,122,98.6421,12.4,12.4,17.7761,20.5573,294,241.999,294,,FALSE,TRUE,FALSE
Ireland,55,219.527,7.65455,0.290909,202.727,7.56364,0.4,84,PR Stirling,55,26,29,57,244.672,1,37.3573,0,18.4,18.9573,305,307,11,0,5,3.47826,0.173913,24.2174,88.1329,23,0,172,80,122,98.6719,18.4,18.4,17.2768,18.9573,294,282.029,294,,FALSE,TRUE,FALSE
India,259,242.378,7.15058,0.339768,244.568,7.12741,0.30888,90,SK Raina,7,4,3,14,241.837,3,32.6189,1,16.4,16.2189,315,314,4,0,5,3.11111,0.216374,28.9064,91.8944,171,0,178,79.2,118,87.6368,18.4,16.4,14.48,16.2189,296,274.456,293,,FALSE,TRUE,FALSE
India,259,242.378,7.15058,0.339768,244.568,7.12741,0.30888,90,MS Dhoni,11,10,1,11,239.545,3,31.9909,1,17.6,14.3909,315,314,4,0,5,3.47872,0.292553,36.7713,84.1612,188,4,178,80.4,118,84.1449,22,17.6,13.9015,14.3909,296,271.536,293,,FALSE,TRUE,FALSE
England,221,237.176,7.17647,0.289593,230.633,7.45701,0.384615,91,JE Root,28,4,24,44,236.266,2,44.5537,0,24.4,20.1537,301,293,5,1,5,3.68852,0.327869,41.6721,83.3443,61,4,88,68.4,195,114.866,8.4,24.4,20.6541,20.1537,283,280.82,280,,FALSE,FALSE,TRUE
England,221,237.176,7.17647,0.289593,230.633,7.45701,0.384615,91,GS Ballance,39,8,31,63,240.05,2,33.1167,0,14,19.1167,301,293,5,1,5,1.69231,0.153846,22,66.3573,13,1,88,74,195,113.05,18.8,14,20.1966,19.1167,283,273.167,280,,FALSE,TRUE,FALSE
England,221,237.176,7.17647,0.289593,230.633,7.45701,0.384615,91,EJG Morgan,0,0,0,0,227.248,2,32.558,0,12.8,19.758,301,293,5,1,5,3.19549,0.233083,30.0526,86.9291,133,4,88,68.8,195,105.448,14,12.8,19.5425,19.758,283,259.806,280,,FALSE,TRUE,FALSE
Pakistan,211,222.621,7.38389,0.393365,235.517,7.54976,0.336493,94,Mohammad Hafeez,52,32,20,53,263.037,0,31.4001,0,14,17.4001,327,329,7,0,5,4.04511,0.255639,34.3534,78.0625,133,4,176,87.2,140,103.837,15.6,14,17.5292,17.4001,316,294.437,305,,FALSE,TRUE,FALSE
Pakistan,211,222.621,7.38389,0.393365,235.517,7.54976,0.336493,94,Misbah-ul-Haq,0,0,0,0,252.897,0,35.6873,0,14.4,21.2873,327,329,7,0,5,2.95238,0.285714,34.9921,71.8195,126,4,176,68,140,112.897,13.2,14.4,20.4783,21.2873,316,288.585,305,,FALSE,TRUE,FALSE
Pakistan,211,222.621,7.38389,0.393365,235.517,7.54976,0.336493,94,Ahmed Shehzad,38,20,18,71,247.377,0,28.9131,0,11.6,17.3131,327,329,7,0,5,3.67143,0.242857,33.2714,70.8118,70,4,176,72.4,140,102.977,15.2,11.6,16.859,17.3131,316,276.29,305,,FALSE,TRUE,FALSE
Pakistan,211,222.621,7.38389,0.393365,235.517,7.54976,0.336493,94,Sohaib Maqsood,0,0,0,0,252.897,0,35.6873,0,14.4,21.2873,327,329,7,0,5,2.86957,0.217391,29.4348,79.7409,23,4,176,68,140,112.897,13.2,14.4,20.4783,21.2873,316,288.585,305,,FALSE,TRUE,FALSE
Pakistan,211,222.621,7.38389,0.393365,235.517,7.54976,0.336493,94,Fawad Alam,0,0,0,0,252.897,0,35.6873,0,14.4,21.2873,327,329,7,0,5,1.85294,0.176471,26.5588,72.6468,34,4,176,68,140,112.897,13.2,14.4,20.4783,21.2873,316,288.585,305,,FALSE,TRUE,FALSE
Bangladesh,160,218.438,7.70625,0.4,211.106,7.05,0.325,96,Mushfiqur Rahim,35,16,19,59,240.81,2,28.8135,0,10.8,18.0135,339,247,3,0,5,2.61111,0.18254,27.7778,75.2526,126,4,120,74,110,95.8101,19.6,10.8,14.9885,18.0135,230,269.624,328,,TRUE,TRUE,TRUE
Bangladesh,160,218.438,7.70625,0.4,211.106,7.05,0.325,96,Tamim Iqbal,52,36,16,55,235.493,2,32.9368,0,15.2,17.7368,339,247,3,0,5,4.05344,0.274809,31.8015,76.8068,131,4,120,76.8,110,87.6932,14,15.2,13.355,17.7368,230,268.43,328,,TRUE,TRUE,TRUE
Bangladesh,160,218.438,7.70625,0.4,211.106,7.05,0.325,96,Mominul Haque,0,0,0,0,220.939,2,38.2108,0,15.2,23.0108,339,247,3,0,5,2.57143,0.0952381,23.3333,73.4633,21,4,120,46.8,110,103.139,10.4,15.2,17.803,23.0108,230,259.15,328,,TRUE,TRUE,TRUE
Bangladesh,160,218.438,7.70625,0.4,211.106,7.05,0.325,96,Mahmudullah,0,0,0,0,220.939,2,38.2108,0,15.2,23.0108,339,247,3,0,5,2.26531,0.153061,24.4286,70.9544,98,4,120,46.8,110,103.139,10.4,15.2,17.803,23.0108,230,259.15,328,,TRUE,TRUE,TRUE
New Zealand,184,233.745,7.39674,0.36413,227.951,7.30435,0.353261,98,KS Williamson,68,36,32,57,244.153,2,26.5985,0,10.4,16.1985,303,306,10,0,5,4.31707,0.390244,43.0488,82.8833,82,4,132,60.8,156,99.353,13.6,10.4,17.0282,16.1985,288,270.751,283,,FALSE,TRUE,FALSE
New Zealand,184,233.745,7.39674,0.36413,227.951,7.30435,0.353261,98,LRPL Taylor,46,24,22,51,251.747,2,26.9973,0,11.6,15.3973,303,306,10,0,5,3.68382,0.301471,36.7206,79.3959,136,4,132,73.2,156,94.5468,10.4,11.6,15.8189,15.3973,288,278.744,283,,FALSE,TRUE,FALSE
England,221,237.176,7.17647,0.289593,230.633,7.45701,0.384615,101,JE Root,29,8,21,33,197.445,4,25.5786,1,8.8,16.7786,303,215,8,0,5,3.68852,0.327869,41.6721,83.3443,61,4,64,46.8,141,94.645,6.8,8.8,17.1018,16.7786,205,223.024,292,,TRUE,TRUE,TRUE
England,221,237.176,7.17647,0.289593,230.633,7.45701,0.384615,101,JC Buttler,1,0,1,4,225.542,4,35.4947,1,19.2,16.2947,303,215,8,0,5,3.47458,0.186441,29.9153,115.359,59,0,64,83.6,141,85.9422,14.4,19.2,15.5489,16.2947,205,261.037,292,,TRUE,TRUE,TRUE
England,221,237.176,7.17647,0.289593,230.633,7.45701,0.384615,102,JWA Taylor,25,8,17,55,147.265,3,16.2372,2,6.4,9.83717,201,201,6,0,5,3.375,0.333333,35.9167,79.8888,24,4,56,38,136,69.2654,6.4,6.4,12.2937,9.83717,192,163.503,194,,TRUE,TRUE,TRUE
England,221,237.176,7.17647,0.289593,230.633,7.45701,0.384615,102,JC Buttler,0,0,0,0,143.831,3,18.7333,2,5.2,13.5333,201,201,6,0,5,3.47458,0.186441,29.9153,115.359,59,0,56,30,136,73.8313,14,5.2,14.5616,13.5333,192,162.565,194,,TRUE,TRUE,TRUE
South Africa,190,234.274,7.4,0.373684,232.363,7.33158,0.342105,104,HM Amla,46,24,22,61,269.813,0,31.0776,0,13.2,17.8776,319,319,4,1,5,5.20168,0.403361,48.7899,86.9292,119,4,180,75.2,122,110.613,20.4,13.2,18.9572,17.8776,302,300.89,303,,TRUE,TRUE,TRUE
South Africa,190,234.274,7.4,0.373684,232.363,7.33158,0.342105,104,Q de Kock,60,34,26,62,256.201,0,31.7718,0,12.8,18.9718,319,319,4,1,5,5.12963,0.240741,39.1111,91.2311,54,4,180,60,122,112.201,18.8,12.8,19.4934,18.9718,302,287.972,303,,TRUE,TRUE,TRUE
Pakistan,211,222.621,7.38389,0.393365,235.517,7.54976,0.336493,108,Mohammad Rizwan,4,0,4,10,188.189,3,16.7936,2,1.6,15.1936,284,188,5,0,5,2.76923,0.230769,26.7692,92.8,13,0,44,68,125,84.1887,15.2,1.6,15.646,15.1936,169,204.982,277,,TRUE,TRUE,TRUE
Pakistan,211,222.621,7.38389,0.393365,235.517,7.54976,0.336493,108,Sarfraz Ahmed,3,0,3,6,183.246,3,14.9692,2,0.8,14.1692,284,188,5,0,5,2.04878,0.097561,25.4878,83.9357,41,4,44,63.6,125,83.6459,14.4,0.8,15.6968,14.1692,169,198.215,277,,TRUE,TRUE,TRUE
England,221,237.176,7.17647,0.289593,230.633,7.45701,0.384615,5,PD Collingwood,0,0,0,0,145.454,2,21.9739,0,8,13.9739,144,147,10,0,5,2.62366,0.193548,30.5161,76.8065,93,4,58,42.4,71,63.0537,1.6,8,13.3062,13.9739,129,167.428,128,,FALSE,FALSE,TRUE
England,221,237.176,7.17647,0.289593,230.633,7.45701,0.384615,5,KP Pietersen,7,0,7,19,145.345,2,19.3931,0,5.6,13.7931,144,147,10,0,5,3.69892,0.236559,33.4946,82.2117,93,4,58,40.4,71,64.9454,5.6,5.6,13.6415,13.7931,129,164.738,128,,FALSE,FALSE,TRUE
England,221,237.176,7.17647,0.289593,230.633,7.45701,0.384615,5,A Flintoff,0,0,0,0,145.454,2,21.9739,0,8,13.9739,144,147,10,0,5,2.4375,0.09375,22.5,86.5385,32,4,58,42.4,71,63.0537,1.6,8,13.3062,13.9739,129,167.428,128,,FALSE,FALSE,TRUE
Zimbabwe,142,212.077,7.5,0.380282,227.704,6.97887,0.316901,9,BRM Taylor,43,24,19,62,155.461,2,34.1796,1,21.6,12.5796,232,130,1,0,5,3.3,0.26,33.56,76.3421,100,4,40,42.8,86,60.661,6.8,21.6,11.2495,12.5796,126,189.641,214,,TRUE,TRUE,TRUE
Zimbabwe,142,212.077,7.5,0.380282,227.704,6.97887,0.316901,9,S Matsikenyeri,0,0,0,3,154.526,2,21.228,1,6.4,14.828,232,130,1,0,5,2,0.106383,19.9787,75.7869,47,1,40,40,86,62.5262,4.8,6.4,11.9242,14.828,126,175.754,214,,TRUE,TRUE,TRUE
Zimbabwe,142,212.077,7.5,0.380282,227.704,6.97887,0.316901,9,E Chigumbura,0,0,0,0,160.01,2,24.4817,1,9.6,14.8817,232,130,1,0,5,2.28947,0.114035,22.7895,77.7844,114,4,40,44.8,86,63.2104,4.8,9.6,11.8104,14.8817,126,184.492,214,,TRUE,TRUE,TRUE
West Indies,176,217.33,7.15909,0.3125,225.278,7.57386,0.380682,12,WW Hinds,3,0,3,18,145.767,2,16.8617,2,6,10.8617,163,146,11,0,5,1.11111,0,12,38.9892,9,3,64,52,68,49.7671,14.8,6,10.0001,10.8617,132,162.629,140,,TRUE,FALSE,FALSE
West Indies,176,217.33,7.15909,0.3125,225.278,7.57386,0.380682,12,CH Gayle,0,0,0,3,143.395,2,18.7905,2,7.2,11.5905,163,146,11,0,5,4.58621,0.206897,31.1293,89.4255,116,4,64,48.8,68,50.5955,11.2,7.2,10.0803,11.5905,132,162.186,140,,TRUE,FALSE,FALSE
West Indies,176,217.33,7.15909,0.3125,225.278,7.57386,0.380682,12,DR Smith,0,0,0,0,143.669,2,19.1632,2,7.2,11.9632,163,146,11,0,5,2.5,0.12,17.96,84.5574,50,1,64,48.8,68,50.8691,11.2,7.2,10.3224,11.9632,132,162.832,140,,TRUE,FALSE,FALSE
West Indies,176,217.33,7.15909,0.3125,225.278,7.57386,0.380682,12,DJ Bravo,0,0,0,0,143.927,2,19.0318,2,7.2,11.8318,163,146,11,0,5,2.35514,0.11215,23.1589,80.9011,107,4,64,48.8,68,51.1272,11.2,7.2,10.1691,11.8318,132,162.959,140,,TRUE,FALSE,FALSE
England,221,237.176,7.17647,0.289593,230.633,7.45701,0.384615,13,PD Collingwood,4,4,0,6,166.7,3,25.1491,1,8,17.1491,290,196,13,1,5,2.62366,0.193548,30.5161,76.8065,93,4,74,38.4,103,74.3,10.4,8,16.093,17.1491,177,191.849,265,,TRUE,TRUE,TRUE
England,221,237.176,7.17647,0.289593,230.633,7.45701,0.384615,13,OA Shah,24,14,10,37,166.553,3,20.2202,1,4.4,15.8202,290,196,13,1,5,3.13043,0.23913,32.6739,81.1994,46,4,74,39.2,103,73.3526,16,4.4,15.7733,15.8202,177,186.773,265,,TRUE,TRUE,TRUE
Pakistan,211,222.621,7.38389,0.393365,235.517,7.54976,0.336493,28,Salman Butt,61,24,37,73,213.703,0,21.9132,1,5.6,16.3132,211,212,5,1,5,5.4359,0.384615,42.3846,78.8645,39,4,88,46,115,79.7029,9.6,5.6,15.8889,16.3132,203,235.616,191,,FALSE,FALSE,TRUE
Pakistan,211,222.621,7.38389,0.393365,235.517,7.54976,0.336493,28,Bazid Khan,2,0,2,14,210.695,0,17.0272,1,1.6,15.4272,211,212,5,1,5,1.5,0.5,26,50.9804,2,3,88,52,115,70.695,8,1.6,14.7464,15.4272,203,227.722,191,,FALSE,FALSE,TRUE
Pakistan,211,222.621,7.38389,0.393365,235.517,7.54976,0.336493,28,Mohammad Yousuf,0,0,0,0,211.646,0,16.9007,1,0.8,16.1007,211,212,5,1,5,3.27586,0.275862,36.7931,73.9176,58,4,88,51.6,115,72.046,11.2,0.8,14.97,16.1007,203,228.547,191,,FALSE,FALSE,TRUE
Zimbabwe,142,212.077,7.5,0.380282,227.704,6.97887,0.316901,33,P Utseya,7,0,7,31,126.911,6,15.4203,0,6.4,9.02026,153,133,23,1,5,0.842105,0.0263158,11.8289,55.8385,76,3,26,39.6,83,45.3111,8.8,6.4,8.27033,9.02026,109,142.331,133,,TRUE,FALSE,FALSE
Zimbabwe,142,212.077,7.5,0.380282,227.704,6.97887,0.316901,33,KM Dabengwa,6,0,6,33,120.128,6,15.3556,0,6.4,8.95561,153,133,23,1,5,1.2,0,16.7,61.1722,20,1,26,33.6,83,44.5275,5.6,6.4,8.28524,8.95561,109,135.483,133,,TRUE,FALSE,FALSE
England,221,237.176,7.17647,0.289593,230.633,7.45701,0.384615,35,PD Collingwood,24,12,12,25,222.709,3,31.4412,0,13.6,17.8412,355,242,8,0,5,2.62366,0.193548,30.5161,76.8065,93,4,110,59.6,118,83.1093,17.2,13.6,17.0076,17.8412,228,254.15,340,,TRUE,TRUE,TRUE
England,221,237.176,7.17647,0.289593,230.633,7.45701,0.384615,35,KP Pietersen,29,12,17,39,239.932,3,34.0007,0,16.8,17.2007,355,242,8,0,5,3.69892,0.236559,33.4946,82.2117,93,4,110,77.2,118,82.7319,14.4,16.8,16.6234,17.2007,228,273.933,340,,TRUE,TRUE,TRUE
West Indies,176,217.33,7.15909,0.3125,225.278,7.57386,0.380682,36,DS Smith,48,8,40,64,181.138,4,33.8768,0,16.8,17.0768,247,194,2,1,5,2.61765,0.147059,23.5588,71.2,34,4,46,47.2,141,80.9378,13.2,16.8,16.0356,17.0768,187,215.015,227,,TRUE,TRUE,TRUE
West Indies,176,217.33,7.15909,0.3125,225.278,7.57386,0.380682,36,DE Bernard,15,4,11,20,168.039,4,24.7061,0,9.6,15.1061,247,194,2,1,5,1,0,13.4,63.5071,10,1,46,46.8,141,68.2394,14.8,9.6,14.2968,15.1061,187,192.745,227,,TRUE,TRUE,TRUE
India,259,242.378,7.15058,0.339768,244.568,7.12741,0.30888,37,MS Dhoni,1,0,1,4,152.652,1,18.9981,2,6.8,12.1981,156,156,3,0,5,3.47872,0.292553,36.7713,84.1612,188,4,76,40,76,58.6519,4.8,6.8,11.9776,12.1981,152,171.65,150,,FALSE,FALSE,TRUE
India,259,242.378,7.15058,0.339768,244.568,7.12741,0.30888,37,Yuvraj Singh,4,4,0,5,145.132,1,18.2621,2,6.4,11.8621,156,156,3,0,5,4.05833,0.258333,32.525,83.8093,120,4,76,34,76,57.132,2.4,6.4,11.7073,11.8621,152,163.394,150,,FALSE,FALSE,TRUE
India,259,242.378,7.15058,0.339768,244.568,7.12741,0.30888,37,SK Raina,0,0,0,0,153.356,1,19.2601,2,6.8,12.4601,156,156,3,0,5,3.11111,0.216374,28.9064,91.8944,171,0,76,41.2,76,58.1555,4.8,6.8,12.1518,12.4601,152,172.616,150,,FALSE,FALSE,TRUE
England,221,237.176,7.17647,0.289593,230.633,7.45701,0.384615,39,OA Shah,13,4,9,34,157.191,2,22.5691,1,8.4,14.1691,213,213,10,0,5,3.13043,0.23913,32.6739,81.1994,46,4,104,41.6,90,66.5912,6,8.4,13.8779,14.1691,194,179.76,187,,FALSE,TRUE,FALSE
England,221,237.176,7.17647,0.289593,230.633,7.45701,0.384615,39,EJG Morgan,0,0,0,1,140.307,2,22.2962,1,6.4,15.8962,213,213,10,0,5,3.19549,0.233083,30.0526,86.9291,133,4,104,22.4,90,68.9066,6.4,6.4,14.6035,15.8962,194,162.603,187,,FALSE,TRUE,FALSE
Ireland,55,219.527,7.65455,0.290909,202.727,7.56364,0.4,42,NJ O'Brien,8,4,4,11,182.724,3,24.9543,0,11.2,13.7543,232,192,14,1,5,2.55882,0.176471,25.5882,69.378,34,4,106,33.6,69,61.1236,5.6,11.2,13.1655,13.7543,175,207.678,218,,TRUE,TRUE,TRUE
Ireland,55,219.527,7.65455,0.290909,202.727,7.56364,0.4,42,AR Cusack,21,16,5,29,191.755,3,23.7728,0,12.4,11.3728,232,192,14,1,5,1.2,0,12.0667,65.1079,15,1,106,50,69,53.7552,12.8,12.4,11.9837,11.3728,175,215.528,218,,TRUE,TRUE,TRUE
Ireland,55,219.527,7.65455,0.290909,202.727,7.56364,0.4,42,KJ O'Brien,0,0,0,0,184.432,3,20.6878,0,6.8,13.8878,232,192,14,1,5,2.64706,0.0588235,22.3824,79.4363,34,4,106,35.6,69,60.8323,7.2,6.8,13.1194,13.8878,175,205.12,218,,TRUE,TRUE,TRUE
West Indies,176,217.33,7.15909,0.3125,225.278,7.57386,0.380682,48,RR Sarwan,2,0,2,6,194.02,3,19.8277,2,8,11.8277,244,225,8,0,5,2.8254,0.222222,29.1429,69.1005,63,4,126,41.2,88,52.8197,14,8,10.1069,11.8277,214,213.847,221,,TRUE,TRUE,TRUE
West Indies,176,217.33,7.15909,0.3125,225.278,7.57386,0.380682,48,KA Pollard,0,0,0,2,198.254,3,20.8207,2,9.2,11.6207,244,225,8,0,5,2.70513,0.115385,24.5,88.0645,78,4,126,46.4,88,51.8545,16,9.2,9.93931,11.6207,214,219.075,221,,TRUE,TRUE,TRUE
India,259,242.378,7.15058,0.339768,244.568,7.12741,0.30888,56,YK Pathan,14,4,10,21,176.966,6,23.1836,1,12.8,10.3836,251,234,3,0,5,2.575,0.125,19.975,110.055,40,0,150,44.4,73,55.5655,8.8,12.8,10.6299,10.3836,223,200.149,239,,TRUE,TRUE,TRUE
India,259,242.378,7.15058,0.339768,244.568,7.12741,0.30888,56,PP Chawla,1,0,1,4,169.824,6,31.9019,1,21.2,10.7019,251,234,3,0,5,0.25,0,3.16667,63.3333,12,1,150,38,73,54.8244,9.6,21.2,10.7753,10.7019,223,201.726,239,,TRUE,TRUE,TRUE
India,259,242.378,7.15058,0.339768,244.568,7.12741,0.30888,56,Z Khan,0,0,0,0,170.567,6,32.0003,1,21.2,10.8003,251,234,3,0,5,0.974359,0,8.35897,60.9346,39,1,150,38.8,73,54.7671,9.6,21.2,10.7566,10.8003,223,202.567,239,,TRUE,TRUE,TRUE
West Indies,176,217.33,7.15909,0.3125,225.278,7.57386,0.380682,67,LMP Simmons,30,10,20,66,164.277,0,24.943,1,10.4,14.543,221,221,9,0,5,3.3125,0.28125,30.5938,71.4338,64,4,116,41.2,92,70.0768,4,10.4,14.3552,14.543,208,189.22,211,,TRUE,TRUE,TRUE
West Indies,176,217.33,7.15909,0.3125,225.278,7.57386,0.380682,67,MN Samuels,10,4,6,12,158.409,0,19.7262,1,3.2,16.5262,221,221,9,0,5,3.74757,0.23301,31.6214,74.5821,103,4,116,34,92,71.4086,5.6,3.2,14.7663,16.5262,208,178.135,211,,TRUE,TRUE,TRUE
England,221,237.176,7.17647,0.289593,230.633,7.45701,0.384615,73,EJG Morgan,25,12,13,32,181.95,3,28.4739,0,10,18.4739,316,227,4,1,5,3.19549,0.233083,30.0526,86.9291,133,4,104,46.8,116,84.1496,8.4,10,17.9137,18.4739,220,210.423,310,,TRUE,TRUE,TRUE
England,221,237.176,7.17647,0.289593,230.633,7.45701,0.384615,73,KP Pietersen,57,36,21,63,179.604,3,27.1492,0,11.2,15.9492,316,227,4,1,5,3.69892,0.236559,33.4946,82.2117,93,4,104,50.4,116,78.2037,16.8,11.2,16.73,15.9492,220,206.753,310,,TRUE,TRUE,TRUE
England,221,237.176,7.17647,0.289593,230.633,7.45701,0.384615,73,RS Bopara,0,0,0,0,183.061,3,29.2155,0,10,19.2155,316,227,4,1,5,2.22115,0.144231,25.1538,75.9361,104,4,104,48,116,84.0609,15.2,10,18.2506,19.2155,220,212.276,310,,TRUE,TRUE,TRUE
England,221,237.176,7.17647,0.289593,230.633,7.45701,0.384615,73,JC Buttler,0,0,0,0,183.245,3,32.276,0,12.8,19.476,316,227,4,1,5,3.47458,0.186441,29.9153,115.359,59,0,104,48.4,116,83.8447,15.2,12.8,18.529,19.476,220,215.521,310,,TRUE,TRUE,TRUE
Australia,228,239.627,7.69737,0.372807,232.079,7.23246,0.337719,77,AC Voges,25,0,25,39,191.304,5,20.923,1,5.6,15.323,254,233,22,0,5,2.29167,0.125,29.625,84.142,24,4,96,42.4,108,71.9035,5.6,5.6,13.4218,15.323,204,212.227,235,,TRUE,TRUE,TRUE
Australia,228,239.627,7.69737,0.372807,232.079,7.23246,0.337719,77,JP Faulkner,1,0,1,3,180.53,5,23.4479,1,9.6,13.8479,254,233,22,0,5,2.88235,0.147059,24.1471,109.613,34,0,96,42,108,61.5305,6.4,9.6,12.1484,13.8479,204,203.978,235,,TRUE,TRUE,TRUE
Australia,228,239.627,7.69737,0.372807,232.079,7.23246,0.337719,77,MG Johnson,0,0,0,0,178.693,5,21.8949,1,8,13.8949,254,233,22,0,5,1.18519,0.0246914,10.7901,94.181,81,0,96,40.4,108,61.2935,5.6,8,12.1002,13.8949,204,200.588,235,,TRUE,TRUE,TRUE
Zimbabwe,142,212.077,7.5,0.380282,227.704,6.97887,0.316901,89,SC Williams,9,0,9,14,198.515,3,40.4569,0,22.4,18.0569,300,209,4,1,5,2.56923,0.276923,28.5385,80.7927,65,4,90,58.4,108,79.1151,16.8,22.4,15.5841,18.0569,198,238.972,274,,TRUE,TRUE,TRUE
Zimbabwe,142,212.077,7.5,0.380282,227.704,6.97887,0.316901,89,BRM Taylor,42,18,24,46,198.529,3,35.5382,0,18.4,17.1382,300,209,4,1,5,3.3,0.26,33.56,76.3421,100,4,90,58.8,108,78.7285,15.6,18.4,15.1387,17.1382,198,234.067,274,,TRUE,TRUE,TRUE
Australia,228,239.627,7.69737,0.372807,232.079,7.23246,0.337719,95,GJ Maxwell,17,8,9,23,177.694,3,25.5461,0,10.4,15.1461,216,217,13,0,5,3.79245,0.226415,28.2264,119.68,53,0,116,43.6,86,70.0944,7.2,10.4,14.3567,15.1461,202,203.24,205,,TRUE,TRUE,TRUE
Australia,228,239.627,7.69737,0.372807,232.079,7.23246,0.337719,95,GJ Bailey,19,12,7,45,169.975,3,23.0257,0,10.4,12.6257,216,217,13,0,5,3.34921,0.301587,36.3492,84.658,63,4,116,41.6,86,64.3753,9.2,10.4,13.1718,12.6257,202,193.001,205,,TRUE,TRUE,TRUE
South Africa,190,234.274,7.4,0.373684,232.363,7.33158,0.342105,97,HM Amla,48,8,40,68,219.432,1,23.0553,0,5.6,17.4553,218,221,2,0,5,5.20168,0.403361,48.7899,86.9292,119,4,90,53.2,127,88.2316,14.4,5.6,16.8498,17.4553,217,242.487,198,,FALSE,FALSE,TRUE
South Africa,190,234.274,7.4,0.373684,232.363,7.33158,0.342105,97,F du Plessis,51,26,25,46,212.138,1,20.6037,0,5.6,15.0037,218,221,2,0,5,3.45122,0.292683,34.9268,83.135,82,4,90,58.4,127,75.7376,13.6,5.6,14.6213,15.0037,217,232.741,198,,FALSE,FALSE,TRUE
South Africa,190,234.274,7.4,0.373684,232.363,7.33158,0.342105,97,WD Parnell,0,0,0,0,216.786,1,23.382,0,8,15.382,218,221,2,0,5,1.47826,0.0434783,15.8261,74.7433,23,1,90,66.8,127,71.986,9.6,8,14.4806,15.382,217,240.168,198,,FALSE,FALSE,TRUE
India,259,242.378,7.15058,0.339768,244.568,7.12741,0.30888,103,S Dhawan,45,28,17,63,196.902,2,26.6941,2,13.2,13.4941,322,197,10,1,5,5.65217,0.362319,43.2174,88.9088,69,4,96,52,86,70.9018,13.6,13.2,14.7412,13.4941,182,223.596,291,,TRUE,TRUE,TRUE
India,259,242.378,7.15058,0.339768,244.568,7.12741,0.30888,103,MS Dhoni,6,0,6,13,202.556,2,38.3103,2,20.8,17.5103,322,197,10,1,5,3.47872,0.292553,36.7713,84.1612,188,4,96,48,86,80.5555,8.8,20.8,16.7674,17.5103,182,240.866,291,,TRUE,TRUE,TRUE
Sri Lanka,244,223.373,7.09016,0.344262,227.578,7.47541,0.385246,106,HDRL Thirimanne,36,16,20,44,216.502,2,33.6572,2,16.4,17.2572,317,181,7,1,5,2.77778,0.246914,31.5802,71.4725,81,4,46,58.8,124,77.7021,18,16.4,15.0752,17.2572,170,250.159,301,,TRUE,TRUE,TRUE
Sri Lanka,244,223.373,7.09016,0.344262,227.578,7.47541,0.385246,106,LD Chandimal,0,0,0,3,209.408,2,25.912,2,8.4,17.512,317,181,7,1,5,2.18478,0.184783,25.7391,73.8615,92,4,46,54.8,124,74.608,14.4,8.4,14.7087,17.512,170,235.32,301,,TRUE,TRUE,TRUE
Zimbabwe,142,212.077,7.5,0.380282,227.704,6.97887,0.316901,107,CJ Chibhabha,43,16,27,58,165.253,1,24.881,0,5.6,19.281,277,193,6,1,5,2.56716,0.149254,23.5373,64.7373,67,1,80,30,102,86.2525,5.2,5.6,17.2687,19.281,182,190.133,263,,TRUE,TRUE,TRUE
Zimbabwe,142,212.077,7.5,0.380282,227.704,6.97887,0.316901,107,RW Chakabva,21,8,13,38,168.913,1,30.517,0,12,18.517,277,193,6,1,5,0.846154,0,13.2692,51.3393,26,3,80,38,102,81.9135,4.4,12,16.5601,18.517,182,199.43,263,,TRUE,TRUE,TRUE
Zimbabwe,142,212.077,7.5,0.380282,227.704,6.97887,0.316901,107,E Chigumbura,0,0,0,0,167.297,1,29.0457,0,9.6,19.4457,277,193,6,1,5,2.28947,0.114035,22.7895,77.7844,114,4,80,37.2,102,81.097,0,9.6,16.4395,19.4457,182,196.343,263,,TRUE,TRUE,TRUE
Sri Lanka,244,223.373,7.09016,0.344262,227.578,7.47541,0.385246,1,ST Jayasuriya,91,60,31,66,268.868,0,31.2907,0,17.6,13.6907,322,324,24,0,5,4.91549,0.211268,33.9859,98.4898,71,0,186,66,110,58.8682,22.4,17.6,14.8684,13.6907,296,300.159,295,,FALSE,FALSE,TRUE
Sri Lanka,244,223.373,7.09016,0.344262,227.578,7.47541,0.385246,1,WU Tharanga,80,54,26,67,273.726,0,33.9463,0,20.8,13.1463,322,324,24,0,5,3.93985,0.263158,32.9699,71.6035,133,4,186,72,110,57.7261,21.6,20.8,14.6994,13.1463,296,307.672,295,,FALSE,FALSE,TRUE
South Africa,190,234.274,7.4,0.373684,232.363,7.33158,0.342105,23,GC Smith,68,40,28,77,201.687,0,39.1277,0,24,15.1277,248,251,13,0,5,3.97,0.29,33.57,79.6819,100,4,144,59.6,87,62.0873,12,24,15.3739,15.1277,231,240.815,234,,TRUE,FALSE,FALSE
South Africa,190,234.274,7.4,0.373684,232.363,7.33158,0.342105,23,HH Gibbs,40,24,16,47,174.068,0,28.0799,0,12,16.0799,248,251,13,0,5,4.61538,0.307692,35.6923,83.4157,52,4,144,30.8,87,63.2677,5.6,12,15.7735,16.0799,231,202.148,234,,TRUE,TRUE,TRUE
West Indies,176,217.33,7.15909,0.3125,225.278,7.57386,0.380682,24,ADS Fletcher,14,4,10,30,138.457,3,24.2145,1,9.6,14.6145,274,189,6,1,5,1.8125,0.125,13.5,62.6087,16,1,68,35.6,113,53.8571,11.6,9.6,13.3709,14.6145,181,162.672,252,,TRUE,TRUE,TRUE
West Indies,176,217.33,7.15909,0.3125,225.278,7.57386,0.380682,24,KA Pollard,0,0,0,5,132.288,3,14.1334,1,0,14.1334,274,189,6,1,5,2.70513,0.115385,24.5,88.0645,78,4,68,31.6,113,51.6878,8,0,13.0313,14.1334,181,146.421,252,,TRUE,TRUE,TRUE
West Indies,176,217.33,7.15909,0.3125,225.278,7.57386,0.380682,24,D Ramdin,0,0,0,0,132.382,3,14.4348,1,0,14.4348,274,189,6,1,5,1.7439,0.097561,19.1951,81.1759,82,1,68,31.6,113,51.7824,8,0,12.9134,14.4348,181,146.817,252,,TRUE,TRUE,TRUE
Zimbabwe,142,212.077,7.5,0.380282,227.704,6.97887,0.316901,47,BRM Taylor,70,42,28,59,178.139,0,28.0635,1,13.2,14.8635,328,188,11,0,5,3.3,0.26,33.56,76.3421,100,4,74,38.4,98,61.7395,10.4,13.2,17.0015,14.8635,172,206.203,312,,TRUE,TRUE,TRUE
Zimbabwe,142,212.077,7.5,0.380282,227.704,6.97887,0.316901,47,T Taibu,0,0,0,1,188.762,0,36.4891,1,20.8,15.6891,328,188,11,0,5,2.36364,0.254545,29.4,71.0145,55,4,74,49.6,98,61.162,4.4,20.8,16.7105,15.6891,172,225.251,312,,TRUE,TRUE,TRUE
Zimbabwe,142,212.077,7.5,0.380282,227.704,6.97887,0.316901,47,P Utseya,0,0,0,0,192.574,0,36.4463,1,20.8,15.6463,328,188,11,0,5,0.842105,0.0263158,11.8289,55.8385,76,3,74,53.6,98,60.974,7.6,20.8,16.6198,15.6463,172,229.02,312,,TRUE,TRUE,TRUE
Zimbabwe,142,212.077,7.5,0.380282,227.704,6.97887,0.316901,47,CR Ervine,0,0,0,0,188.859,0,36.5187,1,20.8,15.7187,328,188,11,0,5,3.06667,0.2,30.5333,73.9903,30,4,74,49.6,98,61.2588,4.4,20.8,16.7402,15.7187,172,225.378,312,,TRUE,TRUE,TRUE
Sri Lanka,244,223.373,7.09016,0.344262,227.578,7.47541,0.385246,54,DPMD Jayawardene,10,4,6,14,176.503,2,24.7508,0,10.8,13.9508,210,211,7,1,5,3.20833,0.244792,31.6979,79.1109,192,4,112,41.6,83,54.9027,15.6,10.8,13.8826,13.9508,195,201.253,203,,TRUE,TRUE,TRUE
Sri Lanka,244,223.373,7.09016,0.344262,227.578,7.47541,0.385246,54,KC Sangakkara,40,24,16,44,176.558,2,23.7895,0,10.8,12.9895,210,211,7,1,5,4.33659,0.360976,41.9854,80.6276,205,4,112,44,83,52.5577,12,10.8,13.1968,12.9895,195,200.347,203,,TRUE,TRUE,TRUE
India,259,242.378,7.15058,0.339768,244.568,7.12741,0.30888,63,MS Dhoni,0,0,0,9,126.56,2,19.1396,3,6.4,12.7396,253,165,18,0,5,3.47872,0.292553,36.7713,84.1612,188,4,64,18.4,78,49.1603,0.8,6.4,13.6111,12.7396,142,145.7,238,,TRUE,TRUE,TRUE
India,259,242.378,7.15058,0.339768,244.568,7.12741,0.30888,63,RA Jadeja,0,0,0,4,125.038,2,22.6605,3,9.6,13.0605,253,165,18,0,5,2.12941,0.117647,21.7529,82.4342,85,4,64,16,78,50.0381,0.8,9.6,13.9807,13.0605,142,147.699,238,,TRUE,TRUE,TRUE
South Africa,190,234.274,7.4,0.373684,232.363,7.33158,0.342105,64,HM Amla,62,40,22,67,183.664,2,22.5194,0,10.4,12.1194,231,231,9,0,5,5.20168,0.403361,48.7899,86.9292,119,4,120,40.8,101,51.8642,11.6,10.4,12.7091,12.1194,221,206.184,220,,FALSE,TRUE,FALSE
South Africa,190,234.274,7.4,0.373684,232.363,7.33158,0.342105,64,JP Duminy,23,12,11,24,209.687,2,28.3786,0,15.2,13.1786,231,231,9,0,5,2.3252,0.186992,29.9675,80.2351,123,4,120,63.6,101,55.0872,15.2,15.2,13.2469,13.1786,221,238.066,220,,FALSE,FALSE,TRUE
Bangladesh,160,218.438,7.70625,0.4,211.106,7.05,0.325,65,Mushfiqur Rahim,13,4,9,28,186.667,2,18.9746,0,8.8,10.1746,200,203,6,0,5,2.61111,0.18254,27.7778,75.2526,126,4,118,40.8,75,46.8672,14,8.8,11.7701,10.1746,193,205.642,185,,FALSE,FALSE,TRUE
Bangladesh,160,218.438,7.70625,0.4,211.106,7.05,0.325,65,Tamim Iqbal,61,36,25,55,191.836,2,20.8553,0,11.6,9.25531,200,203,6,0,5,4.05344,0.274809,31.8015,76.8068,131,4,118,47.6,75,45.2359,12,11.6,11.4663,9.25531,193,212.691,185,,FALSE,FALSE,TRUE
Bangladesh,160,218.438,7.70625,0.4,211.106,7.05,0.325,65,Shakib Al Hasan,0,0,0,0,190.412,2,18.0354,0,8,10.0354,200,203,6,0,5,2.86992,0.252033,29.9106,79.0163,123,4,118,46,75,45.4125,18.4,8,11.6695,10.0354,193,208.448,185,,FALSE,FALSE,TRUE
Bangladesh,160,218.438,7.70625,0.4,211.106,7.05,0.325,65,Shuvagoto Hom,0,0,0,0,190.412,2,18.0354,0,8,10.0354,200,203,6,0,5,3,0,23.3333,79.5455,3,4,118,46,75,45.4125,18.4,8,11.6695,10.0354,193,208.448,185,,FALSE,FALSE,TRUE
Pakistan,211,222.621,7.38389,0.393365,235.517,7.54976,0.336493,74,Younis Khan,12,4,8,21,149.518,3,20.8934,0,8.4,12.4934,192,192,6,0,5,2.64655,0.215517,28.5,73.2713,116,4,94,34.8,89,50.7179,7.2,8.4,11.5486,12.4934,183,170.411,172,,FALSE,TRUE,FALSE
Pakistan,211,222.621,7.38389,0.393365,235.517,7.54976,0.336493,74,Misbah-ul-Haq,6,0,6,17,145.75,3,17.0115,0,4.4,12.6115,192,192,6,0,5,2.95238,0.285714,34.9921,71.8195,126,4,94,30.8,89,50.9501,7.6,4.4,11.593,12.6115,183,162.762,172,,FALSE,TRUE,FALSE
Zimbabwe,142,212.077,7.5,0.380282,227.704,6.97887,0.316901,111,E Chigumbura,5,0,5,12,133.314,3,25.41,1,12.8,12.61,274,128,4,0,5,2.28947,0.114035,22.7895,77.7844,114,4,54,30.4,69,51.9135,5.6,12.8,14.1586,12.61,123,158.724,258,,TRUE,TRUE,TRUE
Zimbabwe,142,212.077,7.5,0.380282,227.704,6.97887,0.316901,111,Sikandar Raza,0,0,0,9,131.694,3,18.3047,1,6.4,11.9047,274,128,4,0,5,3,0.131579,26.1842,81.1582,38,4,54,31.6,69,49.0941,8,6.4,13.4829,11.9047,123,149.999,258,,TRUE,TRUE,TRUE
West Indies,176,217.33,7.15909,0.3125,225.278,7.57386,0.380682,88,JL Carter,29,22,7,35,208.909,4,32.5499,1,20.8,11.7499,394,250,5,0,5,1.63636,0,14.7273,55.8621,11,3,188,61.6,56,36.3089,22.4,20.8,11.8195,11.7499,244,241.459,383,,TRUE,TRUE,TRUE
West Indies,176,217.33,7.15909,0.3125,225.278,7.57386,0.380682,88,DJG Sammy,25,18,7,12,205.68,4,27.084,1,14.8,12.284,394,250,5,0,5,2.25,0.09,18.25,95.8005,100,0,188,56.8,56,37.8801,22.8,14.8,12.7568,12.284,244,232.764,383,,TRUE,TRUE,TRUE
West Indies,176,217.33,7.15909,0.3125,225.278,7.57386,0.380682,88,AD Russell,0,0,0,0,182.65,4,15.3253,1,2.4,12.9253,394,250,5,0,5,3.38095,0.0952381,23.2857,129.536,42,0,188,32.4,56,39.2495,14.8,2.4,13.0646,12.9253,244,197.975,383,,TRUE,TRUE,TRUE
West Indies,176,217.33,7.15909,0.3125,225.278,7.57386,0.380682,88,JO Holder,0,0,0,0,182.65,4,15.3253,1,2.4,12.9253,394,250,5,0,5,2.13636,0.0909091,16.9091,97.8947,22,0,188,32.4,56,39.2495,14.8,2.4,13.0646,12.9253,244,197.975,383,,TRUE,TRUE,TRUE
Sri Lanka,244,223.373,7.09016,0.344262,227.578,7.47541,0.385246,110,LD Chandimal,8,0,8,18,158.567,1,30.7853,2,17.2,13.5853,207,180,7,1,5,2.18478,0.184783,25.7391,73.8615,92,4,66,38.4,104,38.1674,7.6,17.2,12.2278,13.5853,170,189.353,184,,TRUE,FALSE,FALSE
Sri Lanka,244,223.373,7.09016,0.344262,227.578,7.47541,0.385246,110,AD Mathews,2,0,2,3,161.48,1,31.9688,2,18.8,13.1688,207,180,7,1,5,2.64122,0.198473,28.6794,82.3362,131,4,66,42.8,104,36.6798,12.8,18.8,11.8599,13.1688,170,193.449,184,,TRUE,FALSE,FALSE
Sri Lanka,244,223.373,7.09016,0.344262,227.578,7.47541,0.385246,110,TAM Siriwardana,0,0,0,0,162.084,1,31.3732,2,18.8,12.5732,207,180,7,1,5,3.1,0.2,26.2,111.489,10,0,66,44.8,104,35.2839,15.6,18.8,11.7284,12.5732,170,193.457,184,,TRUE,FALSE,FALSE
South Africa,190,234.274,7.4,0.373684,232.363,7.33158,0.342105,11,JH Kallis,51,30,21,65,118.356,1,20.7688,0,7.6,13.1688,154,156,14,1,5,3.58621,0.356322,37.2644,76.4442,87,4,78,24.8,64,26.556,17.2,7.6,13.3872,13.1688,142,139.125,140,,FALSE,TRUE,FALSE
South Africa,190,234.274,7.4,0.373684,232.363,7.33158,0.342105,11,AB de Villiers,46,30,16,61,121.368,1,20.8161,0,8.4,12.4161,154,156,14,1,5,5.04969,0.403727,47.2174,98.8428,161,4,78,29.2,64,25.1677,20.8,8.4,12.7516,12.4161,142,142.184,140,,FALSE,FALSE,TRUE
Australia,228,239.627,7.69737,0.372807,232.079,7.23246,0.337719,20,AC Gilchrist,52,34,18,58,125.416,1,19.4529,0,7.2,12.2529,149,149,2,0,5,4.3,0.275,31.425,96.1009,40,0,88,22.8,59,24.6165,15.6,7.2,12.3636,12.2529,147,144.869,128,,FALSE,FALSE,TRUE
Australia,228,239.627,7.69737,0.372807,232.079,7.23246,0.337719,20,RT Ponting,21,8,13,23,130.835,1,25.065,0,11.2,13.865,149,149,2,0,5,4.17431,0.33945,38.1009,80.8606,109,4,88,24.8,59,28.0349,13.6,11.2,14.1699,13.865,147,155.9,128,,FALSE,FALSE,TRUE
Bangladesh,160,218.438,7.70625,0.4,211.106,7.05,0.325,27,Raqibul Hasan,8,0,8,33,82.4312,4,23.5578,1,10.8,12.7578,255,74,5,0,5,1.85106,0.12766,23.2766,59.2312,47,1,24,16.4,45,24.0312,5.6,10.8,11.2734,12.7578,69,105.989,233,,TRUE,TRUE,TRUE
Bangladesh,160,218.438,7.70625,0.4,211.106,7.05,0.325,27,Dhiman Ghosh,0,0,0,4,66.2162,4,13.8281,1,1.2,12.6281,255,74,5,0,5,0.909091,0,11.2727,60.4878,11,1,24,1.2,45,23.0162,0,1.2,10.3881,12.6281,69,80.0444,233,,TRUE,TRUE,TRUE
Bangladesh,160,218.438,7.70625,0.4,211.106,7.05,0.325,27,Abdur Razzak,0,0,0,0,66.3661,4,13.9547,1,1.2,12.7547,255,74,5,0,5,0.849315,0.0136986,8.39726,73.8554,73,1,24,1.2,45,23.1661,0,1.2,10.4114,12.7547,69,80.3208,233,,TRUE,TRUE,TRUE
Bangladesh,160,218.438,7.70625,0.4,211.106,7.05,0.325,27,Mashrafe Mortaza,0,0,0,0,66.3661,4,13.9547,1,1.2,12.7547,255,74,5,0,5,1.27536,0,11.1594,76.9231,69,1,24,1.2,45,23.1661,0,1.2,10.4114,12.7547,69,80.3208,233,,TRUE,TRUE,TRUE
New Zealand,184,233.745,7.39674,0.36413,227.951,7.30435,0.353261,32,GD Elliott,7,0,7,7,117.339,2,23.3895,1,8,15.3895,274,162,14,1,5,2.67188,0.203125,29.4375,79.7629,64,4,48,14.4,100,29.9391,6.4,8,14.5496,15.3895,148,140.729,269,,TRUE,TRUE,TRUE
New Zealand,184,233.745,7.39674,0.36413,227.951,7.30435,0.353261,32,MJ Guptill,48,12,36,61,127.245,2,27.4367,1,10,17.4367,274,162,14,1,5,4.8087,0.313043,38.1217,82.7482,115,4,48,19.6,100,34.6445,9.6,10,17.2079,17.4367,148,154.681,269,,TRUE,TRUE,TRUE
New Zealand,184,233.745,7.39674,0.36413,227.951,7.30435,0.353261,32,JDP Oram,0,0,0,0,114.388,2,20.1432,1,5.6,14.5432,274,162,14,1,5,2.70833,0.1875,25.0417,95.8533,48,0,48,13.6,100,27.7885,8,5.6,13.2453,14.5432,148,134.532,269,,TRUE,TRUE,TRUE
New Zealand,184,233.745,7.39674,0.36413,227.951,7.30435,0.353261,32,NT Broom,0,0,0,0,113.681,2,19.3296,1,4.8,14.5296,274,162,14,1,5,1.42105,0.0526316,16.2632,65.7447,19,1,48,12.8,100,27.8806,8,4.8,13.351,14.5296,148,133.01,269,,TRUE,TRUE,TRUE
New Zealand,184,233.745,7.39674,0.36413,227.951,7.30435,0.353261,32,KD Mills,0,0,0,0,114.388,2,20.1432,1,5.6,14.5432,274,162,14,1,5,1.52542,0.0338983,12.8644,90.7895,59,0,48,13.6,100,27.7885,8,5.6,13.2453,14.5432,148,134.532,269,,TRUE,TRUE,TRUE
New Zealand,184,233.745,7.39674,0.36413,227.951,7.30435,0.353261,32,IG Butler,0,0,0,0,113.681,2,19.3296,1,4.8,14.5296,274,162,14,1,5,1.14286,0,11.1429,62.9032,7,1,48,12.8,100,27.8806,8,4.8,13.351,14.5296,148,133.01,269,,TRUE,TRUE,TRUE
New Zealand,184,233.745,7.39674,0.36413,227.951,7.30435,0.353261,32,DL Vettori,0,0,0,0,114.388,2,20.1432,1,5.6,14.5432,274,162,14,1,5,1.43662,0.028169,15.7606,86.0108,71,0,48,13.6,100,27.7885,8,5.6,13.2453,14.5432,148,134.532,269,,TRUE,TRUE,TRUE
