Team,Total Matches Played,Runs Scored,Wickets Lost,Got All Out,Runs Conceded,Opponent Wickets Taken,Opponent All Out,Match Index,Batsman,Player Total Runs,Player Home Runs,Player Non Home Runs,Balls Faced,R0,W0,R1,W1,Current_HR,Current_NHR,Total Runs in Segment,Total HR till Segment,Total NHR till Segment,Total Runs Till Segment,Target,Final Runs Made,Extras,Home,Segment,Home Run Hitting Ability,Milestone Reaching Ability,Batting Average,Strike Rate,Matches Played,ClusterID,Actual HR in Segment,Predicted HR in Segment,Actual NHR in Segment,Predicted NHR in Segment,Predicted Total runs till Segment
Sri Lanka,244,223.373,7.09016,0.344262,227.578,7.47541,0.385246,1,ST Jayasuriya,91,60,31,66,163.999,0,19.999,0,4,15.999,38,136,73,209,322,324,24,0,5,4.91549,0.211268,33.9859,98.4898,71,0,22,4,16,15.999,183.998
Sri Lanka,244,223.373,7.09016,0.344262,227.578,7.47541,0.385246,1,WU Tharanga,80,54,26,67,164,0,19.9997,0,4,15.9997,38,136,73,209,322,324,24,0,5,3.93985,0.263158,32.9699,71.6035,133,4,22,4,16,15.9997,183.999
Bangladesh,160,218.438,7.70625,0.4,211.106,7.05,0.325,2,Shakib Al Hasan,8,4,4,21,97.2002,2,32.2002,1,21.2,11.0002,21,58,42,100,192,192,9,0,5,2.86992,0.252033,29.9106,79.0163,123,4,10,21.2,11,11.0002,129.4
Bangladesh,160,218.438,7.70625,0.4,211.106,7.05,0.325,2,Mushfiqur Rahim,10,0,10,30,97.2001,2,32.2001,1,21.2,11.0001,21,58,42,100,192,192,9,0,5,2.61111,0.18254,27.7778,75.2526,126,4,10,21.2,11,11.0001,129.4
Ireland,55,219.527,7.65455,0.290909,202.727,7.56364,0.4,4,AC Botha,1,0,1,6,78.2001,2,23.2001,1,7.2,16.0001,20,24,64,88,267,218,12,0,5,1.25,0.0833333,14.3333,53.75,12,3,4,7.2,16,16.0001,101.4
Ireland,55,219.527,7.65455,0.290909,202.727,7.56364,0.4,4,NJ O'Brien,34,16,18,42,78.1997,2,23.1997,1,7.2,15.9997,20,24,64,88,267,218,12,0,5,2.55882,0.176471,25.5882,69.378,34,4,4,7.2,16,15.9997,101.399
England,221,237.176,7.17647,0.289593,230.633,7.45701,0.384615,5,MP Vaughan,28,12,16,55,55.4013,2,15.4013,0,6.4,9.00132,17,34,41,75,144,147,10,0,5,2.6,0.1,20.6,66.4516,10,1,8,6.4,9,9.00132,70.8026
England,221,237.176,7.17647,0.289593,230.633,7.45701,0.384615,5,PD Collingwood,0,0,0,0,55.4002,2,15.4002,0,6.4,9.00018,17,34,41,75,144,147,10,0,5,2.62366,0.193548,30.5161,76.8065,93,4,8,6.4,9,9.00018,70.8004
England,221,237.176,7.17647,0.289593,230.633,7.45701,0.384615,5,KP Pietersen,7,0,7,19,55.4004,2,15.4004,0,6.4,9.00036,17,34,41,75,144,147,10,0,5,3.69892,0.236559,33.4946,82.2117,93,4,8,6.4,9,9.00036,70.8007
England,221,237.176,7.17647,0.289593,230.633,7.45701,0.384615,5,A Flintoff,0,0,0,0,55.4005,2,15.4005,0,6.4,9.0005,17,34,41,75,144,147,10,0,5,2.4375,0.09375,22.5,86.5385,32,4,8,6.4,9,9.0005,70.801
England,221,237.176,7.17647,0.289593,230.633,7.45701,0.384615,6,MP Vaughan,62,32,30,50,119.199,1,31.1994,1,11.2,19.9994,28,64,74,138,301,301,13,0,5,2.6,0.1,20.6,66.4516,10,1,8,11.2,20,19.9994,150.399
England,221,237.176,7.17647,0.289593,230.633,7.45701,0.384615,6,KP Pietersen,15,8,7,17,119.199,1,31.1994,1,11.2,19.9994,28,64,74,138,301,301,13,0,5,3.69892,0.236559,33.4946,82.2117,93,4,8,11.2,20,19.9994,150.399
Australia,228,239.627,7.69737,0.372807,232.079,7.23246,0.337719,7,MJ Clarke,21,12,9,53,69.6002,3,18.6002,1,7.6,11.0002,23,56,34,90,219,224,13,1,5,3.10294,0.301471,35.9265,74.0303,136,4,12,7.6,11,11.0002,88.2004
Australia,228,239.627,7.69737,0.372807,232.079,7.23246,0.337719,7,MEK Hussey,0,0,0,2,69.5997,3,18.5997,1,7.6,10.9997,23,56,34,90,219,224,13,1,5,2.7563,0.260504,34.084,82.4893,119,4,12,7.6,11,10.9997,88.1995
New Zealand,184,233.745,7.39674,0.36413,227.951,7.30435,0.353261,8,PG Fulton,8,4,4,21,80.2013,1,12.2013,0,3.2,9.00134,17,48,57,105,271,256,15,0,5,2.75,0.1875,27.4062,67.4615,32,4,8,3.2,9,9.00134,92.4027
New Zealand,184,233.745,7.39674,0.36413,227.951,7.30435,0.353261,8,SP Fleming,49,24,25,70,80.2024,1,12.2024,0,3.2,9.00239,17,48,57,105,271,256,15,0,5,3.875,0.25,30.2917,70.9268,24,4,8,3.2,9,9.00239,92.4048
New Zealand,184,233.745,7.39674,0.36413,227.951,7.30435,0.353261,8,LRPL Taylor,0,0,0,0,80.2016,1,12.2016,0,3.2,9.00163,17,48,57,105,271,256,15,0,5,3.68382,0.301471,36.7206,79.3959,136,4,8,3.2,9,9.00163,92.4033
Zimbabwe,142,212.077,7.5,0.380282,227.704,6.97887,0.316901,9,BRM Taylor,43,24,19,62,77.8002,2,25.8002,1,12.8,13.0002,21,40,46,86,232,130,1,0,5,3.3,0.26,33.56,76.3421,100,4,8,12.8,13,13.0002,103.6
Zimbabwe,142,212.077,7.5,0.380282,227.704,6.97887,0.316901,9,S Matsikenyeri,0,0,0,3,77.7994,2,25.7994,1,12.8,12.9994,21,40,46,86,232,130,1,0,5,2,0.106383,19.9787,75.7869,47,1,8,12.8,13,12.9994,103.599
Zimbabwe,142,212.077,7.5,0.380282,227.704,6.97887,0.316901,9,E Chigumbura,0,0,0,0,77.7996,2,25.7996,1,12.8,12.9996,21,40,46,86,232,130,1,0,5,2.28947,0.114035,22.7895,77.7844,114,4,8,12.8,13,12.9996,103.599
West Indies,176,217.33,7.15909,0.3125,225.278,7.57386,0.380682,10,DJ Bravo,14,4,10,27,82.9999,1,12.9999,0,2,10.9999,23,68,41,109,224,224,5,0,5,2.35514,0.11215,23.1589,80.9011,107,4,12,2,11,10.9999,95.9999
West Indies,176,217.33,7.15909,0.3125,225.278,7.57386,0.380682,10,S Chanderpaul,38,24,14,58,83.0001,1,13.0001,0,2,11.0001,23,68,41,109,224,224,5,0,5,3.57143,0.396825,40.8254,68.0783,63,4,12,2,11,11.0001,96.0002
West Indies,176,217.33,7.15909,0.3125,225.278,7.57386,0.380682,10,RR Sarwan,0,0,0,0,82.9997,1,12.9997,0,2,10.9997,23,68,41,109,224,224,5,0,5,2.8254,0.222222,29.1429,69.1005,63,4,12,2,11,10.9997,95.9994
South Africa,190,234.274,7.4,0.373684,232.363,7.33158,0.342105,11,JH Kallis,51,30,21,65,92.7988,1,25.7988,0,6.8,18.9988,29,70,56,126,154,156,14,1,5,3.58621,0.356322,37.2644,76.4442,87,4,10,6.8,19,18.9988,118.598
South Africa,190,234.274,7.4,0.373684,232.363,7.33158,0.342105,11,AB de Villiers,46,30,16,61,92.7988,1,25.7988,0,6.8,18.9988,29,70,56,126,154,156,14,1,5,5.04969,0.403727,47.2174,98.8428,161,4,10,6.8,19,18.9988,118.598
West Indies,176,217.33,7.15909,0.3125,225.278,7.57386,0.380682,12,WW Hinds,3,0,3,18,58,2,14,2,4,10,22,36,44,80,163,146,11,0,5,1.11111,0,12,38.9892,9,3,12,4,10,10,72
West Indies,176,217.33,7.15909,0.3125,225.278,7.57386,0.380682,12,CH Gayle,0,0,0,3,57.9999,2,13.9999,2,4,9.99993,22,36,44,80,163,146,11,0,5,4.58621,0.206897,31.1293,89.4255,116,4,12,4,10,9.99993,71.9999
West Indies,176,217.33,7.15909,0.3125,225.278,7.57386,0.380682,12,DR Smith,0,0,0,0,58.0004,2,14.0004,2,4,10.0004,22,36,44,80,163,146,11,0,5,2.5,0.12,17.96,84.5574,50,1,12,4,10,10.0004,72.0007
West Indies,176,217.33,7.15909,0.3125,225.278,7.57386,0.380682,12,DJ Bravo,0,0,0,0,58.0001,2,14.0001,2,4,10.0001,22,36,44,80,163,146,11,0,5,2.35514,0.11215,23.1589,80.9011,107,4,12,4,10,10.0001,72.0002
England,221,237.176,7.17647,0.289593,230.633,7.45701,0.384615,13,PD Collingwood,4,4,0,6,69.799,3,15.799,1,2.8,12.999,21,58,37,95,290,196,13,1,5,2.62366,0.193548,30.5161,76.8065,93,4,8,2.8,13,12.999,85.598
England,221,237.176,7.17647,0.289593,230.633,7.45701,0.384615,13,OA Shah,24,14,10,37,69.7989,3,15.7989,1,2.8,12.9989,21,58,37,95,290,196,13,1,5,3.13043,0.23913,32.6739,81.1994,46,4,8,2.8,13,12.9989,85.5977
Sri Lanka,244,223.373,7.09016,0.344262,227.578,7.47541,0.385246,17,KC Sangakkara,27,12,15,46,86.1995,4,18.1995,0,3.2,14.9995,15,48,47,95,237,173,8,0,5,4.33659,0.360976,41.9854,80.6276,205,4,0,3.2,15,14.9995,104.399
Sri Lanka,244,223.373,7.09016,0.344262,227.578,7.47541,0.385246,17,CK Kapugedera,9,4,5,17,86.1994,4,18.1994,0,3.2,14.9994,15,48,47,95,237,173,8,0,5,1.74138,0.12069,21.1379,68.6066,58,1,0,3.2,15,14.9994,104.399
Ireland,55,219.527,7.65455,0.290909,202.727,7.56364,0.4,18,DT Johnston,1,0,1,1,80.7979,4,27.7979,3,8.8,18.9979,23,28,68,96,174,131,13,1,5,1.27273,0,12.1818,74.2382,22,1,4,8.8,19,18.9979,108.596
Ireland,55,219.527,7.65455,0.290909,202.727,7.56364,0.4,18,AR Cusack,9,0,9,22,80.7989,4,27.7989,3,8.8,18.9989,23,28,68,96,174,131,13,1,5,1.2,0,12.0667,65.1079,15,1,4,8.8,19,18.9989,108.598
Ireland,55,219.527,7.65455,0.290909,202.727,7.56364,0.4,18,WK McCallan,0,0,0,0,80.7996,4,27.7996,3,8.8,18.9996,23,28,68,96,174,131,13,1,5,0.692308,0,7.69231,56.8182,13,3,4,8.8,19,18.9996,108.599
England,221,237.176,7.17647,0.289593,230.633,7.45701,0.384615,19,PD Collingwood,3,0,3,14,66.6009,2,16.6009,4,13.6,3.0009,15,44,27,71,183,160,18,1,5,2.62366,0.193548,30.5161,76.8065,93,4,12,13.6,3,3.0009,83.2018
England,221,237.176,7.17647,0.289593,230.633,7.45701,0.384615,19,GP Swann,0,0,0,0,66.5991,2,16.5991,4,13.6,2.99906,15,44,27,71,183,160,18,1,5,1.08696,0,10.3043,90.631,46,0,12,13.6,3,2.99906,83.1981
Australia,228,239.627,7.69737,0.372807,232.079,7.23246,0.337719,20,AC Gilchrist,52,34,18,58,102.001,1,24.0008,0,12,12.0008,34,80,56,136,149,149,2,0,5,4.3,0.275,31.425,96.1009,40,0,22,12,12,12.0008,126.002
Australia,228,239.627,7.69737,0.372807,232.079,7.23246,0.337719,20,RT Ponting,21,8,13,23,102,1,24,0,12,12,34,80,56,136,149,149,2,0,5,4.17431,0.33945,38.1009,80.8606,109,4,22,12,12,12,126
South Africa,190,234.274,7.4,0.373684,232.363,7.33158,0.342105,21,GC Smith,24,0,24,45,108,0,18,0,4,14,36,94,63,157,239,242,8,1,5,3.97,0.29,33.57,79.6819,100,4,22,4,14,14,126
South Africa,190,234.274,7.4,0.373684,232.363,7.33158,0.342105,21,HH Gibbs,97,72,25,77,108.001,0,18.0006,0,4,14.0006,36,94,63,157,239,242,8,1,5,4.61538,0.307692,35.6923,83.4157,52,4,22,4,14,14.0006,126.001
Pakistan,211,222.621,7.38389,0.393365,235.517,7.54976,0.336493,22,Younis Khan,25,12,13,36,103.399,2,27.399,0,8.4,18.999,27,64,53,117,234,219,4,1,5,2.64655,0.215517,28.5,73.2713,116,4,8,8.4,19,18.999,130.798
Pakistan,211,222.621,7.38389,0.393365,235.517,7.54976,0.336493,22,Mohammad Yousuf,24,12,12,44,103.399,2,27.3991,0,8.4,18.9991,27,64,53,117,234,219,4,1,5,3.27586,0.275862,36.7931,73.9176,58,4,8,8.4,19,18.9991,130.798
South Africa,190,234.274,7.4,0.373684,232.363,7.33158,0.342105,23,GC Smith,68,40,28,77,110.6,0,30.5997,0,13.6,16.9997,39,86,61,147,248,251,13,0,5,3.97,0.29,33.57,79.6819,100,4,22,13.6,17,16.9997,141.199
South Africa,190,234.274,7.4,0.373684,232.363,7.33158,0.342105,23,HH Gibbs,40,24,16,47,110.599,0,30.5994,0,13.6,16.9994,39,86,61,147,248,251,13,0,5,4.61538,0.307692,35.6923,83.4157,52,4,22,13.6,17,16.9994,141.199
West Indies,176,217.33,7.15909,0.3125,225.278,7.57386,0.380682,24,ADS Fletcher,14,4,10,30,74.6007,3,25.6007,1,11.6,14.0007,24,46,53,99,274,189,6,1,5,1.8125,0.125,13.5,62.6087,16,1,10,11.6,14,14.0007,100.201
West Indies,176,217.33,7.15909,0.3125,225.278,7.57386,0.380682,24,KA Pollard,0,0,0,5,74.6,3,25.6,1,11.6,14,24,46,53,99,274,189,6,1,5,2.70513,0.115385,24.5,88.0645,78,4,10,11.6,14,14,100.2
West Indies,176,217.33,7.15909,0.3125,225.278,7.57386,0.380682,24,D Ramdin,0,0,0,0,74.6001,3,25.6001,1,11.6,14.0001,24,46,53,99,274,189,6,1,5,1.7439,0.097561,19.1951,81.1759,82,1,10,11.6,14,14.0001,100.2
Bangladesh,160,218.438,7.70625,0.4,211.106,7.05,0.325,27,Raqibul Hasan,8,0,8,33,53.6002,4,11.6002,1,1.6,10.0002,10,24,39,63,255,74,5,0,5,1.85106,0.12766,23.2766,59.2312,47,1,0,1.6,10,10.0002,65.2004
Bangladesh,160,218.438,7.70625,0.4,211.106,7.05,0.325,27,Dhiman Ghosh,0,0,0,4,53.5982,4,11.5982,1,1.6,9.99824,10,24,39,63,255,74,5,0,5,0.909091,0,11.2727,60.4878,11,1,0,1.6,10,9.99824,65.1965
Bangladesh,160,218.438,7.70625,0.4,211.106,7.05,0.325,27,Abdur Razzak,0,0,0,0,53.5986,4,11.5986,1,1.6,9.99856,10,24,39,63,255,74,5,0,5,0.849315,0.0136986,8.39726,73.8554,73,1,0,1.6,10,9.99856,65.1971
Bangladesh,160,218.438,7.70625,0.4,211.106,7.05,0.325,27,Mashrafe Mortaza,0,0,0,0,53.5989,4,11.5989,1,1.6,9.99886,10,24,39,63,255,74,5,0,5,1.27536,0,11.1594,76.9231,69,1,0,1.6,10,9.99886,65.1977
Pakistan,211,222.621,7.38389,0.393365,235.517,7.54976,0.336493,28,Salman Butt,61,24,37,73,106.6,0,18.5998,1,9.6,8.99984,17,62,54,116,211,212,5,1,5,5.4359,0.384615,42.3846,78.8645,39,4,8,9.6,9,8.99984,125.2
Pakistan,211,222.621,7.38389,0.393365,235.517,7.54976,0.336493,28,Bazid Khan,2,0,2,14,106.601,0,18.6013,1,9.6,9.00133,17,62,54,116,211,212,5,1,5,1.5,0.5,26,50.9804,2,3,8,9.6,9,9.00133,125.203
Pakistan,211,222.621,7.38389,0.393365,235.517,7.54976,0.336493,28,Mohammad Yousuf,0,0,0,0,106.601,0,18.6013,1,9.6,9.00131,17,62,54,116,211,212,5,1,5,3.27586,0.275862,36.7931,73.9176,58,4,8,9.6,9,9.00131,125.203
Australia,228,239.627,7.69737,0.372807,232.079,7.23246,0.337719,29,MJ Clarke,14,8,6,18,90.001,2,10.001,0,0,10.001,22,78,49,127,300,302,2,0,5,3.10294,0.301471,35.9265,74.0303,136,4,12,0,10,10.001,100.002
Australia,228,239.627,7.69737,0.372807,232.079,7.23246,0.337719,29,RT Ponting,39,26,13,41,90.0016,2,10.0016,0,0,10.0016,22,78,49,127,300,302,2,0,5,4.17431,0.33945,38.1009,80.8606,109,4,12,0,10,10.0016,100.003
South Africa,190,234.274,7.4,0.373684,232.363,7.33158,0.342105,30,JH Kallis,33,16,17,52,80.6002,2,30.6002,0,9.6,21.0002,25,24,69,93,250,244,4,0,5,3.58621,0.356322,37.2644,76.4442,87,4,4,9.6,21,21.0002,111.2
South Africa,190,234.274,7.4,0.373684,232.363,7.33158,0.342105,30,AB de Villiers,8,0,8,14,80.5996,2,30.5996,0,9.6,20.9996,25,24,69,93,250,244,4,0,5,5.04969,0.403727,47.2174,98.8428,161,4,4,9.6,21,20.9996,111.199
New Zealand,184,233.745,7.39674,0.36413,227.951,7.30435,0.353261,32,GD Elliott,7,0,7,7,92.0007,2,19.0007,1,4,15.0007,23,36,84,120,274,162,14,1,5,2.67188,0.203125,29.4375,79.7629,64,4,8,4,15,15.0007,111.001
New Zealand,184,233.745,7.39674,0.36413,227.951,7.30435,0.353261,32,MJ Guptill,48,12,36,61,92.0007,2,19.0007,1,4,15.0007,23,36,84,120,274,162,14,1,5,4.8087,0.313043,38.1217,82.7482,115,4,8,4,15,15.0007,111.001
New Zealand,184,233.745,7.39674,0.36413,227.951,7.30435,0.353261,32,JDP Oram,0,0,0,0,92.0019,2,19.0019,1,4,15.0019,23,36,84,120,274,162,14,1,5,2.70833,0.1875,25.0417,95.8533,48,0,8,4,15,15.0019,111.004
New Zealand,184,233.745,7.39674,0.36413,227.951,7.30435,0.353261,32,NT Broom,0,0,0,0,92.0005,2,19.0005,1,4,15.0005,23,36,84,120,274,162,14,1,5,1.42105,0.0526316,16.2632,65.7447,19,1,8,4,15,15.0005,111.001
New Zealand,184,233.745,7.39674,0.36413,227.951,7.30435,0.353261,32,KD Mills,0,0,0,0,92.0004,2,19.0004,1,4,15.0004,23,36,84,120,274,162,14,1,5,1.52542,0.0338983,12.8644,90.7895,59,0,8,4,15,15.0004,111.001
New Zealand,184,233.745,7.39674,0.36413,227.951,7.30435,0.353261,32,IG Butler,0,0,0,0,92.0011,2,19.0011,1,4,15.0011,23,36,84,120,274,162,14,1,5,1.14286,0,11.1429,62.9032,7,1,8,4,15,15.0011,111.002
New Zealand,184,233.745,7.39674,0.36413,227.951,7.30435,0.353261,32,DL Vettori,0,0,0,0,92.0011,2,19.0011,1,4,15.0011,23,36,84,120,274,162,14,1,5,1.43662,0.028169,15.7606,86.0108,71,0,8,4,15,15.0011,111.002
Zimbabwe,142,212.077,7.5,0.380282,227.704,6.97887,0.316901,33,P Utseya,7,0,7,31,53.0005,6,11.0005,0,4,7.00054,7,16,40,56,153,133,23,1,5,0.842105,0.0263158,11.8289,55.8385,76,3,0,4,7,7.00054,64.0011
Zimbabwe,142,212.077,7.5,0.380282,227.704,6.97887,0.316901,33,KM Dabengwa,6,0,6,33,53.001,6,11.001,0,4,7.00096,7,16,40,56,153,133,23,1,5,1.2,0,16.7,61.1722,20,1,0,4,7,7.00096,64.0019
England,221,237.176,7.17647,0.289593,230.633,7.45701,0.384615,35,PD Collingwood,24,12,12,25,106.799,3,26.7992,0,8.8,17.9992,24,68,66,134,355,242,8,0,5,2.62366,0.193548,30.5161,76.8065,93,4,6,8.8,18,17.9992,133.598
England,221,237.176,7.17647,0.289593,230.633,7.45701,0.384615,35,KP Pietersen,29,12,17,39,106.799,3,26.7994,0,8.8,17.9994,24,68,66,134,355,242,8,0,5,3.69892,0.236559,33.4946,82.2117,93,4,6,8.8,18,17.9994,133.599
West Indies,176,217.33,7.15909,0.3125,225.278,7.57386,0.380682,36,DS Smith,48,8,40,64,79.2008,4,26.2008,0,11.2,15.0008,19,24,77,101,247,194,2,1,5,2.61765,0.147059,23.5588,71.2,34,4,4,11.2,15,15.0008,105.402
West Indies,176,217.33,7.15909,0.3125,225.278,7.57386,0.380682,36,DE Bernard,15,4,11,20,79.2012,4,26.2012,0,11.2,15.0012,19,24,77,101,247,194,2,1,5,1,0,13.4,63.5071,10,1,4,11.2,15,15.0012,105.402
India,259,242.378,7.15058,0.339768,244.568,7.12741,0.30888,37,MS Dhoni,1,0,1,4,66.2017,1,12.2017,2,7.2,5.00173,13,40,42,82,156,156,3,0,5,3.47872,0.292553,36.7713,84.1612,188,4,8,7.2,5,5.00173,78.4035
India,259,242.378,7.15058,0.339768,244.568,7.12741,0.30888,37,Yuvraj Singh,4,4,0,5,66.2018,1,12.2018,2,7.2,5.00183,13,40,42,82,156,156,3,0,5,4.05833,0.258333,32.525,83.8093,120,4,8,7.2,5,5.00183,78.4037
India,259,242.378,7.15058,0.339768,244.568,7.12741,0.30888,37,SK Raina,0,0,0,0,66.2015,1,12.2015,2,7.2,5.00154,13,40,42,82,156,156,3,0,5,3.11111,0.216374,28.9064,91.8944,171,0,8,7.2,5,5.00154,78.4031
Australia,228,239.627,7.69737,0.372807,232.079,7.23246,0.337719,38,AC Voges,2,0,2,8,82.9999,2,20.9999,1,4,16.9999,17,42,55,97,213,213,1,1,5,2.29167,0.125,29.625,84.142,24,4,0,4,17,16.9999,104
Australia,228,239.627,7.69737,0.372807,232.079,7.23246,0.337719,38,RT Ponting,33,20,13,42,82.9996,2,20.9996,1,4,16.9996,17,42,55,97,213,213,1,1,5,4.17431,0.33945,38.1009,80.8606,109,4,0,4,17,16.9996,103.999
England,221,237.176,7.17647,0.289593,230.633,7.45701,0.384615,39,OA Shah,13,4,9,34,60.999,2,11.999,1,0,11.999,24,62,35,97,213,213,10,0,5,3.13043,0.23913,32.6739,81.1994,46,4,12,0,12,11.999,72.998
England,221,237.176,7.17647,0.289593,230.633,7.45701,0.384615,39,EJG Morgan,0,0,0,1,60.9991,2,11.9991,1,0,11.9991,24,62,35,97,213,213,10,0,5,3.19549,0.233083,30.0526,86.9291,133,4,12,0,12,11.9991,72.9982
Australia,228,239.627,7.69737,0.372807,232.079,7.23246,0.337719,40,CL White,19,8,11,50,45.8015,2,14.8015,0,4.8,10.0015,30,48,35,83,201,206,3,0,5,2.66176,0.191176,28.8235,80.1308,68,4,20,4.8,10,10.0015,60.6031
Australia,228,239.627,7.69737,0.372807,232.079,7.23246,0.337719,40,SR Watson,32,20,12,60,45.801,2,14.801,0,4.8,10.001,30,48,35,83,201,206,3,0,5,4.71318,0.286822,37.7907,90.0943,129,4,20,4.8,10,10.001,60.6021
Ireland,55,219.527,7.65455,0.290909,202.727,7.56364,0.4,42,NJ O'Brien,8,4,4,11,96.5999,3,8.59992,0,1.6,6.99992,15,86,37,123,232,192,14,1,5,2.55882,0.176471,25.5882,69.378,34,4,8,1.6,7,6.99992,105.2
Ireland,55,219.527,7.65455,0.290909,202.727,7.56364,0.4,42,AR Cusack,21,16,5,29,96.6008,3,8.60081,0,1.6,7.00081,15,86,37,123,232,192,14,1,5,1.2,0,12.0667,65.1079,15,1,8,1.6,7,7.00081,105.202
Ireland,55,219.527,7.65455,0.290909,202.727,7.56364,0.4,42,KJ O'Brien,0,0,0,0,96.6,3,8.60001,0,1.6,7.00001,15,86,37,123,232,192,14,1,5,2.64706,0.0588235,22.3824,79.4363,34,4,8,1.6,7,7.00001,105.2
England,221,237.176,7.17647,0.289593,230.633,7.45701,0.384615,43,AN Cook,47,24,23,51,85.6019,3,10.6019,0,1.6,9.00186,19,54,57,111,261,261,2,0,5,4.17045,0.272727,35.75,75.5524,88,4,10,1.6,9,9.00186,96.2037
England,221,237.176,7.17647,0.289593,230.633,7.45701,0.384615,43,EJG Morgan,16,8,8,24,85.6021,3,10.6021,0,1.6,9.00207,19,54,57,111,261,261,2,0,5,3.19549,0.233083,30.0526,86.9291,133,4,10,1.6,9,9.00207,96.2041
England,221,237.176,7.17647,0.289593,230.633,7.45701,0.384615,43,MJ Prior,0,0,0,0,85.6019,3,10.6019,0,1.6,9.00188,19,54,57,111,261,261,2,0,5,2.27083,0.0625,21.6875,76.4879,48,4,10,1.6,9,9.00188,96.2038
Zimbabwe,142,212.077,7.5,0.380282,227.704,6.97887,0.316901,44,S Matsikenyeri,10,4,6,12,60.3999,3,20.3999,2,6.4,13.9999,14,20,51,71,296,250,9,0,5,2,0.106383,19.9787,75.7869,47,1,0,6.4,14,13.9999,80.7998
Zimbabwe,142,212.077,7.5,0.380282,227.704,6.97887,0.316901,44,T Taibu,1,0,1,12,60.4003,3,20.4003,2,6.4,14.0003,14,20,51,71,296,250,9,0,5,2.36364,0.254545,29.4,71.0145,55,4,0,6.4,14,14.0003,80.8006
Ireland,55,219.527,7.65455,0.290909,202.727,7.56364,0.4,46,EC Joyce,30,12,18,57,90.4021,2,23.4021,0,16.4,7.00214,11,56,46,102,328,329,11,0,5,3.08571,0.2,28.3429,68.6505,35,4,4,16.4,7,7.00214,113.804
Ireland,55,219.527,7.65455,0.290909,202.727,7.56364,0.4,46,NJ O'Brien,29,14,15,36,90.4015,2,23.4015,0,16.4,7.00153,11,56,46,102,328,329,11,0,5,2.55882,0.176471,25.5882,69.378,34,4,4,16.4,7,7.00153,113.803
Ireland,55,219.527,7.65455,0.290909,202.727,7.56364,0.4,46,GC Wilson,0,0,0,0,90.402,2,23.402,0,16.4,7.00201,11,56,46,102,328,329,11,0,5,2.22727,0.227273,22,78.1906,22,4,4,16.4,7,7.00201,113.804
Ireland,55,219.527,7.65455,0.290909,202.727,7.56364,0.4,46,KJ O'Brien,0,0,0,0,90.4016,2,23.4016,0,16.4,7.00162,11,56,46,102,328,329,11,0,5,2.64706,0.0588235,22.3824,79.4363,34,4,4,16.4,7,7.00162,113.803
Ireland,55,219.527,7.65455,0.290909,202.727,7.56364,0.4,46,AR Cusack,0,0,0,0,90.402,2,23.402,0,16.4,7.00198,11,56,46,102,328,329,11,0,5,1.2,0,12.0667,65.1079,15,1,4,16.4,7,7.00198,113.804
Zimbabwe,142,212.077,7.5,0.380282,227.704,6.97887,0.316901,47,BRM Taylor,70,42,28,59,113.399,0,35.3994,1,18.4,16.9994,21,58,68,126,328,188,11,0,5,3.3,0.26,33.56,76.3421,100,4,4,18.4,17,16.9994,148.799
Zimbabwe,142,212.077,7.5,0.380282,227.704,6.97887,0.316901,47,T Taibu,0,0,0,1,113.399,0,35.3992,1,18.4,16.9992,21,58,68,126,328,188,11,0,5,2.36364,0.254545,29.4,71.0145,55,4,4,18.4,17,16.9992,148.798
Zimbabwe,142,212.077,7.5,0.380282,227.704,6.97887,0.316901,47,P Utseya,0,0,0,0,113.398,0,35.3984,1,18.4,16.9984,21,58,68,126,328,188,11,0,5,0.842105,0.0263158,11.8289,55.8385,76,3,4,18.4,17,16.9984,148.797
Zimbabwe,142,212.077,7.5,0.380282,227.704,6.97887,0.316901,47,CR Ervine,0,0,0,0,113.399,0,35.3993,1,18.4,16.9993,21,58,68,126,328,188,11,0,5,3.06667,0.2,30.5333,73.9903,30,4,4,18.4,17,16.9993,148.799
West Indies,176,217.33,7.15909,0.3125,225.278,7.57386,0.380682,48,RR Sarwan,2,0,2,6,108.401,3,8.40115,2,2.4,6.00115,20,86,44,130,244,225,8,0,5,2.8254,0.222222,29.1429,69.1005,63,4,14,2.4,6,6.00115,116.802
West Indies,176,217.33,7.15909,0.3125,225.278,7.57386,0.380682,48,KA Pollard,0,0,0,2,108.401,3,8.40129,2,2.4,6.00129,20,86,44,130,244,225,8,0,5,2.70513,0.115385,24.5,88.0645,78,4,14,2.4,6,6.00129,116.803
Sri Lanka,244,223.373,7.09016,0.344262,227.578,7.47541,0.385246,49,TM Dilshan,48,26,22,55,86.2001,0,18.2001,0,3.2,15.0001,23,56,59,115,230,231,17,1,5,4.60199,0.273632,38.3632,86.0219,201,4,8,3.2,15,15.0001,104.4
Sri Lanka,244,223.373,7.09016,0.344262,227.578,7.47541,0.385246,49,WU Tharanga,44,22,22,68,86.1999,0,18.1999,0,3.2,14.9999,23,56,59,115,230,231,17,1,5,3.93985,0.263158,32.9699,71.6035,133,4,8,3.2,15,14.9999,104.4
Sri Lanka,244,223.373,7.09016,0.344262,227.578,7.47541,0.385246,50,TT Samaraweera,2,0,2,3,108,1,19,2,4,15,15,64,61,125,246,249,3,0,5,2.19231,0.0769231,23.4231,73.8182,26,4,0,4,15,15,127
Sri Lanka,244,223.373,7.09016,0.344262,227.578,7.47541,0.385246,50,DPMD Jayawardene,4,0,4,10,108,1,18.9998,2,4,14.9998,15,64,61,125,246,249,3,0,5,3.20833,0.244792,31.6979,79.1109,192,4,0,4,15,14.9998,127
South Africa,190,234.274,7.4,0.373684,232.363,7.33158,0.342105,51,JH Kallis,30,12,18,26,110.8,2,30.7999,1,8.8,21.9999,26,42,86,128,253,255,5,0,5,3.58621,0.356322,37.2644,76.4442,87,4,4,8.8,22,21.9999,141.6
South Africa,190,234.274,7.4,0.373684,232.363,7.33158,0.342105,51,JP Duminy,2,0,2,6,110.8,2,30.7998,1,8.8,21.9998,26,42,86,128,253,255,5,0,5,2.3252,0.186992,29.9675,80.2351,123,4,4,8.8,22,21.9998,141.6
Australia,228,239.627,7.69737,0.372807,232.079,7.23246,0.337719,52,SR Watson,53,22,31,60,100.001,2,19.001,1,6,13.001,17,46,67,113,300,278,5,1,5,4.71318,0.286822,37.7907,90.0943,129,4,4,6,13,13.001,119.002
Australia,228,239.627,7.69737,0.372807,232.079,7.23246,0.337719,52,CL White,7,0,7,11,100.002,2,19.0019,1,6,13.0019,17,46,67,113,300,278,5,1,5,2.66176,0.191176,28.8235,80.1308,68,4,4,6,13,13.0019,119.004
Australia,228,239.627,7.69737,0.372807,232.079,7.23246,0.337719,52,DJ Hussey,0,0,0,0,100.001,2,19.0006,1,6,13.0006,17,46,67,113,300,278,5,1,5,2.54386,0.245614,29.2105,87.8628,57,4,4,6,13,13.0006,119.001
Sri Lanka,244,223.373,7.09016,0.344262,227.578,7.47541,0.385246,54,DPMD Jayawardene,10,4,6,14,117.999,2,37.9993,0,24,13.9993,22,82,52,134,210,211,7,1,5,3.20833,0.244792,31.6979,79.1109,192,4,8,24,14,13.9993,155.999
Sri Lanka,244,223.373,7.09016,0.344262,227.578,7.47541,0.385246,54,KC Sangakkara,40,24,16,44,118,2,37.9996,0,24,13.9996,22,82,52,134,210,211,7,1,5,4.33659,0.360976,41.9854,80.6276,205,4,8,24,14,13.9996,155.999
Pakistan,211,222.621,7.38389,0.393365,235.517,7.54976,0.336493,55,Asad Shafiq,18,4,14,37,58.6006,2,25.6006,0,9.6,16.0006,24,16,59,75,229,226,9,0,5,2.07843,0.176471,24.7843,67.1269,51,4,8,9.6,16,16.0006,84.2013
Pakistan,211,222.621,7.38389,0.393365,235.517,7.54976,0.336493,55,Imran Farhat,29,4,25,62,58.6006,2,25.6006,0,9.6,16.0006,24,16,59,75,229,226,9,0,5,3.03333,0.266667,27.0333,62.9658,30,4,8,9.6,16,16.0006,84.2012
India,259,242.378,7.15058,0.339768,244.568,7.12741,0.30888,56,YK Pathan,14,4,10,21,86.0008,6,9.00076,1,0,9.00076,33,82,48,130,251,234,3,0,5,2.575,0.125,19.975,110.055,40,0,24,0,9,9.00076,95.0015
India,259,242.378,7.15058,0.339768,244.568,7.12741,0.30888,56,PP Chawla,1,0,1,4,86.0014,6,9.00135,1,0,9.00135,33,82,48,130,251,234,3,0,5,0.25,0,3.16667,63.3333,12,1,24,0,9,9.00135,95.0027
India,259,242.378,7.15058,0.339768,244.568,7.12741,0.30888,56,Z Khan,0,0,0,0,86,6,9,1,0,9,33,82,48,130,251,234,3,0,5,0.974359,0,8.35897,60.9346,39,1,24,0,9,9,95
India,259,242.378,7.15058,0.339768,244.568,7.12741,0.30888,57,PA Patel,48,26,22,66,84.2008,2,14.2008,0,9.2,5.00082,9,66,34,100,104,107,7,1,5,2.65217,0.130435,22.1304,79.4072,23,4,4,9.2,5,5.00082,98.4016
India,259,242.378,7.15058,0.339768,244.568,7.12741,0.30888,57,Yuvraj Singh,41,36,5,44,84.2015,2,14.2015,0,9.2,5.0015,9,66,34,100,104,107,7,1,5,4.05833,0.258333,32.525,83.8093,120,4,4,9.2,5,5.0015,98.403
Sri Lanka,244,223.373,7.09016,0.344262,227.578,7.47541,0.385246,58,KC Sangakkara,35,12,23,50,91.001,3,24.001,0,12,12.001,16,48,58,106,269,252,7,0,5,4.33659,0.360976,41.9854,80.6276,205,4,4,12,12,12.001,115.002
Sri Lanka,244,223.373,7.09016,0.344262,227.578,7.47541,0.385246,58,LD Chandimal,38,28,10,43,91.0016,3,24.0016,0,12,12.0016,16,48,58,106,269,252,7,0,5,2.18478,0.184783,25.7391,73.8615,92,4,4,12,12,12.0016,115.003
Bangladesh,160,218.438,7.70625,0.4,211.106,7.05,0.325,59,Imrul Kayes,41,24,17,70,72.0016,1,14.0016,0,4,10.0016,14,36,51,87,210,200,3,1,5,3,0.207547,26.2642,63.6488,53,4,4,4,10,10.0016,86.0033
Bangladesh,160,218.438,7.70625,0.4,211.106,7.05,0.325,59,Junaid Siddique,9,0,9,19,72.0011,1,14.0011,0,4,10.0011,14,36,51,87,210,200,3,1,5,2.16279,0.116279,20.0233,68.225,43,1,4,4,10,10.0011,86.0022
Bangladesh,160,218.438,7.70625,0.4,211.106,7.05,0.325,59,Mohammad Ashraful,0,0,0,0,72.001,1,14.001,0,4,10.001,14,36,51,87,210,200,3,1,5,2.17722,0.113924,19.4557,63.9085,79,1,4,4,10,10.001,86.0021
Bangladesh,160,218.438,7.70625,0.4,211.106,7.05,0.325,59,Shakib Al Hasan,0,0,0,0,72.001,1,14.001,0,4,10.001,14,36,51,87,210,200,3,1,5,2.86992,0.252033,29.9106,79.0163,123,4,4,4,10,10.001,86.0021
Bangladesh,160,218.438,7.70625,0.4,211.106,7.05,0.325,59,Mushfiqur Rahim,0,0,0,0,72.0011,1,14.0011,0,4,10.0011,14,36,51,87,210,200,3,1,5,2.61111,0.18254,27.7778,75.2526,126,4,4,4,10,10.0011,86.0022
India,259,242.378,7.15058,0.339768,244.568,7.12741,0.30888,60,V Kohli,48,16,32,74,92.0009,1,24.0009,0,8,16.0009,22,36,75,111,241,183,5,0,5,4.66456,0.379747,44.9937,88.3325,158,4,6,8,16,16.0009,116.002
India,259,242.378,7.15058,0.339768,244.568,7.12741,0.30888,60,PA Patel,38,14,24,47,92.0003,1,24.0003,0,8,16.0003,22,36,75,111,241,183,5,0,5,2.65217,0.130435,22.1304,79.4072,23,4,6,8,16,16.0003,116.001
Australia,228,239.627,7.69737,0.372807,232.079,7.23246,0.337719,61,SE Marsh,10,4,6,20,89.4015,3,18.4015,0,10.4,8.00147,32,66,48,114,223,227,16,0,5,3.66667,0.291667,35.5417,74.7918,48,4,24,10.4,8,8.00147,107.803
Australia,228,239.627,7.69737,0.372807,232.079,7.23246,0.337719,61,MJ Clarke,2,0,2,16,89.4014,3,18.4014,0,10.4,8.00142,32,66,48,114,223,227,16,0,5,3.10294,0.301471,35.9265,74.0303,136,4,24,10.4,8,8.00142,107.803
Sri Lanka,244,223.373,7.09016,0.344262,227.578,7.47541,0.385246,62,DPMD Jayawardene,21,4,17,49,90.9999,3,13.9999,0,0,13.9999,22,62,55,117,212,213,20,1,5,3.20833,0.244792,31.6979,79.1109,192,4,8,0,14,13.9999,105
Sri Lanka,244,223.373,7.09016,0.344262,227.578,7.47541,0.385246,62,LPC Silva,50,34,16,58,91.0006,3,14.0006,0,0,14.0006,22,62,55,117,212,213,20,1,5,2.55556,0.244444,26.0222,69.4543,45,4,8,0,14,14.0006,105.001
India,259,242.378,7.15058,0.339768,244.568,7.12741,0.30888,63,MS Dhoni,0,0,0,9,68.0007,2,9.00066,3,0,9.00066,13,40,44,84,253,165,18,0,5,3.47872,0.292553,36.7713,84.1612,188,4,4,0,9,9.00066,77.0013
India,259,242.378,7.15058,0.339768,244.568,7.12741,0.30888,63,RA Jadeja,0,0,0,4,68,2,8.99999,3,0,8.99999,13,40,44,84,253,165,18,0,5,2.12941,0.117647,21.7529,82.4342,85,4,4,0,9,8.99999,77
South Africa,190,234.274,7.4,0.373684,232.363,7.33158,0.342105,64,HM Amla,62,40,22,67,130.8,2,39.8001,0,24.8,15.0001,27,92,58,150,231,231,9,0,5,5.20168,0.403361,48.7899,86.9292,119,4,12,24.8,15,15.0001,170.6
South Africa,190,234.274,7.4,0.373684,232.363,7.33158,0.342105,64,JP Duminy,23,12,11,24,130.799,2,39.7994,0,24.8,14.9994,27,92,58,150,231,231,9,0,5,2.3252,0.186992,29.9675,80.2351,123,4,12,24.8,15,14.9994,170.599
Bangladesh,160,218.438,7.70625,0.4,211.106,7.05,0.325,65,Mushfiqur Rahim,13,4,9,28,128.201,2,29.2007,0,19.2,10.0007,10,74,52,126,200,203,6,0,5,2.61111,0.18254,27.7778,75.2526,126,4,0,19.2,10,10.0007,157.401
Bangladesh,160,218.438,7.70625,0.4,211.106,7.05,0.325,65,Tamim Iqbal,61,36,25,55,128.2,2,29.2004,0,19.2,10.0004,10,74,52,126,200,203,6,0,5,4.05344,0.274809,31.8015,76.8068,131,4,0,19.2,10,10.0004,157.401
Bangladesh,160,218.438,7.70625,0.4,211.106,7.05,0.325,65,Shakib Al Hasan,0,0,0,0,128.201,2,29.2005,0,19.2,10.0005,10,74,52,126,200,203,6,0,5,2.86992,0.252033,29.9106,79.0163,123,4,0,19.2,10,10.0005,157.401
Bangladesh,160,218.438,7.70625,0.4,211.106,7.05,0.325,65,Shuvagoto Hom,0,0,0,0,128.2,2,29.2004,0,19.2,10.0004,10,74,52,126,200,203,6,0,5,3,0,23.3333,79.5455,3,4,0,19.2,10,10.0004,157.401
Pakistan,211,222.621,7.38389,0.393365,235.517,7.54976,0.336493,66,Younis Khan,45,20,25,49,81.6018,1,6.60177,1,1.6,5.00177,13,60,55,115,132,132,17,0,5,2.64655,0.215517,28.5,73.2713,116,4,8,1.6,5,5.00177,88.2035
Pakistan,211,222.621,7.38389,0.393365,235.517,7.54976,0.336493,66,Sarfraz Ahmed,2,0,2,6,81.6016,1,6.60164,1,1.6,5.00164,13,60,55,115,132,132,17,0,5,2.04878,0.097561,25.4878,83.9357,41,4,8,1.6,5,5.00164,88.2033
West Indies,176,217.33,7.15909,0.3125,225.278,7.57386,0.380682,67,LMP Simmons,30,10,20,66,81.7996,0,28.7996,1,12.8,15.9996,20,50,49,99,221,221,9,0,5,3.3125,0.28125,30.5938,71.4338,64,4,4,12.8,16,15.9996,110.599
West Indies,176,217.33,7.15909,0.3125,225.278,7.57386,0.380682,67,MN Samuels,10,4,6,12,81.7984,0,28.7984,1,12.8,15.9984,20,50,49,99,221,221,9,0,5,3.74757,0.23301,31.6214,74.5821,103,4,4,12.8,16,15.9984,110.597
England,221,237.176,7.17647,0.289593,230.633,7.45701,0.384615,68,IJL Trott,27,12,15,56,79.0011,1,35.0011,0,24,11.0011,19,42,48,90,221,224,19,1,5,3.3871,0.403226,43.7903,75.2494,62,4,8,24,11,11.0011,114.002
England,221,237.176,7.17647,0.289593,230.633,7.45701,0.384615,68,IR Bell,42,22,20,66,79.001,1,35.001,0,24,11.001,19,42,48,90,221,224,19,1,5,3.63433,0.246269,35.3806,75.6623,134,4,8,24,11,11.001,114.002
India,259,242.378,7.15058,0.339768,244.568,7.12741,0.30888,69,V Kohli,43,28,15,51,94.4,2,25.4,1,8.4,17,25,62,53,115,270,270,7,1,5,4.66456,0.379747,44.9937,88.3325,158,4,8,8.4,17,17,119.8
India,259,242.378,7.15058,0.339768,244.568,7.12741,0.30888,69,RG Sharma,7,6,1,12,94.3994,2,25.3994,1,8.4,16.9994,25,62,53,115,270,270,7,1,5,3.82836,0.268657,35.9179,83.083,134,4,8,8.4,17,16.9994,119.799
Australia,228,239.627,7.69737,0.372807,232.079,7.23246,0.337719,70,GJ Bailey,25,10,15,36,84.8021,3,11.8021,0,4.8,7.00205,15,66,53,119,295,252,7,0,5,3.34921,0.301587,36.3492,84.658,63,4,8,4.8,7,7.00205,96.6041
Australia,228,239.627,7.69737,0.372807,232.079,7.23246,0.337719,70,DJ Hussey,0,0,0,0,84.8012,3,11.8012,0,4.8,7.00122,15,66,53,119,295,252,7,0,5,2.54386,0.245614,29.2105,87.8628,57,4,8,4.8,7,7.00122,96.6024
Australia,228,239.627,7.69737,0.372807,232.079,7.23246,0.337719,70,MEK Hussey,26,12,14,30,84.802,3,11.802,0,4.8,7.00201,15,66,53,119,295,252,7,0,5,2.7563,0.260504,34.084,82.4893,119,4,8,4.8,7,7.00201,96.604
Australia,228,239.627,7.69737,0.372807,232.079,7.23246,0.337719,70,MS Wade,0,0,0,0,84.8011,3,11.8011,0,4.8,7.00106,15,66,53,119,295,252,7,0,5,1.86275,0.117647,20.3333,78.2642,51,1,8,4.8,7,7.00106,96.6021
New Zealand,184,233.745,7.39674,0.36413,227.951,7.30435,0.353261,71,LRPL Taylor,26,16,10,38,78.6011,4,11.6011,0,1.6,10.0011,14,48,42,90,265,240,9,0,5,3.68382,0.301471,36.7206,79.3959,136,4,4,1.6,10,10.0011,90.2022
New Zealand,184,233.745,7.39674,0.36413,227.951,7.30435,0.353261,71,TWM Latham,2,0,2,17,78.6011,4,11.6011,0,1.6,10.0011,14,48,42,90,265,240,9,0,5,2.76471,0.147059,25.3529,75.2182,34,4,4,1.6,10,10.0011,90.2021
Sri Lanka,244,223.373,7.09016,0.344262,227.578,7.47541,0.385246,72,HDRL Thirimanne,34,16,18,52,109.402,4,24.4017,1,14.4,10.0017,10,56,58,114,295,274,21,1,5,2.77778,0.246914,31.5802,71.4725,81,4,0,14.4,10,10.0017,133.803
Sri Lanka,244,223.373,7.09016,0.344262,227.578,7.47541,0.385246,72,BMAJ Mendis,9,4,5,15,109.401,4,24.4014,1,14.4,10.0014,10,56,58,114,295,274,21,1,5,1.43243,0.027027,15.1622,82.8656,37,1,0,14.4,10,10.0014,133.803
England,221,237.176,7.17647,0.289593,230.633,7.45701,0.384615,73,EJG Morgan,25,12,13,32,69.6001,3,18.6001,0,5.6,13.0001,17,56,50,106,316,227,4,1,5,3.19549,0.233083,30.0526,86.9291,133,4,4,5.6,13,13.0001,88.2001
England,221,237.176,7.17647,0.289593,230.633,7.45701,0.384615,73,KP Pietersen,57,36,21,63,69.6004,3,18.6004,0,5.6,13.0004,17,56,50,106,316,227,4,1,5,3.69892,0.236559,33.4946,82.2117,93,4,4,5.6,13,13.0004,88.2008
England,221,237.176,7.17647,0.289593,230.633,7.45701,0.384615,73,RS Bopara,0,0,0,0,69.6001,3,18.6001,0,5.6,13.0001,17,56,50,106,316,227,4,1,5,2.22115,0.144231,25.1538,75.9361,104,4,4,5.6,13,13.0001,88.2002
England,221,237.176,7.17647,0.289593,230.633,7.45701,0.384615,73,JC Buttler,0,0,0,0,69.6,3,18.6,0,5.6,13,17,56,50,106,316,227,4,1,5,3.47458,0.186441,29.9153,115.359,59,0,4,5.6,13,13,88.2
Pakistan,211,222.621,7.38389,0.393365,235.517,7.54976,0.336493,74,Younis Khan,12,4,8,21,84.6005,3,20.6005,0,5.6,15.0005,25,44,58,102,192,192,6,0,5,2.64655,0.215517,28.5,73.2713,116,4,10,5.6,15,15.0005,105.201
Pakistan,211,222.621,7.38389,0.393365,235.517,7.54976,0.336493,74,Misbah-ul-Haq,6,0,6,17,84.6001,3,20.6001,0,5.6,15.0001,25,44,58,102,192,192,6,0,5,2.95238,0.285714,34.9921,71.8195,126,4,10,5.6,15,15.0001,105.2
South Africa,190,234.274,7.4,0.373684,232.363,7.33158,0.342105,76,RJ Peterson,56,20,36,58,140.801,2,28.8013,0,12.8,16.0013,20,72,81,153,332,305,2,0,5,1.62069,0.0344828,15.7931,83.5766,29,1,4,12.8,16,16.0013,169.603
South Africa,190,234.274,7.4,0.373684,232.363,7.33158,0.342105,76,AB de Villiers,49,28,21,44,140.801,2,28.8015,0,12.8,16.0015,20,72,81,153,332,305,2,0,5,5.04969,0.403727,47.2174,98.8428,161,4,4,12.8,16,16.0015,169.603
South Africa,190,234.274,7.4,0.373684,232.363,7.33158,0.342105,76,JP Duminy,0,0,0,0,140.801,2,28.8013,0,12.8,16.0013,20,72,81,153,332,305,2,0,5,2.3252,0.186992,29.9675,80.2351,123,4,4,12.8,16,16.0013,169.603
Australia,228,239.627,7.69737,0.372807,232.079,7.23246,0.337719,77,AC Voges,25,0,25,39,106.4,5,29.4002,1,14.4,15.0002,31,80,66,146,254,233,22,0,5,2.29167,0.125,29.625,84.142,24,4,16,14.4,15,15.0002,135.8
Australia,228,239.627,7.69737,0.372807,232.079,7.23246,0.337719,77,JP Faulkner,1,0,1,3,106.399,5,29.3986,1,14.4,14.9986,31,80,66,146,254,233,22,0,5,2.88235,0.147059,24.1471,109.613,34,0,16,14.4,15,14.9986,135.797
Australia,228,239.627,7.69737,0.372807,232.079,7.23246,0.337719,77,MG Johnson,0,0,0,0,106.399,5,29.3991,1,14.4,14.9991,31,80,66,146,254,233,22,0,5,1.18519,0.0246914,10.7901,94.181,81,0,16,14.4,15,14.9991,135.798
India,259,242.378,7.15058,0.339768,244.568,7.12741,0.30888,78,SK Raina,5,0,5,21,64.201,3,14.201,1,3.2,11.001,15,24,53,77,251,165,14,1,5,3.11111,0.216374,28.9064,91.8944,171,0,4,3.2,11,11.001,78.402
India,259,242.378,7.15058,0.339768,244.568,7.12741,0.30888,78,MS Dhoni,0,0,0,3,64.201,3,14.201,1,3.2,11.001,15,24,53,77,251,165,14,1,5,3.47872,0.292553,36.7713,84.1612,188,4,4,3.2,11,11.001,78.402
Sri Lanka,244,223.373,7.09016,0.344262,227.578,7.47541,0.385246,79,HMRKB Herath,3,0,3,4,75.6008,5,21.6008,2,13.6,8.00081,12,34,51,85,120,96,11,0,5,0.444444,0,5.18519,61.674,27,1,4,13.6,8,8.00081,97.2016
Sri Lanka,244,223.373,7.09016,0.344262,227.578,7.47541,0.385246,79,RMS Eranga,0,0,0,0,75.6009,5,21.6009,2,13.6,8.00089,12,34,51,85,120,96,11,0,5,0.444444,0,3.77778,51.5152,9,3,4,13.6,8,8.00089,97.2018
Sri Lanka,244,223.373,7.09016,0.344262,227.578,7.47541,0.385246,79,SL Malinga,0,0,0,0,75.6008,5,21.6008,2,13.6,8.00081,12,34,51,85,120,96,11,0,5,0.617284,0.0123457,4.97531,74.6296,81,1,4,13.6,8,8.00081,97.2016
England,221,237.176,7.17647,0.289593,230.633,7.45701,0.384615,81,JE Root,29,8,21,44,72.0013,2,23.0013,0,12,11.0013,11,32,57,89,218,212,6,0,5,3.68852,0.327869,41.6721,83.3443,61,4,0,12,11,11.0013,95.0025
England,221,237.176,7.17647,0.289593,230.633,7.45701,0.384615,81,AN Cook,35,12,23,52,72.0009,2,23.0009,0,12,11.0009,11,32,57,89,218,212,6,0,5,4.17045,0.272727,35.75,75.5524,88,4,0,12,11,11.0009,95.0018
England,221,237.176,7.17647,0.289593,230.633,7.45701,0.384615,81,EJG Morgan,0,0,0,0,72.001,2,23.001,0,12,11.001,11,32,57,89,218,212,6,0,5,3.19549,0.233083,30.0526,86.9291,133,4,0,12,11,11.001,95.0019
Pakistan,211,222.621,7.38389,0.393365,235.517,7.54976,0.336493,82,Nasir Jamshed,20,10,10,51,71.5999,1,21.5999,1,9.6,11.9999,24,44,39,83,233,195,7,0,5,3.63043,0.23913,30.2174,73.8184,46,4,12,9.6,12,11.9999,93.1997
Pakistan,211,222.621,7.38389,0.393365,235.517,7.54976,0.336493,82,Misbah-ul-Haq,0,0,0,11,71.5999,1,21.5999,1,9.6,11.9999,24,44,39,83,233,195,7,0,5,2.95238,0.285714,34.9921,71.8195,126,4,12,9.6,12,11.9999,93.1999
India,259,242.378,7.15058,0.339768,244.568,7.12741,0.30888,83,SK Raina,20,4,16,40,73.8,4,27.8,1,10.8,17,31,30,67,97,281,146,11,0,5,3.11111,0.216374,28.9064,91.8944,171,0,14,10.8,17,17,101.6
India,259,242.378,7.15058,0.339768,244.568,7.12741,0.30888,83,RA Jadeja,0,0,0,1,73.7996,4,27.7996,1,10.8,16.9996,31,30,67,97,281,146,11,0,5,2.12941,0.117647,21.7529,82.4342,85,4,14,10.8,17,16.9996,101.599
India,259,242.378,7.15058,0.339768,244.568,7.12741,0.30888,83,R Ashwin,0,0,0,0,73.7995,4,27.7995,1,10.8,16.9995,31,30,67,97,281,146,11,0,5,1.16364,0.0181818,11.9455,84.7742,55,1,14,10.8,17,16.9995,101.599
Ireland,55,219.527,7.65455,0.290909,202.727,7.56364,0.4,84,EC Joyce,18,10,8,20,76.6019,1,10.6019,0,1.6,9.00193,55,92,59,151,305,307,11,0,5,3.08571,0.2,28.3429,68.6505,35,4,46,1.6,9,9.00193,87.2039
Ireland,55,219.527,7.65455,0.290909,202.727,7.56364,0.4,84,PR Stirling,55,26,29,57,76.602,1,10.602,0,1.6,9.00203,55,92,59,151,305,307,11,0,5,3.47826,0.173913,24.2174,88.1329,23,0,46,1.6,9,9.00203,87.2041
West Indies,176,217.33,7.15909,0.3125,225.278,7.57386,0.380682,88,JL Carter,29,22,7,35,131.6,4,20.5999,1,7.6,12.9999,39,150,46,196,394,250,5,0,5,1.63636,0,14.7273,55.8621,11,3,26,7.6,13,12.9999,152.2
West Indies,176,217.33,7.15909,0.3125,225.278,7.57386,0.380682,88,DJG Sammy,25,18,7,12,131.599,4,20.5991,1,7.6,12.9991,39,150,46,196,394,250,5,0,5,2.25,0.09,18.25,95.8005,100,0,26,7.6,13,12.9991,152.198
West Indies,176,217.33,7.15909,0.3125,225.278,7.57386,0.380682,88,AD Russell,0,0,0,0,131.6,4,20.5996,1,7.6,12.9996,39,150,46,196,394,250,5,0,5,3.38095,0.0952381,23.2857,129.536,42,0,26,7.6,13,12.9996,152.199
West Indies,176,217.33,7.15909,0.3125,225.278,7.57386,0.380682,88,JO Holder,0,0,0,0,131.6,4,20.6002,1,7.6,13.0002,39,150,46,196,394,250,5,0,5,2.13636,0.0909091,16.9091,97.8947,22,0,26,7.6,13,13.0002,152.2
Zimbabwe,142,212.077,7.5,0.380282,227.704,6.97887,0.316901,89,SC Williams,9,0,9,14,85,3,24,0,8,16,32,54,63,117,300,209,4,1,5,2.56923,0.276923,28.5385,80.7927,65,4,16,8,16,16,109
Zimbabwe,142,212.077,7.5,0.380282,227.704,6.97887,0.316901,89,BRM Taylor,42,18,24,46,85.0001,3,24.0001,0,8,16.0001,32,54,63,117,300,209,4,1,5,3.3,0.26,33.56,76.3421,100,4,16,8,16,16.0001,109
India,259,242.378,7.15058,0.339768,244.568,7.12741,0.30888,90,SK Raina,7,4,3,14,98.1988,3,23.1988,1,5.2,17.9988,32,82,44,126,315,314,4,0,5,3.11111,0.216374,28.9064,91.8944,171,0,14,5.2,18,17.9988,121.398
India,259,242.378,7.15058,0.339768,244.568,7.12741,0.30888,90,MS Dhoni,11,10,1,11,98.199,3,23.199,1,5.2,17.999,32,82,44,126,315,314,4,0,5,3.47872,0.292553,36.7713,84.1612,188,4,14,5.2,18,17.999,121.398
England,221,237.176,7.17647,0.289593,230.633,7.45701,0.384615,91,JE Root,28,4,24,44,85.2003,2,32.2003,0,11.2,21.0003,21,16,80,96,301,293,5,1,5,3.68852,0.327869,41.6721,83.3443,61,4,0,11.2,21,21.0003,117.401
England,221,237.176,7.17647,0.289593,230.633,7.45701,0.384615,91,GS Ballance,39,8,31,63,85.2005,2,32.2005,0,11.2,21.0005,21,16,80,96,301,293,5,1,5,1.69231,0.153846,22,66.3573,13,1,0,11.2,21,21.0005,117.401
England,221,237.176,7.17647,0.289593,230.633,7.45701,0.384615,91,EJG Morgan,0,0,0,0,85.2002,2,32.2002,0,11.2,21.0002,21,16,80,96,301,293,5,1,5,3.19549,0.233083,30.0526,86.9291,133,4,0,11.2,21,21.0002,117.4
Pakistan,211,222.621,7.38389,0.393365,235.517,7.54976,0.336493,94,Mohammad Hafeez,52,32,20,53,98.4022,0,26.4022,0,18.4,8.00215,16,60,46,106,327,329,7,0,5,4.04511,0.255639,34.3534,78.0625,133,4,8,18.4,8,8.00215,124.804
Pakistan,211,222.621,7.38389,0.393365,235.517,7.54976,0.336493,94,Misbah-ul-Haq,0,0,0,0,98.4017,0,26.4017,0,18.4,8.00168,16,60,46,106,327,329,7,0,5,2.95238,0.285714,34.9921,71.8195,126,4,8,18.4,8,8.00168,124.803
Pakistan,211,222.621,7.38389,0.393365,235.517,7.54976,0.336493,94,Ahmed Shehzad,38,20,18,71,98.4021,0,26.4021,0,18.4,8.00209,16,60,46,106,327,329,7,0,5,3.67143,0.242857,33.2714,70.8118,70,4,8,18.4,8,8.00209,124.804
Pakistan,211,222.621,7.38389,0.393365,235.517,7.54976,0.336493,94,Sohaib Maqsood,0,0,0,0,98.4017,0,26.4017,0,18.4,8.00174,16,60,46,106,327,329,7,0,5,2.86957,0.217391,29.4348,79.7409,23,4,8,18.4,8,8.00174,124.803
Pakistan,211,222.621,7.38389,0.393365,235.517,7.54976,0.336493,94,Fawad Alam,0,0,0,0,98.4019,0,26.4019,0,18.4,8.00187,16,60,46,106,327,329,7,0,5,1.85294,0.176471,26.5588,72.6468,34,4,8,18.4,8,8.00187,124.804
Australia,228,239.627,7.69737,0.372807,232.079,7.23246,0.337719,95,GJ Maxwell,17,8,9,23,80.7991,3,16.7991,0,4.8,11.9991,16,64,43,107,216,217,13,0,5,3.79245,0.226415,28.2264,119.68,53,0,4,4.8,12,11.9991,97.5981
Australia,228,239.627,7.69737,0.372807,232.079,7.23246,0.337719,95,GJ Bailey,19,12,7,45,80.8003,3,16.8003,0,4.8,12.0003,16,64,43,107,216,217,13,0,5,3.34921,0.301587,36.3492,84.658,63,4,4,4.8,12,12.0003,97.6006
Bangladesh,160,218.438,7.70625,0.4,211.106,7.05,0.325,96,Mushfiqur Rahim,35,16,19,59,98.8006,2,27.8006,0,14.8,13.0006,17,56,49,105,339,247,3,0,5,2.61111,0.18254,27.7778,75.2526,126,4,4,14.8,13,13.0006,126.601
Bangladesh,160,218.438,7.70625,0.4,211.106,7.05,0.325,96,Tamim Iqbal,52,36,16,55,98.8006,2,27.8006,0,14.8,13.0006,17,56,49,105,339,247,3,0,5,4.05344,0.274809,31.8015,76.8068,131,4,4,14.8,13,13.0006,126.601
Bangladesh,160,218.438,7.70625,0.4,211.106,7.05,0.325,96,Mominul Haque,0,0,0,0,98.8016,2,27.8016,0,14.8,13.0016,17,56,49,105,339,247,3,0,5,2.57143,0.0952381,23.3333,73.4633,21,4,4,14.8,13,13.0016,126.603
Bangladesh,160,218.438,7.70625,0.4,211.106,7.05,0.325,96,Mahmudullah,0,0,0,0,98.8001,2,27.8001,0,14.8,13.0001,17,56,49,105,339,247,3,0,5,2.26531,0.153061,24.4286,70.9544,98,4,4,14.8,13,13.0001,126.6
South Africa,190,234.274,7.4,0.373684,232.363,7.33158,0.342105,97,HM Amla,48,8,40,68,111.002,1,33.0024,0,24,9.00243,9,38,77,115,218,221,2,0,5,5.20168,0.403361,48.7899,86.9292,119,4,0,24,9,9.00243,144.005
South Africa,190,234.274,7.4,0.373684,232.363,7.33158,0.342105,97,F du Plessis,51,26,25,46,111.002,1,33.0024,0,24,9.00242,9,38,77,115,218,221,2,0,5,3.45122,0.292683,34.9268,83.135,82,4,0,24,9,9.00242,144.005
South Africa,190,234.274,7.4,0.373684,232.363,7.33158,0.342105,97,WD Parnell,0,0,0,0,111.002,1,33.002,0,24,9.00198,9,38,77,115,218,221,2,0,5,1.47826,0.0434783,15.8261,74.7433,23,1,0,24,9,9.00198,144.004
New Zealand,184,233.745,7.39674,0.36413,227.951,7.30435,0.353261,98,KS Williamson,68,36,32,57,107.8,2,23.8002,0,6.8,17.0002,21,72,76,148,303,306,10,0,5,4.31707,0.390244,43.0488,82.8833,82,4,4,6.8,17,17.0002,131.6
New Zealand,184,233.745,7.39674,0.36413,227.951,7.30435,0.353261,98,LRPL Taylor,46,24,22,51,107.8,2,23.8004,0,6.8,17.0004,21,72,76,148,303,306,10,0,5,3.68382,0.301471,36.7206,79.3959,136,4,4,6.8,17,17.0004,131.601
Sri Lanka,244,223.373,7.09016,0.344262,227.578,7.47541,0.385246,100,FDM Karunaratne,1,0,1,6,93.5984,2,31.5984,1,9.6,21.9984,30,40,66,106,316,195,8,0,5,0.8,0,10.7,64.8485,10,1,8,9.6,22,21.9984,125.197
Sri Lanka,244,223.373,7.09016,0.344262,227.578,7.47541,0.385246,100,KC Sangakkara,16,8,8,18,93.5984,2,31.5984,1,9.6,21.9984,30,40,66,106,316,195,8,0,5,4.33659,0.360976,41.9854,80.6276,205,4,8,9.6,22,21.9984,125.197
England,221,237.176,7.17647,0.289593,230.633,7.45701,0.384615,101,JE Root,29,8,21,33,88.3998,4,32.3998,1,14.4,17.9998,22,30,67,97,303,215,8,0,5,3.68852,0.327869,41.6721,83.3443,61,4,4,14.4,18,17.9998,120.8
England,221,237.176,7.17647,0.289593,230.633,7.45701,0.384615,101,JC Buttler,1,0,1,4,88.3998,4,32.3998,1,14.4,17.9998,22,30,67,97,303,215,8,0,5,3.47458,0.186441,29.9153,115.359,59,0,4,14.4,18,17.9998,120.8
England,221,237.176,7.17647,0.289593,230.633,7.45701,0.384615,102,JWA Taylor,25,8,17,55,62.6003,3,22.6003,2,1.6,21.0003,25,24,62,86,201,201,6,0,5,3.375,0.333333,35.9167,79.8888,24,4,4,1.6,21,21.0003,85.2006
England,221,237.176,7.17647,0.289593,230.633,7.45701,0.384615,102,JC Buttler,0,0,0,0,62.5984,3,22.5984,2,1.6,20.9984,25,24,62,86,201,201,6,0,5,3.47458,0.186441,29.9153,115.359,59,0,4,1.6,21,20.9984,85.1968
India,259,242.378,7.15058,0.339768,244.568,7.12741,0.30888,103,S Dhawan,45,28,17,63,89.6011,2,15.6011,2,5.6,10.0011,14,52,52,104,322,197,10,1,5,5.65217,0.362319,43.2174,88.9088,69,4,4,5.6,10,10.0011,105.202
India,259,242.378,7.15058,0.339768,244.568,7.12741,0.30888,103,MS Dhoni,6,0,6,13,89.6009,2,15.6009,2,5.6,10.0009,14,52,52,104,322,197,10,1,5,3.47872,0.292553,36.7713,84.1612,188,4,4,5.6,10,10.0009,105.202
South Africa,190,234.274,7.4,0.373684,232.363,7.33158,0.342105,104,HM Amla,46,24,22,61,103.001,0,19.0011,0,4,15.0011,39,82,63,145,319,319,4,1,5,5.20168,0.403361,48.7899,86.9292,119,4,24,4,15,15.0011,122.002
South Africa,190,234.274,7.4,0.373684,232.363,7.33158,0.342105,104,Q de Kock,60,34,26,62,103.002,0,19.0018,0,4,15.0018,39,82,63,145,319,319,4,1,5,5.12963,0.240741,39.1111,91.2311,54,4,24,4,15,15.0018,122.004
Bangladesh,160,218.438,7.70625,0.4,211.106,7.05,0.325,105,Mahmudullah,31,16,15,49,119.598,2,31.5984,0,13.6,17.9984,26,82,56,138,163,167,7,1,5,2.26531,0.153061,24.4286,70.9544,98,4,8,13.6,18,17.9984,151.197
Bangladesh,160,218.438,7.70625,0.4,211.106,7.05,0.325,105,Soumya Sarkar,59,40,19,56,119.597,2,31.5972,0,13.6,17.9972,26,82,56,138,163,167,7,1,5,7.35714,0.357143,47.2857,99.1018,14,4,8,13.6,18,17.9972,151.194
Sri Lanka,244,223.373,7.09016,0.344262,227.578,7.47541,0.385246,106,HDRL Thirimanne,36,16,20,44,110.799,2,30.7985,2,8.8,21.9985,22,40,72,112,317,181,7,1,5,2.77778,0.246914,31.5802,71.4725,81,4,0,8.8,22,21.9985,141.597
Sri Lanka,244,223.373,7.09016,0.344262,227.578,7.47541,0.385246,106,LD Chandimal,0,0,0,3,110.799,2,30.7986,2,8.8,21.9986,22,40,72,112,317,181,7,1,5,2.18478,0.184783,25.7391,73.8615,92,4,0,8.8,22,21.9986,141.597
Zimbabwe,142,212.077,7.5,0.380282,227.704,6.97887,0.316901,107,CJ Chibhabha,43,16,27,58,66.601,1,17.601,0,9.6,8.00101,20,40,51,91,277,193,6,1,5,2.56716,0.149254,23.5373,64.7373,67,1,12,9.6,8,8.00101,84.202
Zimbabwe,142,212.077,7.5,0.380282,227.704,6.97887,0.316901,107,RW Chakabva,21,8,13,38,66.6019,1,17.6019,0,9.6,8.00195,20,40,51,91,277,193,6,1,5,0.846154,0,13.2692,51.3393,26,3,12,9.6,8,8.00195,84.2039
Zimbabwe,142,212.077,7.5,0.380282,227.704,6.97887,0.316901,107,E Chigumbura,0,0,0,0,66.6016,1,17.6016,0,9.6,8.00161,20,40,51,91,277,193,6,1,5,2.28947,0.114035,22.7895,77.7844,114,4,12,9.6,8,8.00161,84.2032
Pakistan,211,222.621,7.38389,0.393365,235.517,7.54976,0.336493,108,Mohammad Rizwan,4,0,4,10,72.0012,3,36.0012,2,24,12.0012,16,12,55,67,284,188,5,0,5,2.76923,0.230769,26.7692,92.8,13,0,4,24,12,12.0012,108.002
Pakistan,211,222.621,7.38389,0.393365,235.517,7.54976,0.336493,108,Sarfraz Ahmed,3,0,3,6,72.0009,3,36.0009,2,24,12.0009,16,12,55,67,284,188,5,0,5,2.04878,0.097561,25.4878,83.9357,41,4,4,24,12,12.0009,108.002
Sri Lanka,244,223.373,7.09016,0.344262,227.578,7.47541,0.385246,110,LD Chandimal,8,0,8,18,110.598,1,28.5977,2,3.6,24.9977,29,52,79,131,207,180,7,1,5,2.18478,0.184783,25.7391,73.8615,92,4,4,3.6,25,24.9977,139.195
Sri Lanka,244,223.373,7.09016,0.344262,227.578,7.47541,0.385246,110,AD Mathews,2,0,2,3,110.597,1,28.5973,2,3.6,24.9973,29,52,79,131,207,180,7,1,5,2.64122,0.198473,28.6794,82.3362,131,4,4,3.6,25,24.9973,139.195
Sri Lanka,244,223.373,7.09016,0.344262,227.578,7.47541,0.385246,110,TAM Siriwardana,0,0,0,0,110.597,1,28.5975,2,3.6,24.9975,29,52,79,131,207,180,7,1,5,3.1,0.2,26.2,111.489,10,0,4,3.6,25,24.9975,139.195
Zimbabwe,142,212.077,7.5,0.380282,227.704,6.97887,0.316901,111,E Chigumbura,5,0,5,12,71.2001,3,20.2001,1,9.2,11.0001,11,30,44,74,274,128,4,0,5,2.28947,0.114035,22.7895,77.7844,114,4,0,9.2,11,11.0001,91.4002
Zimbabwe,142,212.077,7.5,0.380282,227.704,6.97887,0.316901,111,Sikandar Raza,0,0,0,9,71.2006,3,20.2006,1,9.2,11.0006,11,30,44,74,274,128,4,0,5,3,0.131579,26.1842,81.1582,38,4,0,9.2,11,11.0006,91.4012
