Runs Scored,Wickets Lost,Got All Out,Runs Conceded,Opponent Wickets Taken,Opponent All Out,Total Runs Scored,Balls Faced,R0,W0,R1,W1,Target,ClusterID,Home Runs,Home,Current_HR,Predicted_HR
222.621,7.38389,0.393365,235.517,7.54976,0.336493,0,0,61,2,29,0,158,4,0,0,0,2.4
222.621,7.38389,0.393365,235.517,7.54976,0.336493,58,71,96,2,22,0,252,4,40,0,4,4
222.621,7.38389,0.393365,235.517,7.54976,0.336493,0,11,50,3,4,2,0,4,0,0,0,0.8
223.373,7.09016,0.344262,227.578,7.47541,0.385246,5,9,88,1,22,1,0,4,4,0,4,3.2
237.176,7.17647,0.289593,230.633,7.45701,0.384615,53,81,75,4,24,0,226,4,24,1,6,4.8
237.176,7.17647,0.289593,230.633,7.45701,0.384615,17,45,86,2,15,1,0,4,0,1,0,3.2
223.373,7.09016,0.344262,227.578,7.47541,0.385246,13,29,130,2,19,0,249,4,0,0,0,0.8
242.378,7.15058,0.339768,244.568,7.12741,0.30888,0,0,109,2,25,0,0,4,0,0,0,2.4
242.378,7.15058,0.339768,244.568,7.12741,0.30888,20,28,60,3,27,0,0,1,8,0,4,4.4
222.621,7.38389,0.393365,235.517,7.54976,0.336493,0,0,61,3,18,0,184,4,0,0,4,0
219.527,7.65455,0.290909,202.727,7.56364,0.4,56,72,73,4,17,1,0,1,36,0,0,3.2
233.745,7.39674,0.36413,227.951,7.30435,0.353261,53,73,74,4,30,0,185,4,24,0,0,0.8
212.077,7.5,0.380282,227.704,6.97887,0.316901,24,79,49,4,11,0,0,4,4,0,6,1.6
218.438,7.70625,0.4,211.106,7.05,0.325,0,0,44,5,17,0,106,1,0,0,6,1.6
217.33,7.15909,0.3125,225.278,7.57386,0.380682,76,77,107,1,14,0,184,4,54,1,6,4.8
234.274,7.4,0.373684,232.363,7.33158,0.342105,72,67,151,0,18,1,278,4,48,0,0,6
223.373,7.09016,0.344262,227.578,7.47541,0.385246,4,12,82,3,10,2,0,4,0,0,4,2.4
217.33,7.15909,0.3125,225.278,7.57386,0.380682,17,46,57,3,15,0,180,4,0,1,0,2.8
218.438,7.70625,0.4,211.106,7.05,0.325,23,30,59,2,20,0,0,1,12,0,0,0.8
233.745,7.39674,0.36413,227.951,7.30435,0.353261,30,41,86,1,35,0,168,1,4,0,10,8.8
219.527,7.65455,0.290909,202.727,7.56364,0.4,2,5,58,3,27,1,0,3,0,0,0,0
237.176,7.17647,0.289593,230.633,7.45701,0.384615,46,70,84,2,16,0,228,4,16,0,0,0.8
234.274,7.4,0.373684,232.363,7.33158,0.342105,0,0,62,4,7,0,171,4,0,0,0,0
239.627,7.69737,0.372807,232.079,7.23246,0.337719,7,14,87,2,16,0,238,4,0,0,0,0
233.745,7.39674,0.36413,227.951,7.30435,0.353261,0,2,87,3,23,1,0,0,0,0,0,0
219.527,7.65455,0.290909,202.727,7.56364,0.4,0,0,60,3,21,0,122,1,0,0,0,0
217.33,7.15909,0.3125,225.278,7.57386,0.380682,47,43,120,4,24,1,283,4,24,1,4,0.8
217.33,7.15909,0.3125,225.278,7.57386,0.380682,0,0,120,4,24,1,283,1,0,1,0,0.8
233.745,7.39674,0.36413,227.951,7.30435,0.353261,49,80,67,3,15,1,0,4,24,0,0,0
237.176,7.17647,0.289593,230.633,7.45701,0.384615,15,31,61,3,19,0,0,4,8,0,4,2.8
219.527,7.65455,0.290909,202.727,7.56364,0.4,2,6,43,7,19,2,0,3,0,0,4,0
217.33,7.15909,0.3125,225.278,7.57386,0.380682,6,13,44,2,20,1,0,4,0,1,4,2.4
217.33,7.15909,0.3125,225.278,7.57386,0.380682,21,49,44,2,20,1,0,4,4,1,4,3.6
237.176,7.17647,0.289593,230.633,7.45701,0.384615,77,63,110,2,28,0,280,1,36,0,0,3.2
223.373,7.09016,0.344262,227.578,7.47541,0.385246,9,33,74,2,27,0,0,4,0,0,0,0.8
234.274,7.4,0.373684,232.363,7.33158,0.342105,18,50,64,5,16,1,0,1,6,0,4,4
234.274,7.4,0.373684,232.363,7.33158,0.342105,0,0,64,5,16,1,0,1,0,0,4,0
223.373,7.09016,0.344262,227.578,7.47541,0.385246,0,0,116,2,26,1,201,4,0,0,8,4.4
242.378,7.15058,0.339768,244.568,7.12741,0.30888,0,4,75,4,6,3,89,3,0,0,4,1.6
242.378,7.15058,0.339768,244.568,7.12741,0.30888,29,69,59,4,22,0,164,4,12,0,0,1.6
239.627,7.69737,0.372807,232.079,7.23246,0.337719,2,7,101,2,17,1,0,4,0,1,0,0
233.745,7.39674,0.36413,227.951,7.30435,0.353261,13,16,78,3,37,0,175,4,6,0,4,4
233.745,7.39674,0.36413,227.951,7.30435,0.353261,15,17,106,2,26,0,309,4,4,0,0,4.8
237.176,7.17647,0.289593,230.633,7.45701,0.384615,11,28,78,3,20,0,0,4,0,0,4,2
237.176,7.17647,0.289593,230.633,7.45701,0.384615,34,43,78,3,20,0,0,4,12,0,0,3.6
239.627,7.69737,0.372807,232.079,7.23246,0.337719,10,19,96,2,31,0,228,4,4,1,8,0.8
239.627,7.69737,0.372807,232.079,7.23246,0.337719,29,29,96,2,31,0,228,4,12,1,4,1.6
237.176,7.17647,0.289593,230.633,7.45701,0.384615,13,24,70,5,21,1,0,4,4,0,4,3.2
237.176,7.17647,0.289593,230.633,7.45701,0.384615,0,0,75,4,9,1,0,1,0,0,0,0.8
237.176,7.17647,0.289593,230.633,7.45701,0.384615,47,78,86,1,25,0,0,4,24,0,4,4.4
233.745,7.39674,0.36413,227.951,7.30435,0.353261,1,10,56,3,9,2,0,0,0,0,8,4
237.176,7.17647,0.289593,230.633,7.45701,0.384615,33,50,52,3,20,1,113,4,20,0,0,2
237.176,7.17647,0.289593,230.633,7.45701,0.384615,36,40,87,3,20,0,0,4,22,0,0,2.8
237.176,7.17647,0.289593,230.633,7.45701,0.384615,33,44,87,3,20,0,0,4,12,0,0,2.4
239.627,7.69737,0.372807,232.079,7.23246,0.337719,67,90,94,1,28,0,0,4,28,1,0,2.4
237.176,7.17647,0.289593,230.633,7.45701,0.384615,23,42,79,3,20,0,0,4,4,0,0,0
237.176,7.17647,0.289593,230.633,7.45701,0.384615,10,21,79,3,20,0,0,4,0,0,4,4.4
239.627,7.69737,0.372807,232.079,7.23246,0.337719,43,43,93,5,29,2,142,4,20,1,6,4.8
223.373,7.09016,0.344262,227.578,7.47541,0.385246,55,73,113,1,12,1,0,4,34,0,12,4.4
212.077,7.5,0.380282,227.704,6.97887,0.316901,18,27,57,7,11,0,0,3,4,0,4,5.6
212.077,7.5,0.380282,227.704,6.97887,0.316901,0,0,57,7,11,0,0,3,0,0,0,0
223.373,7.09016,0.344262,227.578,7.47541,0.385246,68,90,93,2,10,0,0,4,42,0,0,2
212.077,7.5,0.380282,227.704,6.97887,0.316901,14,21,80,6,9,1,115,3,12,0,0,1.6
217.33,7.15909,0.3125,225.278,7.57386,0.380682,48,76,76,0,11,0,157,4,24,0,12,6
218.438,7.70625,0.4,211.106,7.05,0.325,24,35,64,2,17,0,0,4,8,0,4,1.6
212.077,7.5,0.380282,227.704,6.97887,0.316901,52,72,65,3,21,1,127,4,28,0,0,2.4
217.33,7.15909,0.3125,225.278,7.57386,0.380682,27,76,44,5,6,3,0,3,12,0,0,0.8
217.33,7.15909,0.3125,225.278,7.57386,0.380682,0,2,44,5,6,3,0,3,0,0,0,0.8
237.176,7.17647,0.289593,230.633,7.45701,0.384615,20,34,65,5,16,0,0,4,12,0,12,7.2
242.378,7.15058,0.339768,244.568,7.12741,0.30888,0,0,87,4,11,0,108,0,0,1,0,2.4
223.373,7.09016,0.344262,227.578,7.47541,0.385246,2,3,120,2,19,1,0,4,0,0,0,0
222.621,7.38389,0.393365,235.517,7.54976,0.336493,25,43,98,3,11,1,237,4,12,0,8,4
217.33,7.15909,0.3125,225.278,7.57386,0.380682,23,31,71,4,16,0,0,4,12,0,4,4
239.627,7.69737,0.372807,232.079,7.23246,0.337719,49,72,73,4,23,0,205,0,24,0,8,1.6
223.373,7.09016,0.344262,227.578,7.47541,0.385246,42,67,96,1,21,0,154,4,20,0,4,4
239.627,7.69737,0.372807,232.079,7.23246,0.337719,59,62,94,3,13,0,151,4,36,0,4,1.6
223.373,7.09016,0.344262,227.578,7.47541,0.385246,0,0,55,4,18,1,130,1,0,0,0,0.8
233.745,7.39674,0.36413,227.951,7.30435,0.353261,17,40,71,3,18,0,0,4,12,0,4,3.2
233.745,7.39674,0.36413,227.951,7.30435,0.353261,47,73,71,3,18,0,0,4,22,0,8,2.4
222.621,7.38389,0.393365,235.517,7.54976,0.336493,39,49,91,4,19,0,210,4,24,0,4,5.6
242.378,7.15058,0.339768,244.568,7.12741,0.30888,38,61,65,3,30,0,0,4,20,1,4,1.6
217.33,7.15909,0.3125,225.278,7.57386,0.380682,45,74,85,1,18,0,0,4,24,0,10,5.6
237.176,7.17647,0.289593,230.633,7.45701,0.384615,7,10,107,1,16,2,252,4,0,0,4,2.8
237.176,7.17647,0.289593,230.633,7.45701,0.384615,41,71,107,1,16,2,252,4,20,0,4,3.2
233.745,7.39674,0.36413,227.951,7.30435,0.353261,26,29,44,6,31,0,185,0,20,0,0,4
234.274,7.4,0.373684,232.363,7.33158,0.342105,5,13,74,2,18,1,0,4,0,0,4,4
217.33,7.15909,0.3125,225.278,7.57386,0.380682,83,83,116,0,24,0,247,4,54,0,12,4
217.33,7.15909,0.3125,225.278,7.57386,0.380682,0,0,93,5,19,2,0,1,0,0,0,0.8
222.621,7.38389,0.393365,235.517,7.54976,0.336493,7,13,124,8,14,0,225,3,4,0,4,0
234.274,7.4,0.373684,232.363,7.33158,0.342105,8,17,116,4,20,1,198,1,0,1,4,3.6
234.274,7.4,0.373684,232.363,7.33158,0.342105,20,17,116,4,20,1,198,0,16,1,0,1.6
233.745,7.39674,0.36413,227.951,7.30435,0.353261,0,0,109,1,30,0,0,4,0,1,0,0.8
223.373,7.09016,0.344262,227.578,7.47541,0.385246,1,2,138,0,42,2,260,4,0,0,12,6
239.627,7.69737,0.372807,232.079,7.23246,0.337719,9,27,43,3,9,0,0,4,0,0,4,2.4
233.745,7.39674,0.36413,227.951,7.30435,0.353261,63,80,104,3,16,0,317,4,36,1,26,10.4
239.627,7.69737,0.372807,232.079,7.23246,0.337719,53,84,97,0,23,0,0,4,20,0,10,4
234.274,7.4,0.373684,232.363,7.33158,0.342105,49,72,79,3,20,0,181,3,20,1,0,0.8
234.274,7.4,0.373684,232.363,7.33158,0.342105,39,53,79,3,20,0,181,4,20,1,8,6.4
242.378,7.15058,0.339768,244.568,7.12741,0.30888,63,86,91,1,27,0,0,4,38,0,4,3.2
217.33,7.15909,0.3125,225.278,7.57386,0.380682,7,8,58,4,22,2,133,4,0,0,0,0.8
242.378,7.15058,0.339768,244.568,7.12741,0.30888,0,1,71,4,18,1,169,4,0,0,0,2.4
234.274,7.4,0.373684,232.363,7.33158,0.342105,13,16,147,0,30,1,0,4,12,1,0,1.6
234.274,7.4,0.373684,232.363,7.33158,0.342105,0,0,147,0,30,1,0,0,0,1,0,1.6
217.33,7.15909,0.3125,225.278,7.57386,0.380682,0,0,43,3,11,0,0,1,0,0,0,0
222.621,7.38389,0.393365,235.517,7.54976,0.336493,4,27,51,3,11,0,140,4,0,1,0,2.4
217.33,7.15909,0.3125,225.278,7.57386,0.380682,8,25,77,3,16,0,0,3,0,0,0,0
222.621,7.38389,0.393365,235.517,7.54976,0.336493,11,17,88,2,35,0,162,4,0,1,0,2.4
217.33,7.15909,0.3125,225.278,7.57386,0.380682,22,38,72,2,23,0,0,4,12,0,0,0.8
237.176,7.17647,0.289593,230.633,7.45701,0.384615,28,35,75,1,17,1,0,4,8,1,0,2
217.33,7.15909,0.3125,225.278,7.57386,0.380682,36,58,71,6,15,2,126,4,16,0,0,1.6
217.33,7.15909,0.3125,225.278,7.57386,0.380682,47,83,85,1,19,2,0,4,28,0,0,1.6
242.378,7.15058,0.339768,244.568,7.12741,0.30888,86,91,97,1,32,0,0,4,66,0,0,6.8
242.378,7.15058,0.339768,244.568,7.12741,0.30888,4,11,97,1,32,0,0,4,0,0,16,10.4
237.176,7.17647,0.289593,230.633,7.45701,0.384615,22,33,86,2,22,1,0,4,8,1,0,1.6
237.176,7.17647,0.289593,230.633,7.45701,0.384615,3,4,86,2,22,1,0,4,0,1,6,4.4
242.378,7.15058,0.339768,244.568,7.12741,0.30888,48,81,83,2,22,0,225,4,28,0,10,3.2
242.378,7.15058,0.339768,244.568,7.12741,0.30888,0,0,112,1,28,0,0,4,0,0,8,6
237.176,7.17647,0.289593,230.633,7.45701,0.384615,24,23,112,4,20,0,231,4,8,1,12,4.8
242.378,7.15058,0.339768,244.568,7.12741,0.30888,19,29,82,4,16,1,0,4,6,0,4,0.8
212.077,7.5,0.380282,227.704,6.97887,0.316901,10,29,58,3,19,0,0,4,4,0,4,7.6
212.077,7.5,0.380282,227.704,6.97887,0.316901,10,20,58,3,19,0,0,4,4,0,0,0.8
218.438,7.70625,0.4,211.106,7.05,0.325,33,73,91,0,20,1,205,3,12,1,0,2.4
212.077,7.5,0.380282,227.704,6.97887,0.316901,24,55,57,4,17,0,178,4,4,0,0,2.8
218.438,7.70625,0.4,211.106,7.05,0.325,28,48,77,2,13,0,137,1,14,1,12,3.2
217.33,7.15909,0.3125,225.278,7.57386,0.380682,78,67,126,3,23,0,241,4,50,0,4,6.4
223.373,7.09016,0.344262,227.578,7.47541,0.385246,29,36,84,4,22,0,0,4,20,0,4,5.2
223.373,7.09016,0.344262,227.578,7.47541,0.385246,38,58,84,4,22,0,0,4,30,0,4,2.4
242.378,7.15058,0.339768,244.568,7.12741,0.30888,1,4,103,2,18,1,231,0,0,1,12,6.8
223.373,7.09016,0.344262,227.578,7.47541,0.385246,26,38,71,4,42,0,0,4,12,0,0,2.4
242.378,7.15058,0.339768,244.568,7.12741,0.30888,7,9,82,3,16,1,220,4,0,1,0,0
242.378,7.15058,0.339768,244.568,7.12741,0.30888,0,0,93,1,27,0,0,4,0,0,10,5.6
223.373,7.09016,0.344262,227.578,7.47541,0.385246,25,54,45,3,17,0,0,4,4,1,4,3.2
223.373,7.09016,0.344262,227.578,7.47541,0.385246,0,0,84,3,27,1,0,1,0,1,0,1.6
233.745,7.39674,0.36413,227.951,7.30435,0.353261,76,75,87,1,19,2,0,0,50,0,4,0.8
239.627,7.69737,0.372807,232.079,7.23246,0.337719,10,20,88,3,24,0,0,4,0,1,12,7.2
223.373,7.09016,0.344262,227.578,7.47541,0.385246,0,0,72,4,18,3,118,0,0,0,0,1.6
239.627,7.69737,0.372807,232.079,7.23246,0.337719,16,35,68,5,12,0,0,4,0,1,0,2.4
239.627,7.69737,0.372807,232.079,7.23246,0.337719,76,80,98,2,23,0,0,0,48,1,0,2.4
239.627,7.69737,0.372807,232.079,7.23246,0.337719,16,34,98,2,23,0,0,4,4,1,8,2.4
223.373,7.09016,0.344262,227.578,7.47541,0.385246,14,32,80,4,15,0,163,1,4,0,4,2.8
223.373,7.09016,0.344262,227.578,7.47541,0.385246,39,64,57,2,27,0,0,4,12,0,4,0
239.627,7.69737,0.372807,232.079,7.23246,0.337719,8,21,50,3,13,1,0,4,4,1,0,1.6
223.373,7.09016,0.344262,227.578,7.47541,0.385246,12,20,59,4,27,0,0,4,0,0,0,0
239.627,7.69737,0.372807,232.079,7.23246,0.337719,1,12,112,4,15,2,200,4,0,1,0,0.8
239.627,7.69737,0.372807,232.079,7.23246,0.337719,0,0,107,3,17,1,0,0,0,1,0,0
242.378,7.15058,0.339768,244.568,7.12741,0.30888,60,71,86,3,22,0,229,4,20,0,4,3.6
234.274,7.4,0.373684,232.363,7.33158,0.342105,0,0,94,1,31,0,0,4,0,0,0,0.8
219.527,7.65455,0.290909,202.727,7.56364,0.4,0,0,73,7,23,1,119,3,0,1,0,0.8
242.378,7.15058,0.339768,244.568,7.12741,0.30888,22,38,62,2,18,0,0,4,8,0,0,0.8
234.274,7.4,0.373684,232.363,7.33158,0.342105,31,37,92,2,23,2,232,4,12,0,0,0.8
234.274,7.4,0.373684,232.363,7.33158,0.342105,42,56,54,4,44,0,0,4,14,0,10,5.2
234.274,7.4,0.373684,232.363,7.33158,0.342105,41,47,54,4,44,0,0,1,22,0,4,1.6
234.274,7.4,0.373684,232.363,7.33158,0.342105,0,0,54,4,44,0,0,0,0,0,4,2
242.378,7.15058,0.339768,244.568,7.12741,0.30888,35,61,69,3,34,1,143,4,16,0,10,5.6
242.378,7.15058,0.339768,244.568,7.12741,0.30888,1,1,69,3,34,1,143,4,0,0,8,0.8
218.438,7.70625,0.4,211.106,7.05,0.325,9,9,58,5,20,1,156,3,6,0,12,0.8
223.373,7.09016,0.344262,227.578,7.47541,0.385246,20,25,68,4,25,0,122,4,12,1,8,6.4
218.438,7.70625,0.4,211.106,7.05,0.325,10,20,59,5,18,0,131,4,0,0,0,0
233.745,7.39674,0.36413,227.951,7.30435,0.353261,0,0,75,3,18,1,179,1,0,0,8,2.4
237.176,7.17647,0.289593,230.633,7.45701,0.384615,13,32,56,6,15,0,137,4,8,1,4,1.6
233.745,7.39674,0.36413,227.951,7.30435,0.353261,11,26,56,3,17,0,0,1,4,0,4,1.6
233.745,7.39674,0.36413,227.951,7.30435,0.353261,13,26,56,3,17,0,0,4,4,0,0,1.6
237.176,7.17647,0.289593,230.633,7.45701,0.384615,7,11,72,1,20,1,0,4,0,1,0,0.8
234.274,7.4,0.373684,232.363,7.33158,0.342105,0,0,96,2,31,0,233,4,0,0,0,0.8
234.274,7.4,0.373684,232.363,7.33158,0.342105,0,0,76,3,14,1,161,0,0,0,0,0.8
234.274,7.4,0.373684,232.363,7.33158,0.342105,66,68,101,2,17,1,0,4,32,0,4,0.8
242.378,7.15058,0.339768,244.568,7.12741,0.30888,17,27,95,4,27,0,196,4,4,1,6,0.8
239.627,7.69737,0.372807,232.079,7.23246,0.337719,0,0,101,1,15,1,0,4,0,0,0,0
242.378,7.15058,0.339768,244.568,7.12741,0.30888,54,63,70,3,33,1,231,4,30,1,12,3.2
239.627,7.69737,0.372807,232.079,7.23246,0.337719,78,75,116,2,24,1,266,4,48,0,4,4
239.627,7.69737,0.372807,232.079,7.23246,0.337719,24,22,115,3,30,1,0,4,14,0,4,2.4
242.378,7.15058,0.339768,244.568,7.12741,0.30888,61,81,99,0,34,1,280,4,32,1,8,6
242.378,7.15058,0.339768,244.568,7.12741,0.30888,8,19,50,6,29,0,160,1,4,1,0,2.4
222.621,7.38389,0.393365,235.517,7.54976,0.336493,0,0,73,2,14,0,0,0,0,0,0,0.8
242.378,7.15058,0.339768,244.568,7.12741,0.30888,0,0,113,1,44,0,0,0,0,1,0,0.8
242.378,7.15058,0.339768,244.568,7.12741,0.30888,0,0,97,2,36,0,247,4,0,1,0,2.4
242.378,7.15058,0.339768,244.568,7.12741,0.30888,19,35,85,4,24,0,261,4,4,1,4,4.8
234.274,7.4,0.373684,232.363,7.33158,0.342105,44,64,69,2,25,0,236,4,16,1,0,0.8
217.33,7.15909,0.3125,225.278,7.57386,0.380682,6,13,62,5,16,1,0,0,0,0,4,2
217.33,7.15909,0.3125,225.278,7.57386,0.380682,3,10,60,2,12,2,160,4,0,0,0,3.2
217.33,7.15909,0.3125,225.278,7.57386,0.380682,0,0,75,1,16,1,0,4,0,0,0,1.6
217.33,7.15909,0.3125,225.278,7.57386,0.380682,48,79,81,0,17,1,0,3,26,0,0,1.6
234.274,7.4,0.373684,232.363,7.33158,0.342105,102,88,130,1,35,0,192,4,70,1,0,3.2
234.274,7.4,0.373684,232.363,7.33158,0.342105,3,7,78,3,16,1,221,0,0,0,4,1.6
234.274,7.4,0.373684,232.363,7.33158,0.342105,48,72,78,3,16,1,221,4,16,0,4,0
234.274,7.4,0.373684,232.363,7.33158,0.342105,28,52,69,3,12,0,0,4,12,0,4,2.8
222.621,7.38389,0.393365,235.517,7.54976,0.336493,18,29,72,3,22,0,190,4,6,1,0,2.8
222.621,7.38389,0.393365,235.517,7.54976,0.336493,24,33,65,3,17,0,0,4,8,1,4,2.8
234.274,7.4,0.373684,232.363,7.33158,0.342105,39,74,80,2,30,0,0,4,12,0,0,0.8
234.274,7.4,0.373684,232.363,7.33158,0.342105,0,0,80,2,30,0,0,4,0,0,4,0.8
218.438,7.70625,0.4,211.106,7.05,0.325,0,0,44,4,17,0,0,3,0,0,4,0
237.176,7.17647,0.289593,230.633,7.45701,0.384615,58,73,90,2,11,0,227,4,36,0,4,5.2
237.176,7.17647,0.289593,230.633,7.45701,0.384615,0,0,116,0,32,0,0,4,0,0,0,0.8
237.176,7.17647,0.289593,230.633,7.45701,0.384615,34,40,81,2,21,0,0,4,12,0,0,3.2
233.745,7.39674,0.36413,227.951,7.30435,0.353261,8,13,137,2,11,1,199,4,4,1,4,4.4
233.745,7.39674,0.36413,227.951,7.30435,0.353261,15,19,137,2,11,1,199,4,12,1,8,1.6
212.077,7.5,0.380282,227.704,6.97887,0.316901,0,0,54,2,32,0,0,4,0,1,0,0.8
212.077,7.5,0.380282,227.704,6.97887,0.316901,58,91,74,0,31,0,0,1,28,1,4,3.6
223.373,7.09016,0.344262,227.578,7.47541,0.385246,0,0,59,1,18,1,0,4,0,0,0,0
239.627,7.69737,0.372807,232.079,7.23246,0.337719,1,3,92,2,19,1,0,4,0,0,0,0
217.33,7.15909,0.3125,225.278,7.57386,0.380682,0,0,75,4,24,1,182,0,0,1,0,2.4
239.627,7.69737,0.372807,232.079,7.23246,0.337719,0,0,87,2,22,1,0,4,0,0,0,0.8
217.33,7.15909,0.3125,225.278,7.57386,0.380682,1,6,96,1,32,1,257,4,0,1,8,6.4
217.33,7.15909,0.3125,225.278,7.57386,0.380682,0,0,84,3,26,1,162,1,0,1,0,0
234.274,7.4,0.373684,232.363,7.33158,0.342105,10,30,66,3,14,0,166,4,0,0,0,2
219.527,7.65455,0.290909,202.727,7.56364,0.4,7,31,55,5,8,1,138,4,0,0,0,3.2
212.077,7.5,0.380282,227.704,6.97887,0.316901,35,53,92,2,24,0,0,4,4,0,4,1.6
222.621,7.38389,0.393365,235.517,7.54976,0.336493,1,2,126,1,10,3,232,4,0,0,0,0
212.077,7.5,0.380282,227.704,6.97887,0.316901,25,37,69,3,21,0,218,4,4,0,4,3.2
222.621,7.38389,0.393365,235.517,7.54976,0.336493,4,6,118,1,18,2,178,4,0,1,12,3.6
223.373,7.09016,0.344262,227.578,7.47541,0.385246,13,15,155,1,23,1,0,1,10,0,0,0.8
223.373,7.09016,0.344262,227.578,7.47541,0.385246,0,0,155,1,23,1,0,4,0,0,0,0.8
218.438,7.70625,0.4,211.106,7.05,0.325,31,35,88,3,12,0,207,4,12,0,0,1.2
218.438,7.70625,0.4,211.106,7.05,0.325,0,0,88,3,12,0,207,4,0,0,0,3.2
222.621,7.38389,0.393365,235.517,7.54976,0.336493,9,14,85,0,23,1,0,4,4,0,4,4.4
222.621,7.38389,0.393365,235.517,7.54976,0.336493,0,0,84,2,21,0,236,4,0,0,0,0
223.373,7.09016,0.344262,227.578,7.47541,0.385246,51,75,144,0,26,0,0,4,24,0,14,3.6
218.438,7.70625,0.4,211.106,7.05,0.325,5,6,100,3,17,1,161,1,0,0,4,0.8
242.378,7.15058,0.339768,244.568,7.12741,0.30888,14,24,128,4,20,0,0,4,4,0,4,1.2
223.373,7.09016,0.344262,227.578,7.47541,0.385246,38,45,107,2,27,0,0,1,20,0,4,2.4
218.438,7.70625,0.4,211.106,7.05,0.325,10,31,67,5,7,0,0,4,0,0,4,0.8
239.627,7.69737,0.372807,232.079,7.23246,0.337719,8,16,67,2,26,0,0,4,0,1,0,0.8
239.627,7.69737,0.372807,232.079,7.23246,0.337719,0,0,71,1,10,1,0,4,0,1,0,0
218.438,7.70625,0.4,211.106,7.05,0.325,4,14,93,5,6,3,118,1,0,0,6,4
242.378,7.15058,0.339768,244.568,7.12741,0.30888,7,10,70,4,14,1,0,1,0,0,0,2.4
242.378,7.15058,0.339768,244.568,7.12741,0.30888,0,0,70,4,14,1,0,1,0,0,0,0
223.373,7.09016,0.344262,227.578,7.47541,0.385246,40,57,66,2,25,0,136,4,24,1,0,1.6
242.378,7.15058,0.339768,244.568,7.12741,0.30888,8,16,70,5,25,0,133,3,0,0,0,1.6
242.378,7.15058,0.339768,244.568,7.12741,0.30888,1,4,65,3,20,1,0,4,0,0,12,4
223.373,7.09016,0.344262,227.578,7.47541,0.385246,24,52,68,6,16,0,199,4,8,1,0,3.2
223.373,7.09016,0.344262,227.578,7.47541,0.385246,0,0,76,4,13,0,0,1,0,1,0,0
218.438,7.70625,0.4,211.106,7.05,0.325,0,4,61,6,12,3,110,1,0,0,4,4.4
222.621,7.38389,0.393365,235.517,7.54976,0.336493,50,63,130,0,21,1,0,4,24,1,8,2.4
218.438,7.70625,0.4,211.106,7.05,0.325,4,18,75,7,11,0,0,1,0,0,0,0.8
218.438,7.70625,0.4,211.106,7.05,0.325,0,0,75,7,11,0,0,1,0,0,0,0.8
222.621,7.38389,0.393365,235.517,7.54976,0.336493,40,53,105,1,30,0,0,4,12,0,6,8.4
222.621,7.38389,0.393365,235.517,7.54976,0.336493,0,0,111,2,25,1,0,0,0,0,4,0.8
218.438,7.70625,0.4,211.106,7.05,0.325,10,21,63,4,19,0,151,4,0,1,0,0.8
242.378,7.15058,0.339768,244.568,7.12741,0.30888,9,10,130,0,31,2,0,4,4,0,6,4.4
222.621,7.38389,0.393365,235.517,7.54976,0.336493,34,42,115,5,26,1,188,4,12,0,6,6.8
218.438,7.70625,0.4,211.106,7.05,0.325,0,0,60,2,25,1,0,4,0,1,0,0
242.378,7.15058,0.339768,244.568,7.12741,0.30888,41,36,113,4,32,0,271,4,22,0,4,1.6
237.176,7.17647,0.289593,230.633,7.45701,0.384615,0,0,75,1,19,1,241,4,0,1,0,1.6
237.176,7.17647,0.289593,230.633,7.45701,0.384615,0,0,93,4,28,0,197,1,0,1,8,4.8
239.627,7.69737,0.372807,232.079,7.23246,0.337719,36,37,105,2,28,0,211,4,16,0,4,6.8
237.176,7.17647,0.289593,230.633,7.45701,0.384615,0,4,74,4,24,1,172,0,0,1,6,0.8
239.627,7.69737,0.372807,232.079,7.23246,0.337719,35,75,69,2,23,1,0,4,8,0,0,3.2
239.627,7.69737,0.372807,232.079,7.23246,0.337719,0,1,69,2,23,1,0,4,0,0,4,1.6
234.274,7.4,0.373684,232.363,7.33158,0.342105,30,44,89,2,33,0,0,4,8,1,0,0.8
218.438,7.70625,0.4,211.106,7.05,0.325,43,58,72,4,19,0,185,1,20,0,8,3.6
239.627,7.69737,0.372807,232.079,7.23246,0.337719,6,11,103,2,15,2,0,4,0,0,8,4.8
239.627,7.69737,0.372807,232.079,7.23246,0.337719,29,51,61,6,20,0,0,4,8,0,0,0
234.274,7.4,0.373684,232.363,7.33158,0.342105,39,53,68,2,26,0,0,4,16,1,4,3.2
239.627,7.69737,0.372807,232.079,7.23246,0.337719,12,21,72,2,12,2,237,4,0,0,0,4.8
239.627,7.69737,0.372807,232.079,7.23246,0.337719,0,0,117,0,22,2,246,4,0,0,0,2
239.627,7.69737,0.372807,232.079,7.23246,0.337719,12,18,125,1,22,1,0,4,4,0,0,0.8
239.627,7.69737,0.372807,232.079,7.23246,0.337719,54,70,94,1,20,1,0,4,16,1,6,4
239.627,7.69737,0.372807,232.079,7.23246,0.337719,66,86,92,1,33,0,0,4,32,1,4,4.8
234.274,7.4,0.373684,232.363,7.33158,0.342105,46,66,68,2,25,0,235,4,16,0,0,1.6
239.627,7.69737,0.372807,232.079,7.23246,0.337719,8,9,119,1,23,1,0,4,4,1,0,0
239.627,7.69737,0.372807,232.079,7.23246,0.337719,0,0,119,1,23,1,0,4,0,1,0,0
234.274,7.4,0.373684,232.363,7.33158,0.342105,3,15,121,2,17,1,254,4,0,0,4,1.6
234.274,7.4,0.373684,232.363,7.33158,0.342105,0,0,121,2,17,1,254,0,0,0,0,0.8
239.627,7.69737,0.372807,232.079,7.23246,0.337719,2,6,105,3,17,2,0,4,0,1,4,0.8
239.627,7.69737,0.372807,232.079,7.23246,0.337719,0,0,66,4,24,0,235,4,0,1,0,0.8
239.627,7.69737,0.372807,232.079,7.23246,0.337719,6,7,107,0,34,1,0,4,4,1,0,0
233.745,7.39674,0.36413,227.951,7.30435,0.353261,4,9,79,2,12,1,247,1,0,0,0,0.8
239.627,7.69737,0.372807,232.079,7.23246,0.337719,25,35,83,2,14,1,240,4,8,1,0,1.6
237.176,7.17647,0.289593,230.633,7.45701,0.384615,12,25,45,6,12,2,0,0,8,0,0,2.4
242.378,7.15058,0.339768,244.568,7.12741,0.30888,0,0,97,2,25,1,191,4,0,1,4,0.8
242.378,7.15058,0.339768,244.568,7.12741,0.30888,27,32,90,3,20,0,0,0,12,0,0,0.8
223.373,7.09016,0.344262,227.578,7.47541,0.385246,2,3,79,3,25,1,197,4,0,1,4,2.4
242.378,7.15058,0.339768,244.568,7.12741,0.30888,5,9,120,2,18,1,0,0,4,0,20,13.2
233.745,7.39674,0.36413,227.951,7.30435,0.353261,58,76,96,1,16,1,0,0,34,1,6,5.2
242.378,7.15058,0.339768,244.568,7.12741,0.30888,0,0,94,2,53,0,0,4,0,0,0,0
233.745,7.39674,0.36413,227.951,7.30435,0.353261,101,75,156,0,24,2,327,0,72,1,0,3.6
217.33,7.15909,0.3125,225.278,7.57386,0.380682,3,13,53,5,9,1,0,1,0,0,0,0.8
217.33,7.15909,0.3125,225.278,7.57386,0.380682,18,21,123,1,20,0,0,4,8,0,0,0.8
217.33,7.15909,0.3125,225.278,7.57386,0.380682,92,78,123,1,20,0,0,4,70,0,0,5.2
212.077,7.5,0.380282,227.704,6.97887,0.316901,29,49,63,2,22,1,0,4,8,1,0,0.8
212.077,7.5,0.380282,227.704,6.97887,0.316901,0,0,63,2,22,1,0,4,0,1,0,0.8
223.373,7.09016,0.344262,227.578,7.47541,0.385246,0,0,86,4,39,0,0,1,0,0,8,4
212.077,7.5,0.380282,227.704,6.97887,0.316901,2,3,105,1,32,2,158,1,0,1,10,0
212.077,7.5,0.380282,227.704,6.97887,0.316901,30,36,105,1,32,2,158,4,4,1,0,4.8
223.373,7.09016,0.344262,227.578,7.47541,0.385246,1,3,42,3,11,1,0,1,0,0,4,0
242.378,7.15058,0.339768,244.568,7.12741,0.30888,33,63,74,6,13,2,0,4,14,0,0,2
212.077,7.5,0.380282,227.704,6.97887,0.316901,1,2,87,3,5,2,0,1,0,0,0,3.2
223.373,7.09016,0.344262,227.578,7.47541,0.385246,9,12,82,3,26,1,0,1,0,0,0,0.8
212.077,7.5,0.380282,227.704,6.97887,0.316901,7,17,68,5,16,1,0,4,0,0,0,3.2
212.077,7.5,0.380282,227.704,6.97887,0.316901,1,4,68,5,16,1,0,1,0,0,0,0
217.33,7.15909,0.3125,225.278,7.57386,0.380682,44,48,82,3,25,1,0,4,26,0,4,2.4
217.33,7.15909,0.3125,225.278,7.57386,0.380682,5,9,82,3,25,1,0,1,4,0,0,0
217.33,7.15909,0.3125,225.278,7.57386,0.380682,6,12,81,3,24,1,262,1,0,0,4,2.4
237.176,7.17647,0.289593,230.633,7.45701,0.384615,2,10,56,3,11,0,0,4,0,0,0,0.8
223.373,7.09016,0.344262,227.578,7.47541,0.385246,28,42,107,3,29,0,0,4,12,0,0,2.4
222.621,7.38389,0.393365,235.517,7.54976,0.336493,43,81,85,0,13,0,215,4,20,0,0,1.2
223.373,7.09016,0.344262,227.578,7.47541,0.385246,62,78,100,2,23,0,0,4,40,0,4,7.2
223.373,7.09016,0.344262,227.578,7.47541,0.385246,26,40,100,2,23,0,0,4,0,0,8,4.8
223.373,7.09016,0.344262,227.578,7.47541,0.385246,28,35,96,1,24,0,0,4,4,0,4,2.4
242.378,7.15058,0.339768,244.568,7.12741,0.30888,89,74,150,2,32,0,0,4,62,0,8,7.2
223.373,7.09016,0.344262,227.578,7.47541,0.385246,42,52,116,2,16,0,258,4,16,1,0,3.6
234.274,7.4,0.373684,232.363,7.33158,0.342105,54,68,82,2,33,1,0,4,24,1,0,4.4
234.274,7.4,0.373684,232.363,7.33158,0.342105,0,0,82,2,33,1,0,1,0,1,0,0.8
237.176,7.17647,0.289593,230.633,7.45701,0.384615,49,78,69,2,33,0,240,4,20,0,0,2.4
237.176,7.17647,0.289593,230.633,7.45701,0.384615,0,0,110,3,24,1,229,4,0,0,4,0.8
237.176,7.17647,0.289593,230.633,7.45701,0.384615,9,10,76,2,17,1,118,4,8,0,8,6
222.621,7.38389,0.393365,235.517,7.54976,0.336493,0,0,80,0,17,2,156,4,0,0,0,0.8
239.627,7.69737,0.372807,232.079,7.23246,0.337719,52,69,77,2,11,0,187,4,32,0,4,2.4
239.627,7.69737,0.372807,232.079,7.23246,0.337719,64,75,102,2,23,0,0,4,32,0,0,1.6
217.33,7.15909,0.3125,225.278,7.57386,0.380682,0,0,76,2,26,0,0,3,0,1,0,0
217.33,7.15909,0.3125,225.278,7.57386,0.380682,0,0,85,3,19,1,0,0,0,1,0,0.8
222.621,7.38389,0.393365,235.517,7.54976,0.336493,8,20,76,5,14,0,186,4,0,0,0,0
222.621,7.38389,0.393365,235.517,7.54976,0.336493,0,0,76,5,14,0,186,4,0,0,0,0
223.373,7.09016,0.344262,227.578,7.47541,0.385246,21,41,66,3,14,1,160,1,12,1,4,3.2
222.621,7.38389,0.393365,235.517,7.54976,0.336493,3,8,96,2,20,2,0,4,0,0,4,3.6
222.621,7.38389,0.393365,235.517,7.54976,0.336493,5,11,97,2,23,1,0,4,0,0,0,3.2
222.621,7.38389,0.393365,235.517,7.54976,0.336493,37,61,97,2,23,1,0,4,8,0,4,0
223.373,7.09016,0.344262,227.578,7.47541,0.385246,0,0,50,4,17,0,0,4,0,1,4,0.8
242.378,7.15058,0.339768,244.568,7.12741,0.30888,0,0,92,3,20,2,153,1,0,0,0,0.8
242.378,7.15058,0.339768,244.568,7.12741,0.30888,9,23,69,3,13,1,153,4,4,0,4,0.8
242.378,7.15058,0.339768,244.568,7.12741,0.30888,75,70,106,1,34,0,0,4,24,0,8,6.8
239.627,7.69737,0.372807,232.079,7.23246,0.337719,0,0,82,1,24,0,0,4,0,1,0,0
239.627,7.69737,0.372807,232.079,7.23246,0.337719,23,28,98,2,37,0,0,4,6,1,8,3.6
217.33,7.15909,0.3125,225.278,7.57386,0.380682,5,8,94,3,20,1,258,1,0,0,0,2.4
217.33,7.15909,0.3125,225.278,7.57386,0.380682,2,2,84,5,36,1,195,1,0,0,0,3.6
217.33,7.15909,0.3125,225.278,7.57386,0.380682,0,0,84,5,36,1,195,1,0,0,4,4.4
222.621,7.38389,0.393365,235.517,7.54976,0.336493,11,28,94,1,25,2,0,4,0,0,4,3.6
222.621,7.38389,0.393365,235.517,7.54976,0.336493,0,2,94,1,25,2,0,4,0,0,12,3.6
239.627,7.69737,0.372807,232.079,7.23246,0.337719,20,23,75,3,28,0,253,4,12,1,10,3.2
239.627,7.69737,0.372807,232.079,7.23246,0.337719,4,13,99,1,18,1,0,4,0,1,0,0.8
222.621,7.38389,0.393365,235.517,7.54976,0.336493,33,61,44,5,22,2,123,4,10,0,4,1.6
222.621,7.38389,0.393365,235.517,7.54976,0.336493,0,0,44,5,22,2,123,1,0,0,6,0.8
222.621,7.38389,0.393365,235.517,7.54976,0.336493,32,50,80,4,19,0,233,4,4,0,4,1.6
222.621,7.38389,0.393365,235.517,7.54976,0.336493,0,0,55,4,25,0,134,0,0,0,20,7.6
239.627,7.69737,0.372807,232.079,7.23246,0.337719,9,24,80,3,17,0,204,4,0,1,4,3.2
212.077,7.5,0.380282,227.704,6.97887,0.316901,0,0,101,4,25,0,262,1,0,1,0,2.4
212.077,7.5,0.380282,227.704,6.97887,0.316901,36,44,98,3,20,0,0,4,0,1,0,0.8
218.438,7.70625,0.4,211.106,7.05,0.325,78,79,100,2,42,0,297,4,34,0,0,4
212.077,7.5,0.380282,227.704,6.97887,0.316901,19,34,79,6,27,0,0,3,12,1,0,1.6
223.373,7.09016,0.344262,227.578,7.47541,0.385246,49,70,121,1,19,0,0,4,20,0,0,1.6
234.274,7.4,0.373684,232.363,7.33158,0.342105,13,12,113,2,23,2,205,0,4,1,4,0.8
234.274,7.4,0.373684,232.363,7.33158,0.342105,0,0,113,2,23,2,205,0,0,1,4,2.4
234.274,7.4,0.373684,232.363,7.33158,0.342105,0,0,83,2,27,1,210,0,0,1,0,0.8
223.373,7.09016,0.344262,227.578,7.47541,0.385246,33,53,65,5,25,0,0,4,16,0,4,1.6
233.745,7.39674,0.36413,227.951,7.30435,0.353261,0,5,118,1,16,3,0,1,0,0,8,2.4
223.373,7.09016,0.344262,227.578,7.47541,0.385246,0,0,117,4,14,1,270,4,0,0,0,0.8
237.176,7.17647,0.289593,230.633,7.45701,0.384615,37,53,87,2,29,0,0,4,14,0,4,2.8
237.176,7.17647,0.289593,230.633,7.45701,0.384615,0,0,56,4,20,1,0,1,0,0,0,0.8
233.745,7.39674,0.36413,227.951,7.30435,0.353261,0,0,108,3,20,2,137,1,0,0,0,1.6
239.627,7.69737,0.372807,232.079,7.23246,0.337719,24,41,86,2,27,0,193,4,4,0,0,2
217.33,7.15909,0.3125,225.278,7.57386,0.380682,0,0,67,5,10,0,0,3,0,0,4,1.6
217.33,7.15909,0.3125,225.278,7.57386,0.380682,0,0,67,5,10,0,0,1,0,0,0,0.8
242.378,7.15058,0.339768,244.568,7.12741,0.30888,40,75,64,2,13,0,124,4,22,0,12,4
242.378,7.15058,0.339768,244.568,7.12741,0.30888,27,72,64,2,13,0,124,1,12,0,4,2.4
239.627,7.69737,0.372807,232.079,7.23246,0.337719,32,68,53,2,30,0,203,4,16,0,14,3.2
239.627,7.69737,0.372807,232.079,7.23246,0.337719,10,15,100,2,29,0,0,4,0,0,0,2.4
242.378,7.15058,0.339768,244.568,7.12741,0.30888,48,53,115,3,31,0,0,4,20,1,4,4.8
242.378,7.15058,0.339768,244.568,7.12741,0.30888,9,22,88,3,16,1,200,4,0,1,8,4.4
239.627,7.69737,0.372807,232.079,7.23246,0.337719,0,0,124,0,18,0,0,4,0,0,0,0.8
239.627,7.69737,0.372807,232.079,7.23246,0.337719,4,14,81,2,13,1,164,4,0,0,0,1.6
218.438,7.70625,0.4,211.106,7.05,0.325,15,18,60,6,16,0,0,4,8,1,4,2.4
233.745,7.39674,0.36413,227.951,7.30435,0.353261,69,50,109,3,41,0,172,4,48,1,6,3.6
233.745,7.39674,0.36413,227.951,7.30435,0.353261,0,0,109,3,41,0,172,1,0,1,0,2.8
233.745,7.39674,0.36413,227.951,7.30435,0.353261,0,0,109,3,41,0,172,0,0,1,4,2.8
233.745,7.39674,0.36413,227.951,7.30435,0.353261,1,7,101,2,11,2,0,4,0,1,0,0
233.745,7.39674,0.36413,227.951,7.30435,0.353261,0,0,101,2,11,2,0,1,0,1,0,0
239.627,7.69737,0.372807,232.079,7.23246,0.337719,6,9,70,1,16,2,0,4,4,0,0,0
219.527,7.65455,0.290909,202.727,7.56364,0.4,14,25,108,3,15,1,176,4,4,1,0,1.6
219.527,7.65455,0.290909,202.727,7.56364,0.4,0,4,108,3,15,1,176,4,0,1,0,1.2
239.627,7.69737,0.372807,232.079,7.23246,0.337719,13,28,88,3,20,1,0,4,0,0,20,10
239.627,7.69737,0.372807,232.079,7.23246,0.337719,0,0,97,2,17,0,0,4,0,0,8,4.8
237.176,7.17647,0.289593,230.633,7.45701,0.384615,50,69,81,2,25,0,203,4,20,1,4,0.8
237.176,7.17647,0.289593,230.633,7.45701,0.384615,14,14,92,4,25,0,206,1,4,1,0,0
239.627,7.69737,0.372807,232.079,7.23246,0.337719,14,23,71,2,15,0,0,4,4,0,4,3.2
239.627,7.69737,0.372807,232.079,7.23246,0.337719,0,0,71,2,15,0,0,4,0,0,0,0
218.438,7.70625,0.4,211.106,7.05,0.325,48,64,90,2,26,0,0,1,20,0,0,1.6
218.438,7.70625,0.4,211.106,7.05,0.325,23,34,90,2,20,0,0,1,6,0,4,1.6
237.176,7.17647,0.289593,230.633,7.45701,0.384615,0,0,87,4,16,0,212,1,0,1,0,2.4
237.176,7.17647,0.289593,230.633,7.45701,0.384615,50,72,90,1,22,0,0,4,24,1,8,4.4
218.438,7.70625,0.4,211.106,7.05,0.325,84,73,107,4,16,0,0,4,56,1,0,4.8
237.176,7.17647,0.289593,230.633,7.45701,0.384615,2,8,92,3,19,1,253,4,0,0,4,3.2
218.438,7.70625,0.4,211.106,7.05,0.325,40,41,91,3,29,0,223,4,8,1,0,5.2
218.438,7.70625,0.4,211.106,7.05,0.325,0,0,91,3,29,0,223,4,0,1,0,0
237.176,7.17647,0.289593,230.633,7.45701,0.384615,23,35,122,1,29,1,0,4,0,1,0,2.4
222.621,7.38389,0.393365,235.517,7.54976,0.336493,32,32,96,2,29,1,242,4,8,0,0,0.8
222.621,7.38389,0.393365,235.517,7.54976,0.336493,0,0,103,0,20,1,0,4,0,0,4,2.8
237.176,7.17647,0.289593,230.633,7.45701,0.384615,27,36,98,4,21,1,205,4,12,1,8,6.8
222.621,7.38389,0.393365,235.517,7.54976,0.336493,0,0,89,1,21,0,226,4,0,0,0,0.8
222.621,7.38389,0.393365,235.517,7.54976,0.336493,0,5,76,5,5,3,192,1,0,0,4,1.6
234.274,7.4,0.373684,232.363,7.33158,0.342105,53,68,104,1,31,0,0,4,16,1,4,1.6
242.378,7.15058,0.339768,244.568,7.12741,0.30888,104,72,152,1,43,0,0,0,78,1,8,8
223.373,7.09016,0.344262,227.578,7.47541,0.385246,92,79,137,1,18,1,294,4,52,0,8,6.8
242.378,7.15058,0.339768,244.568,7.12741,0.30888,49,57,123,1,12,1,228,4,28,1,4,4
223.373,7.09016,0.344262,227.578,7.47541,0.385246,78,81,110,2,13,0,0,4,54,0,8,4
223.373,7.09016,0.344262,227.578,7.47541,0.385246,21,38,110,2,13,0,0,4,4,0,4,2.4
239.627,7.69737,0.372807,232.079,7.23246,0.337719,12,24,121,2,16,0,176,4,4,0,0,1.6
219.527,7.65455,0.290909,202.727,7.56364,0.4,0,0,75,3,17,1,166,3,0,0,0,1.6
223.373,7.09016,0.344262,227.578,7.47541,0.385246,3,10,85,2,13,2,238,4,0,1,0,0
237.176,7.17647,0.289593,230.633,7.45701,0.384615,92,90,125,2,31,0,328,4,48,0,8,2.8
237.176,7.17647,0.289593,230.633,7.45701,0.384615,34,38,118,2,22,0,0,4,12,0,4,3.6
212.077,7.5,0.380282,227.704,6.97887,0.316901,17,31,70,5,12,1,0,3,4,0,0,2.4
212.077,7.5,0.380282,227.704,6.97887,0.316901,1,11,70,5,12,1,0,3,0,0,0,0.8
219.527,7.65455,0.290909,202.727,7.56364,0.4,0,0,73,2,32,0,0,1,0,0,0,1.2
233.745,7.39674,0.36413,227.951,7.30435,0.353261,0,0,75,2,12,0,0,4,0,0,0,0.8
223.373,7.09016,0.344262,227.578,7.47541,0.385246,78,74,111,0,28,0,0,4,46,1,4,2
212.077,7.5,0.380282,227.704,6.97887,0.316901,2,6,105,1,21,2,173,3,0,0,0,0.8
219.527,7.65455,0.290909,202.727,7.56364,0.4,50,68,81,2,17,1,224,4,24,0,4,4.4
237.176,7.17647,0.289593,230.633,7.45701,0.384615,28,27,61,3,30,0,0,4,16,0,12,5.6
222.621,7.38389,0.393365,235.517,7.54976,0.336493,44,66,80,1,25,2,152,4,16,0,8,7.2
234.274,7.4,0.373684,232.363,7.33158,0.342105,16,29,92,3,19,1,0,4,0,0,0,1.6
237.176,7.17647,0.289593,230.633,7.45701,0.384615,6,9,112,2,19,1,0,4,0,0,0,0
237.176,7.17647,0.289593,230.633,7.45701,0.384615,0,0,112,2,19,1,0,1,0,0,0,0.8
217.33,7.15909,0.3125,225.278,7.57386,0.380682,0,0,110,5,20,0,215,0,0,0,0,0.8
233.745,7.39674,0.36413,227.951,7.30435,0.353261,7,12,83,4,17,2,143,1,4,0,4,0.8
239.627,7.69737,0.372807,232.079,7.23246,0.337719,2,5,71,2,10,1,0,4,0,0,0,0
218.438,7.70625,0.4,211.106,7.05,0.325,1,11,46,5,9,4,71,1,0,1,4,1.6
242.378,7.15058,0.339768,244.568,7.12741,0.30888,43,58,87,2,26,0,0,4,22,1,16,7.2
242.378,7.15058,0.339768,244.568,7.12741,0.30888,46,62,87,2,26,0,0,4,16,1,4,2.4
217.33,7.15909,0.3125,225.278,7.57386,0.380682,14,22,98,2,25,0,175,4,4,0,4,1.6
242.378,7.15058,0.339768,244.568,7.12741,0.30888,31,41,91,2,21,0,241,4,8,1,0,4.8
233.745,7.39674,0.36413,227.951,7.30435,0.353261,56,84,73,2,14,0,0,0,24,0,8,4
234.274,7.4,0.373684,232.363,7.33158,0.342105,1,3,87,2,22,1,170,4,0,0,0,0.8
234.274,7.4,0.373684,232.363,7.33158,0.342105,0,0,87,2,22,1,170,1,0,0,0,0.8
237.176,7.17647,0.289593,230.633,7.45701,0.384615,30,47,65,2,23,0,0,4,0,0,0,1.6
237.176,7.17647,0.289593,230.633,7.45701,0.384615,0,0,65,2,23,0,0,4,0,0,4,2.4
223.373,7.09016,0.344262,227.578,7.47541,0.385246,58,85,92,0,23,0,211,4,30,1,0,2.8
242.378,7.15058,0.339768,244.568,7.12741,0.30888,0,0,112,2,22,0,0,4,0,1,0,3.2
222.621,7.38389,0.393365,235.517,7.54976,0.336493,0,0,89,2,17,1,224,4,0,0,10,3.6
222.621,7.38389,0.393365,235.517,7.54976,0.336493,1,3,89,2,17,1,224,4,0,0,0,0.8
242.378,7.15058,0.339768,244.568,7.12741,0.30888,2,10,98,2,17,1,263,4,0,1,0,3.2
242.378,7.15058,0.339768,244.568,7.12741,0.30888,34,44,96,3,26,0,276,4,8,0,8,4.8
223.373,7.09016,0.344262,227.578,7.47541,0.385246,0,0,92,6,23,0,0,0,0,0,0,0
218.438,7.70625,0.4,211.106,7.05,0.325,25,39,69,4,21,1,0,4,12,1,0,1.6
242.378,7.15058,0.339768,244.568,7.12741,0.30888,21,40,95,5,19,0,0,4,0,0,0,0.8
223.373,7.09016,0.344262,227.578,7.47541,0.385246,10,24,110,3,15,0,244,4,0,0,4,2.8
217.33,7.15909,0.3125,225.278,7.57386,0.380682,0,5,83,0,15,1,231,4,0,1,0,0.8
212.077,7.5,0.380282,227.704,6.97887,0.316901,1,2,85,2,13,2,0,3,0,0,0,1.6
217.33,7.15909,0.3125,225.278,7.57386,0.380682,33,66,59,1,21,0,0,3,8,1,0,0.8
217.33,7.15909,0.3125,225.278,7.57386,0.380682,28,48,92,3,22,0,207,4,4,1,0,3.2
217.33,7.15909,0.3125,225.278,7.57386,0.380682,47,79,83,2,19,0,265,4,24,1,0,2.4
217.33,7.15909,0.3125,225.278,7.57386,0.380682,16,18,83,2,19,0,265,4,4,1,0,2.4
217.33,7.15909,0.3125,225.278,7.57386,0.380682,7,9,93,1,22,1,0,4,0,1,0,0.8
234.274,7.4,0.373684,232.363,7.33158,0.342105,0,0,116,1,33,0,293,4,0,0,0,2.4
242.378,7.15058,0.339768,244.568,7.12741,0.30888,11,19,117,3,16,1,0,4,0,1,0,3.2
234.274,7.4,0.373684,232.363,7.33158,0.342105,7,19,105,3,21,0,285,4,0,0,0,0
234.274,7.4,0.373684,232.363,7.33158,0.342105,0,0,105,3,21,0,285,0,0,0,0,0.8
239.627,7.69737,0.372807,232.079,7.23246,0.337719,11,21,88,4,19,0,0,4,0,1,0,0.8
223.373,7.09016,0.344262,227.578,7.47541,0.385246,0,0,85,6,18,1,230,1,0,0,20,7.2
239.627,7.69737,0.372807,232.079,7.23246,0.337719,9,14,86,4,15,1,198,4,6,1,4,4
237.176,7.17647,0.289593,230.633,7.45701,0.384615,10,8,112,1,28,1,0,4,4,0,0,1.6
237.176,7.17647,0.289593,230.633,7.45701,0.384615,36,57,83,3,14,2,186,4,4,0,0,0.8
239.627,7.69737,0.372807,232.079,7.23246,0.337719,0,0,61,3,28,0,0,4,0,1,4,2.4
237.176,7.17647,0.289593,230.633,7.45701,0.384615,39,52,75,5,27,0,196,4,12,0,0,1.6
242.378,7.15058,0.339768,244.568,7.12741,0.30888,22,38,58,3,17,0,0,0,4,0,4,4.4
212.077,7.5,0.380282,227.704,6.97887,0.316901,20,34,110,1,22,0,278,3,0,1,0,4
212.077,7.5,0.380282,227.704,6.97887,0.316901,0,0,96,0,18,0,190,4,0,1,0,0.8
242.378,7.15058,0.339768,244.568,7.12741,0.30888,2,2,99,2,22,1,0,4,0,0,0,1.2
223.373,7.09016,0.344262,227.578,7.47541,0.385246,71,79,116,0,33,0,197,4,38,0,0,6.8
223.373,7.09016,0.344262,227.578,7.47541,0.385246,42,63,79,2,32,0,0,4,16,1,0,2.8
242.378,7.15058,0.339768,244.568,7.12741,0.30888,69,93,78,3,28,0,144,4,20,0,4,3.6
218.438,7.70625,0.4,211.106,7.05,0.325,10,17,99,3,18,1,169,4,4,0,0,0
222.621,7.38389,0.393365,235.517,7.54976,0.336493,0,0,85,1,34,0,0,4,0,0,0,0.8
218.438,7.70625,0.4,211.106,7.05,0.325,38,55,84,1,14,0,235,1,16,0,0,1.6
223.373,7.09016,0.344262,227.578,7.47541,0.385246,8,27,56,5,14,0,170,1,0,1,0,2.4
242.378,7.15058,0.339768,244.568,7.12741,0.30888,3,14,59,7,11,0,80,0,0,0,0,0.8
223.373,7.09016,0.344262,227.578,7.47541,0.385246,2,6,65,4,12,2,0,1,0,1,0,1.6
223.373,7.09016,0.344262,227.578,7.47541,0.385246,2,9,65,4,12,2,0,1,0,1,0,2
242.378,7.15058,0.339768,244.568,7.12741,0.30888,4,10,71,3,19,1,154,4,0,0,8,3.6
233.745,7.39674,0.36413,227.951,7.30435,0.353261,3,6,82,3,21,2,0,0,0,0,0,0
234.274,7.4,0.373684,232.363,7.33158,0.342105,38,39,99,2,20,0,193,4,20,0,4,4.8
222.621,7.38389,0.393365,235.517,7.54976,0.336493,28,23,77,4,28,0,280,0,14,0,10,3.2
222.621,7.38389,0.393365,235.517,7.54976,0.336493,11,23,77,4,28,0,280,4,0,0,0,2.4
222.621,7.38389,0.393365,235.517,7.54976,0.336493,38,75,51,2,24,0,208,4,4,0,0,3.6
234.274,7.4,0.373684,232.363,7.33158,0.342105,16,29,96,2,21,0,0,4,0,0,0,0.8
234.274,7.4,0.373684,232.363,7.33158,0.342105,50,54,121,2,30,0,0,4,16,0,0,2.4
234.274,7.4,0.373684,232.363,7.33158,0.342105,41,58,123,1,30,0,0,4,8,1,4,4
212.077,7.5,0.380282,227.704,6.97887,0.316901,2,10,106,2,13,1,267,1,0,0,0,0
242.378,7.15058,0.339768,244.568,7.12741,0.30888,5,11,67,4,29,1,141,0,0,0,6,1.6
234.274,7.4,0.373684,232.363,7.33158,0.342105,68,78,92,3,27,1,184,4,32,1,0,3.6
234.274,7.4,0.373684,232.363,7.33158,0.342105,4,9,79,2,13,2,0,4,0,1,0,1.6
242.378,7.15058,0.339768,244.568,7.12741,0.30888,1,2,63,4,26,1,213,0,0,0,34,7.6
234.274,7.4,0.373684,232.363,7.33158,0.342105,8,11,99,2,15,3,0,4,0,1,0,0
242.378,7.15058,0.339768,244.568,7.12741,0.30888,0,0,69,3,24,0,139,4,0,0,0,0
242.378,7.15058,0.339768,244.568,7.12741,0.30888,35,34,97,7,33,1,224,0,20,0,24,6.8
242.378,7.15058,0.339768,244.568,7.12741,0.30888,53,76,92,2,17,0,275,4,16,1,16,8
217.33,7.15909,0.3125,225.278,7.57386,0.380682,22,45,65,2,17,0,0,4,6,0,6,1.6
223.373,7.09016,0.344262,227.578,7.47541,0.385246,0,0,64,1,22,0,181,4,0,1,4,1.6
217.33,7.15909,0.3125,225.278,7.57386,0.380682,3,3,87,2,34,1,237,4,0,0,0,2
217.33,7.15909,0.3125,225.278,7.57386,0.380682,0,0,87,2,34,1,237,4,0,0,6,2
233.745,7.39674,0.36413,227.951,7.30435,0.353261,0,0,71,2,40,0,233,4,0,0,4,0.8
233.745,7.39674,0.36413,227.951,7.30435,0.353261,2,2,71,2,24,1,0,4,0,0,0,0
233.745,7.39674,0.36413,227.951,7.30435,0.353261,0,0,55,4,18,1,0,0,0,0,0,0.8
242.378,7.15058,0.339768,244.568,7.12741,0.30888,87,76,112,1,21,0,220,4,48,1,4,4
242.378,7.15058,0.339768,244.568,7.12741,0.30888,8,13,104,4,22,0,305,0,0,1,10,4
233.745,7.39674,0.36413,227.951,7.30435,0.353261,0,0,74,6,22,1,0,0,0,0,4,0.8
233.745,7.39674,0.36413,227.951,7.30435,0.353261,0,0,74,6,22,1,0,0,0,0,0,0
222.621,7.38389,0.393365,235.517,7.54976,0.336493,9,21,49,5,19,0,0,0,0,0,0,0.8
222.621,7.38389,0.393365,235.517,7.54976,0.336493,0,0,49,5,19,0,0,3,0,0,0,1.6
222.621,7.38389,0.393365,235.517,7.54976,0.336493,12,31,80,3,12,0,0,4,0,0,0,1.6
223.373,7.09016,0.344262,227.578,7.47541,0.385246,16,21,62,7,36,1,112,1,8,0,4,4
237.176,7.17647,0.289593,230.633,7.45701,0.384615,7,8,94,2,30,1,234,4,4,1,8,1.6
237.176,7.17647,0.289593,230.633,7.45701,0.384615,22,24,104,3,30,0,0,4,4,1,0,0
223.373,7.09016,0.344262,227.578,7.47541,0.385246,41,65,90,3,16,0,240,4,12,0,0,1.6
242.378,7.15058,0.339768,244.568,7.12741,0.30888,0,0,80,2,20,0,0,0,0,0,0,0.8
237.176,7.17647,0.289593,230.633,7.45701,0.384615,62,58,114,2,47,1,239,4,24,1,0,4
233.745,7.39674,0.36413,227.951,7.30435,0.353261,12,30,70,4,7,1,0,4,4,0,0,1.6
218.438,7.70625,0.4,211.106,7.05,0.325,1,2,95,0,26,1,169,1,0,1,0,0.8
218.438,7.70625,0.4,211.106,7.05,0.325,25,32,80,4,22,0,0,4,4,1,4,0.8
218.438,7.70625,0.4,211.106,7.05,0.325,0,0,80,4,22,0,0,4,0,1,4,1.6
212.077,7.5,0.380282,227.704,6.97887,0.316901,14,43,76,3,10,1,0,3,8,0,8,5.6
218.438,7.70625,0.4,211.106,7.05,0.325,22,33,94,2,20,0,189,1,8,1,0,3.6
218.438,7.70625,0.4,211.106,7.05,0.325,74,81,74,1,31,0,171,4,44,1,18,7.6
218.438,7.70625,0.4,211.106,7.05,0.325,0,0,74,1,31,0,171,1,0,1,0,0.8
217.33,7.15909,0.3125,225.278,7.57386,0.380682,22,54,57,2,10,1,0,4,0,1,0,0.8
222.621,7.38389,0.393365,235.517,7.54976,0.336493,5,18,66,1,10,0,218,4,0,0,0,4.8
222.621,7.38389,0.393365,235.517,7.54976,0.336493,39,81,66,1,10,0,218,4,12,0,0,1.6
217.33,7.15909,0.3125,225.278,7.57386,0.380682,38,67,82,1,16,1,0,4,12,1,6,4
222.621,7.38389,0.393365,235.517,7.54976,0.336493,32,59,85,1,18,0,0,4,4,0,4,1.6
222.621,7.38389,0.393365,235.517,7.54976,0.336493,51,74,63,2,19,2,0,4,24,0,0,1.6
217.33,7.15909,0.3125,225.278,7.57386,0.380682,0,0,83,1,20,0,0,4,0,1,0,0
217.33,7.15909,0.3125,225.278,7.57386,0.380682,0,2,73,4,9,2,0,0,0,1,0,0
217.33,7.15909,0.3125,225.278,7.57386,0.380682,0,0,73,4,9,2,0,0,0,1,0,0.8
242.378,7.15058,0.339768,244.568,7.12741,0.30888,30,32,83,4,14,2,218,4,10,0,4,1.6
217.33,7.15909,0.3125,225.278,7.57386,0.380682,62,72,72,3,17,1,0,4,30,1,0,2
217.33,7.15909,0.3125,225.278,7.57386,0.380682,2,7,72,3,17,1,0,4,0,1,4,1.6
242.378,7.15058,0.339768,244.568,7.12741,0.30888,0,0,72,3,22,1,139,0,0,0,0,0
242.378,7.15058,0.339768,244.568,7.12741,0.30888,59,70,87,3,29,0,0,4,28,0,8,4.4
239.627,7.69737,0.372807,232.079,7.23246,0.337719,20,38,100,3,16,0,0,4,8,0,8,3.2
218.438,7.70625,0.4,211.106,7.05,0.325,36,57,120,1,26,0,280,4,8,1,4,4.4
234.274,7.4,0.373684,232.363,7.33158,0.342105,51,71,86,1,24,0,0,4,28,1,0,2.8
223.373,7.09016,0.344262,227.578,7.47541,0.385246,51,72,58,2,24,0,0,4,22,0,8,4.4
234.274,7.4,0.373684,232.363,7.33158,0.342105,60,36,122,1,45,2,0,4,42,1,4,9.2
223.373,7.09016,0.344262,227.578,7.47541,0.385246,29,34,115,2,30,0,288,4,10,0,0,0.8
223.373,7.09016,0.344262,227.578,7.47541,0.385246,0,0,115,2,30,0,288,4,0,0,0,1.6
234.274,7.4,0.373684,232.363,7.33158,0.342105,16,20,76,2,23,0,0,4,0,1,6,3.6
234.274,7.4,0.373684,232.363,7.33158,0.342105,53,85,76,2,23,0,0,4,20,1,6,5.2
223.373,7.09016,0.344262,227.578,7.47541,0.385246,9,19,117,2,19,0,294,4,0,0,4,6.4
223.373,7.09016,0.344262,227.578,7.47541,0.385246,1,2,103,5,14,2,0,1,0,1,8,3.2
239.627,7.69737,0.372807,232.079,7.23246,0.337719,34,43,120,2,16,0,190,4,16,0,4,5.6
223.373,7.09016,0.344262,227.578,7.47541,0.385246,3,15,70,3,10,1,0,4,0,1,0,0
239.627,7.69737,0.372807,232.079,7.23246,0.337719,42,59,81,3,25,0,189,4,12,0,0,3.2
223.373,7.09016,0.344262,227.578,7.47541,0.385246,31,55,65,2,20,0,0,4,4,1,0,0.8
223.373,7.09016,0.344262,227.578,7.47541,0.385246,32,64,95,3,22,0,192,4,8,1,0,3.6
239.627,7.69737,0.372807,232.079,7.23246,0.337719,31,54,84,4,28,0,0,4,8,1,4,3.6
242.378,7.15058,0.339768,244.568,7.12741,0.30888,12,21,94,2,22,0,259,4,0,0,10,4
239.627,7.69737,0.372807,232.079,7.23246,0.337719,9,22,76,2,16,0,0,4,4,1,0,1.6
239.627,7.69737,0.372807,232.079,7.23246,0.337719,0,0,76,2,16,0,0,4,0,1,4,3.2
223.373,7.09016,0.344262,227.578,7.47541,0.385246,8,14,95,1,15,1,0,4,0,0,0,1.6
223.373,7.09016,0.344262,227.578,7.47541,0.385246,0,0,95,1,15,1,0,4,0,0,8,4.8
223.373,7.09016,0.344262,227.578,7.47541,0.385246,79,77,113,2,19,0,269,4,30,0,0,3.2
223.373,7.09016,0.344262,227.578,7.47541,0.385246,28,44,113,2,19,0,269,4,16,0,0,4.4
239.627,7.69737,0.372807,232.079,7.23246,0.337719,13,17,97,3,20,1,0,1,0,1,0,0
223.373,7.09016,0.344262,227.578,7.47541,0.385246,0,0,85,2,31,0,0,4,0,0,0,0
223.373,7.09016,0.344262,227.578,7.47541,0.385246,0,0,99,3,16,1,290,1,0,0,0,0.8
239.627,7.69737,0.372807,232.079,7.23246,0.337719,0,0,108,1,12,3,0,0,0,1,0,0
212.077,7.5,0.380282,227.704,6.97887,0.316901,29,54,59,5,17,0,220,4,0,0,0,2.4
233.745,7.39674,0.36413,227.951,7.30435,0.353261,4,5,128,0,25,2,0,0,0,1,12,8.4
234.274,7.4,0.373684,232.363,7.33158,0.342105,30,58,74,3,27,0,249,4,0,0,8,2
233.745,7.39674,0.36413,227.951,7.30435,0.353261,5,9,66,2,18,1,0,1,0,1,4,2.4
234.274,7.4,0.373684,232.363,7.33158,0.342105,27,32,91,1,30,0,203,0,20,0,6,5.6
242.378,7.15058,0.339768,244.568,7.12741,0.30888,0,0,78,3,26,0,0,4,0,1,0,0.8
242.378,7.15058,0.339768,244.568,7.12741,0.30888,40,37,72,3,32,0,211,0,20,1,4,4
237.176,7.17647,0.289593,230.633,7.45701,0.384615,1,3,119,0,14,4,168,4,0,0,0,0.8
237.176,7.17647,0.289593,230.633,7.45701,0.384615,0,0,119,0,14,4,168,0,0,0,4,0.8
218.438,7.70625,0.4,211.106,7.05,0.325,19,28,45,5,27,0,0,4,8,0,0,2.4
218.438,7.70625,0.4,211.106,7.05,0.325,10,22,53,6,15,0,0,4,0,0,0,0
212.077,7.5,0.380282,227.704,6.97887,0.316901,28,49,58,2,33,0,0,4,12,1,6,2
212.077,7.5,0.380282,227.704,6.97887,0.316901,3,10,76,3,15,1,0,4,0,1,4,0.8
218.438,7.70625,0.4,211.106,7.05,0.325,15,22,72,2,30,1,0,4,4,0,0,1.6
218.438,7.70625,0.4,211.106,7.05,0.325,0,0,72,2,30,1,0,4,0,0,0,1.2
212.077,7.5,0.380282,227.704,6.97887,0.316901,19,24,76,4,28,0,156,1,4,1,4,0.8
222.621,7.38389,0.393365,235.517,7.54976,0.336493,1,1,101,2,24,1,0,4,0,0,0,2.8
222.621,7.38389,0.393365,235.517,7.54976,0.336493,64,88,81,0,22,0,215,4,24,0,4,3.6
222.621,7.38389,0.393365,235.517,7.54976,0.336493,23,48,90,2,26,0,0,4,8,0,6,4
212.077,7.5,0.380282,227.704,6.97887,0.316901,0,4,62,3,15,1,0,1,0,1,12,6.4
233.745,7.39674,0.36413,227.951,7.30435,0.353261,0,0,94,3,14,0,0,4,0,0,0,0
212.077,7.5,0.380282,227.704,6.97887,0.316901,0,0,115,2,37,0,320,1,0,1,8,3.6
222.621,7.38389,0.393365,235.517,7.54976,0.336493,65,89,95,0,21,0,0,4,32,0,10,4
223.373,7.09016,0.344262,227.578,7.47541,0.385246,59,74,95,1,15,1,222,4,28,0,4,4
223.373,7.09016,0.344262,227.578,7.47541,0.385246,2,10,95,1,15,1,222,4,0,0,8,3.2
223.373,7.09016,0.344262,227.578,7.47541,0.385246,21,32,67,3,19,0,165,4,8,0,6,3.2
223.373,7.09016,0.344262,227.578,7.47541,0.385246,27,69,67,3,19,0,165,4,12,0,0,2
223.373,7.09016,0.344262,227.578,7.47541,0.385246,31,43,77,4,30,0,0,4,16,0,0,1.6
222.621,7.38389,0.393365,235.517,7.54976,0.336493,0,0,74,2,30,0,207,4,0,0,0,1.6
237.176,7.17647,0.289593,230.633,7.45701,0.384615,66,80,80,2,25,0,0,4,28,0,4,3.2
237.176,7.17647,0.289593,230.633,7.45701,0.384615,51,68,79,1,20,0,0,4,24,0,0,1.6
222.621,7.38389,0.393365,235.517,7.54976,0.336493,16,27,77,1,19,2,210,4,8,0,4,1.6
222.621,7.38389,0.393365,235.517,7.54976,0.336493,2,8,76,4,18,1,0,0,0,0,10,7.6
237.176,7.17647,0.289593,230.633,7.45701,0.384615,73,70,109,0,33,0,216,4,32,0,0,1.6
222.621,7.38389,0.393365,235.517,7.54976,0.336493,44,62,94,1,21,1,0,4,20,0,0,1.2
237.176,7.17647,0.289593,230.633,7.45701,0.384615,63,78,84,4,31,0,229,4,32,0,0,4
218.438,7.70625,0.4,211.106,7.05,0.325,43,75,71,1,20,0,243,1,12,1,4,2.4
237.176,7.17647,0.289593,230.633,7.45701,0.384615,73,73,101,1,19,1,0,4,34,1,12,7.2
217.33,7.15909,0.3125,225.278,7.57386,0.380682,4,15,77,2,6,2,0,4,0,0,4,2
237.176,7.17647,0.289593,230.633,7.45701,0.384615,6,10,83,1,14,1,0,4,0,1,4,3.2
237.176,7.17647,0.289593,230.633,7.45701,0.384615,52,76,79,1,15,0,196,4,28,1,0,2.4
234.274,7.4,0.373684,232.363,7.33158,0.342105,50,54,95,1,19,0,0,4,20,0,4,4.4
234.274,7.4,0.373684,232.363,7.33158,0.342105,0,0,90,2,28,0,0,4,0,0,0,0
237.176,7.17647,0.289593,230.633,7.45701,0.384615,25,23,67,3,30,0,205,4,12,1,4,3.6
234.274,7.4,0.373684,232.363,7.33158,0.342105,0,0,69,1,27,1,0,4,0,0,0,0.8
234.274,7.4,0.373684,232.363,7.33158,0.342105,0,0,69,1,27,1,0,1,0,0,0,0.8
237.176,7.17647,0.289593,230.633,7.45701,0.384615,51,71,76,4,16,0,0,4,24,1,0,0
222.621,7.38389,0.393365,235.517,7.54976,0.336493,0,0,92,0,22,0,0,4,0,0,0,2
223.373,7.09016,0.344262,227.578,7.47541,0.385246,50,63,123,2,24,0,247,4,14,0,0,4.4
223.373,7.09016,0.344262,227.578,7.47541,0.385246,0,0,123,2,24,0,247,4,0,0,6,3.2
218.438,7.70625,0.4,211.106,7.05,0.325,47,60,81,1,20,0,282,1,22,1,0,3.2
218.438,7.70625,0.4,211.106,7.05,0.325,0,0,81,1,20,0,282,4,0,1,4,2.4
218.438,7.70625,0.4,211.106,7.05,0.325,2,5,110,4,22,1,193,4,0,1,4,4.8
218.438,7.70625,0.4,211.106,7.05,0.325,5,9,68,2,16,1,224,4,4,1,4,3.6
242.378,7.15058,0.339768,244.568,7.12741,0.30888,40,48,77,5,29,0,191,4,18,1,0,1.6
242.378,7.15058,0.339768,244.568,7.12741,0.30888,53,64,90,3,25,0,257,4,28,1,0,4.8
218.438,7.70625,0.4,211.106,7.05,0.325,19,52,36,4,20,0,173,4,4,1,0,6
217.33,7.15909,0.3125,225.278,7.57386,0.380682,0,1,85,3,7,3,134,4,0,1,0,2
217.33,7.15909,0.3125,225.278,7.57386,0.380682,22,30,73,4,22,1,208,4,10,1,10,5.2
239.627,7.69737,0.372807,232.079,7.23246,0.337719,10,17,115,1,21,0,0,4,4,0,8,10
217.33,7.15909,0.3125,225.278,7.57386,0.380682,0,0,60,4,16,1,245,0,0,1,0,1.6
233.745,7.39674,0.36413,227.951,7.30435,0.353261,0,0,91,2,19,0,242,4,0,0,8,2.4
217.33,7.15909,0.3125,225.278,7.57386,0.380682,7,6,68,5,24,1,157,0,4,1,0,0
217.33,7.15909,0.3125,225.278,7.57386,0.380682,0,0,58,4,20,0,0,1,0,1,0,0.8
233.745,7.39674,0.36413,227.951,7.30435,0.353261,0,0,77,3,26,0,215,4,0,0,0,0.8
223.373,7.09016,0.344262,227.578,7.47541,0.385246,57,66,87,2,26,0,0,4,36,1,4,3.2
223.373,7.09016,0.344262,227.578,7.47541,0.385246,18,28,56,2,21,0,0,4,8,1,0,1.2
222.621,7.38389,0.393365,235.517,7.54976,0.336493,26,38,67,2,21,0,177,4,12,0,0,5.2
222.621,7.38389,0.393365,235.517,7.54976,0.336493,30,50,92,2,17,0,0,4,12,0,0,2.4
222.621,7.38389,0.393365,235.517,7.54976,0.336493,0,0,92,2,17,0,0,4,0,0,0,2
223.373,7.09016,0.344262,227.578,7.47541,0.385246,52,68,81,3,21,0,0,4,16,1,4,2.8
242.378,7.15058,0.339768,244.568,7.12741,0.30888,20,25,93,3,25,0,0,4,4,0,0,3.2
237.176,7.17647,0.289593,230.633,7.45701,0.384615,74,86,109,0,31,0,0,4,38,0,4,2.8
242.378,7.15058,0.339768,244.568,7.12741,0.30888,20,24,103,2,30,0,308,4,8,1,30,4.8
242.378,7.15058,0.339768,244.568,7.12741,0.30888,35,51,78,3,24,0,0,4,10,1,0,2.8
237.176,7.17647,0.289593,230.633,7.45701,0.384615,17,23,74,3,12,3,0,4,12,0,0,1.6
242.378,7.15058,0.339768,244.568,7.12741,0.30888,73,74,86,2,50,0,151,4,48,1,0,6
242.378,7.15058,0.339768,244.568,7.12741,0.30888,0,0,86,2,50,0,151,4,0,1,8,2.4
233.745,7.39674,0.36413,227.951,7.30435,0.353261,0,0,82,2,32,0,206,4,0,0,4,0.8
233.745,7.39674,0.36413,227.951,7.30435,0.353261,19,36,100,5,12,1,239,4,4,0,4,2.4
219.527,7.65455,0.290909,202.727,7.56364,0.4,2,3,80,2,21,1,0,4,0,1,0,0.8
239.627,7.69737,0.372807,232.079,7.23246,0.337719,4,7,103,2,25,1,0,4,0,0,12,8.4
234.274,7.4,0.373684,232.363,7.33158,0.342105,17,21,69,6,18,2,0,0,10,0,10,4.4
242.378,7.15058,0.339768,244.568,7.12741,0.30888,14,31,79,1,16,0,167,4,0,0,8,2.4
233.745,7.39674,0.36413,227.951,7.30435,0.353261,26,36,78,2,26,0,0,4,12,0,8,4.4
234.274,7.4,0.373684,232.363,7.33158,0.342105,58,78,92,1,17,0,255,4,24,1,8,3.6
234.274,7.4,0.373684,232.363,7.33158,0.342105,20,36,92,1,17,0,255,4,8,1,4,0.8
222.621,7.38389,0.393365,235.517,7.54976,0.336493,21,31,73,3,32,0,181,4,12,0,10,7.6
222.621,7.38389,0.393365,235.517,7.54976,0.336493,29,50,73,3,32,0,181,4,4,0,0,3.2
222.621,7.38389,0.393365,235.517,7.54976,0.336493,0,0,73,3,32,0,181,4,0,0,8,0.8
234.274,7.4,0.373684,232.363,7.33158,0.342105,41,42,99,5,22,1,0,0,20,1,0,4.4
234.274,7.4,0.373684,232.363,7.33158,0.342105,36,36,90,2,22,0,0,4,12,1,8,6.4
222.621,7.38389,0.393365,235.517,7.54976,0.336493,28,58,76,2,18,1,0,4,8,0,0,0.8
222.621,7.38389,0.393365,235.517,7.54976,0.336493,0,0,76,2,18,1,0,4,0,0,10,8.4
237.176,7.17647,0.289593,230.633,7.45701,0.384615,10,17,87,1,17,0,267,4,0,0,0,1.6
233.745,7.39674,0.36413,227.951,7.30435,0.353261,1,9,53,3,10,2,0,0,0,1,0,0
239.627,7.69737,0.372807,232.079,7.23246,0.337719,53,73,70,4,12,0,188,4,20,0,0,1.6
239.627,7.69737,0.372807,232.079,7.23246,0.337719,11,15,66,2,16,2,0,4,6,0,0,3.2
222.621,7.38389,0.393365,235.517,7.54976,0.336493,19,37,110,1,20,0,224,4,0,0,4,1.6
222.621,7.38389,0.393365,235.517,7.54976,0.336493,0,0,70,0,42,0,0,0,0,0,4,2.4
239.627,7.69737,0.372807,232.079,7.23246,0.337719,67,82,85,2,29,0,0,4,32,1,12,6
223.373,7.09016,0.344262,227.578,7.47541,0.385246,49,64,77,2,29,0,186,4,26,0,0,2.4
223.373,7.09016,0.344262,227.578,7.47541,0.385246,0,0,77,2,29,0,186,1,0,0,0,0
239.627,7.69737,0.372807,232.079,7.23246,0.337719,0,0,58,4,20,2,0,4,0,1,4,2.4
223.373,7.09016,0.344262,227.578,7.47541,0.385246,38,60,63,1,27,0,168,4,16,0,0,2.4
239.627,7.69737,0.372807,232.079,7.23246,0.337719,16,37,62,2,28,0,0,4,4,1,0,4
239.627,7.69737,0.372807,232.079,7.23246,0.337719,41,68,62,2,28,0,0,4,16,1,4,4
217.33,7.15909,0.3125,225.278,7.57386,0.380682,0,0,87,3,24,0,189,4,0,0,0,0.8
217.33,7.15909,0.3125,225.278,7.57386,0.380682,0,0,87,3,24,0,189,0,0,0,0,0.8
239.627,7.69737,0.372807,232.079,7.23246,0.337719,10,32,102,1,23,0,0,4,0,1,8,4.8
217.33,7.15909,0.3125,225.278,7.57386,0.380682,8,21,50,6,14,0,0,0,4,0,4,4
239.627,7.69737,0.372807,232.079,7.23246,0.337719,62,74,87,1,24,1,204,4,28,1,8,2.4
239.627,7.69737,0.372807,232.079,7.23246,0.337719,0,0,87,1,24,1,204,4,0,1,0,0.8
217.33,7.15909,0.3125,225.278,7.57386,0.380682,0,0,83,1,28,1,242,4,0,0,0,2.8
222.621,7.38389,0.393365,235.517,7.54976,0.336493,12,21,43,3,23,0,153,4,4,0,0,3.2
242.378,7.15058,0.339768,244.568,7.12741,0.30888,5,13,125,2,29,0,228,1,4,0,4,5.2
237.176,7.17647,0.289593,230.633,7.45701,0.384615,53,75,75,1,29,0,0,4,12,1,0,0.8
234.274,7.4,0.373684,232.363,7.33158,0.342105,6,10,131,3,23,1,0,0,0,0,22,12
233.745,7.39674,0.36413,227.951,7.30435,0.353261,44,69,64,1,27,0,0,4,12,0,0,2.4
233.745,7.39674,0.36413,227.951,7.30435,0.353261,18,24,68,3,25,1,0,4,8,0,0,0.8
217.33,7.15909,0.3125,225.278,7.57386,0.380682,0,5,74,3,26,2,0,0,0,0,4,3.2
218.438,7.70625,0.4,211.106,7.05,0.325,9,24,101,1,20,1,194,1,0,1,8,6
217.33,7.15909,0.3125,225.278,7.57386,0.380682,0,0,76,6,20,1,125,1,0,0,0,1.6
217.33,7.15909,0.3125,225.278,7.57386,0.380682,62,87,87,1,18,0,209,4,44,0,0,1.6
217.33,7.15909,0.3125,225.278,7.57386,0.380682,60,53,62,3,38,0,0,4,50,0,18,8
242.378,7.15058,0.339768,244.568,7.12741,0.30888,16,45,58,5,8,0,0,4,0,1,0,0.8
242.378,7.15058,0.339768,244.568,7.12741,0.30888,0,0,62,4,15,0,148,1,0,1,0,1.2
242.378,7.15058,0.339768,244.568,7.12741,0.30888,28,49,68,4,18,0,0,0,14,1,0,2
212.077,7.5,0.380282,227.704,6.97887,0.316901,7,13,75,2,27,2,0,3,0,0,0,2.4
212.077,7.5,0.380282,227.704,6.97887,0.316901,0,0,75,2,27,2,0,1,0,0,4,1.6
217.33,7.15909,0.3125,225.278,7.57386,0.380682,13,16,74,1,21,1,204,1,4,1,0,1.6
223.373,7.09016,0.344262,227.578,7.47541,0.385246,11,10,92,2,23,1,0,4,8,0,4,2.4
217.33,7.15909,0.3125,225.278,7.57386,0.380682,60,67,95,3,21,0,224,4,36,1,12,8.4
223.373,7.09016,0.344262,227.578,7.47541,0.385246,51,79,88,0,25,0,0,4,20,0,4,1.6
242.378,7.15058,0.339768,244.568,7.12741,0.30888,1,7,82,0,29,1,0,4,0,0,4,2.8
223.373,7.09016,0.344262,227.578,7.47541,0.385246,28,52,42,3,24,0,0,4,8,0,0,1.6
217.33,7.15909,0.3125,225.278,7.57386,0.380682,25,52,59,4,24,0,182,4,10,1,22,6
242.378,7.15058,0.339768,244.568,7.12741,0.30888,40,72,69,1,25,1,0,4,14,0,0,1.2
223.373,7.09016,0.344262,227.578,7.47541,0.385246,79,74,131,1,22,0,222,4,38,1,12,3.2
223.373,7.09016,0.344262,227.578,7.47541,0.385246,64,74,107,0,18,1,0,4,20,1,8,4
223.373,7.09016,0.344262,227.578,7.47541,0.385246,5,13,107,0,18,1,0,4,0,1,0,3.6
212.077,7.5,0.380282,227.704,6.97887,0.316901,8,17,85,6,11,1,138,0,6,1,14,6
212.077,7.5,0.380282,227.704,6.97887,0.316901,12,28,96,3,14,0,242,4,4,1,4,2.4
212.077,7.5,0.380282,227.704,6.97887,0.316901,32,38,95,1,19,0,239,4,16,1,0,3.2
212.077,7.5,0.380282,227.704,6.97887,0.316901,41,68,95,1,19,0,239,1,22,1,0,4
223.373,7.09016,0.344262,227.578,7.47541,0.385246,16,24,62,2,27,0,0,4,4,1,0,0.8
234.274,7.4,0.373684,232.363,7.33158,0.342105,14,29,67,3,18,0,0,4,4,0,0,3.2
237.176,7.17647,0.289593,230.633,7.45701,0.384615,60,74,83,3,25,0,0,4,16,0,4,3.2
237.176,7.17647,0.289593,230.633,7.45701,0.384615,0,0,82,2,14,1,0,4,0,0,0,0
239.627,7.69737,0.372807,232.079,7.23246,0.337719,79,78,109,1,18,1,246,4,52,1,4,0.8
239.627,7.69737,0.372807,232.079,7.23246,0.337719,10,14,109,1,18,1,246,4,4,1,0,0.8
239.627,7.69737,0.372807,232.079,7.23246,0.337719,0,0,61,4,23,0,0,1,0,1,0,0.8
242.378,7.15058,0.339768,244.568,7.12741,0.30888,50,58,81,2,24,0,224,4,24,0,4,2.4
212.077,7.5,0.380282,227.704,6.97887,0.316901,20,25,73,5,13,1,0,4,4,1,6,4.8
212.077,7.5,0.380282,227.704,6.97887,0.316901,22,31,58,5,10,0,0,4,8,1,4,8.8
242.378,7.15058,0.339768,244.568,7.12741,0.30888,0,0,86,2,16,0,150,1,0,0,0,0
222.621,7.38389,0.393365,235.517,7.54976,0.336493,21,14,38,4,27,1,0,0,16,0,14,4.4
217.33,7.15909,0.3125,225.278,7.57386,0.380682,24,69,33,3,9,2,81,4,8,1,0,2
217.33,7.15909,0.3125,225.278,7.57386,0.380682,5,30,69,2,10,0,0,4,0,1,0,2.4
217.33,7.15909,0.3125,225.278,7.57386,0.380682,16,29,67,3,16,0,0,4,8,1,10,8
217.33,7.15909,0.3125,225.278,7.57386,0.380682,0,0,67,3,16,0,0,4,0,1,0,0.8
222.621,7.38389,0.393365,235.517,7.54976,0.336493,7,5,88,2,52,1,185,0,4,0,0,7.6
217.33,7.15909,0.3125,225.278,7.57386,0.380682,29,47,64,2,24,0,0,4,10,1,0,0
239.627,7.69737,0.372807,232.079,7.23246,0.337719,68,72,111,2,22,0,0,4,50,0,0,0.8
242.378,7.15058,0.339768,244.568,7.12741,0.30888,38,51,84,2,37,0,222,4,16,1,4,4.8
242.378,7.15058,0.339768,244.568,7.12741,0.30888,55,77,103,0,34,0,336,4,28,1,18,2.4
234.274,7.4,0.373684,232.363,7.33158,0.342105,51,77,93,0,23,0,0,4,22,1,4,2.8
234.274,7.4,0.373684,232.363,7.33158,0.342105,0,0,93,0,23,0,0,4,0,1,0,0
234.274,7.4,0.373684,232.363,7.33158,0.342105,0,0,63,5,16,0,0,1,0,0,8,4
234.274,7.4,0.373684,232.363,7.33158,0.342105,61,82,90,1,22,0,0,4,20,0,4,2.4
222.621,7.38389,0.393365,235.517,7.54976,0.336493,0,0,70,4,29,0,141,0,0,0,4,4
239.627,7.69737,0.372807,232.079,7.23246,0.337719,88,86,103,3,35,0,0,4,40,1,4,0.8
234.274,7.4,0.373684,232.363,7.33158,0.342105,19,26,77,3,18,1,0,0,6,0,0,0.8
212.077,7.5,0.380282,227.704,6.97887,0.316901,61,55,87,1,43,1,256,4,40,0,0,4.4
222.621,7.38389,0.393365,235.517,7.54976,0.336493,8,13,85,2,13,3,213,4,0,0,0,2.8
217.33,7.15909,0.3125,225.278,7.57386,0.380682,5,6,68,2,22,3,0,0,0,0,6,3.2
219.527,7.65455,0.290909,202.727,7.56364,0.4,40,32,96,1,55,0,295,4,28,0,8,0.8
237.176,7.17647,0.289593,230.633,7.45701,0.384615,36,57,71,3,19,0,0,4,8,0,0,0.8
237.176,7.17647,0.289593,230.633,7.45701,0.384615,0,0,71,3,19,0,0,4,0,0,0,0
237.176,7.17647,0.289593,230.633,7.45701,0.384615,0,0,71,3,19,0,0,0,0,0,0,0.8
222.621,7.38389,0.393365,235.517,7.54976,0.336493,50,66,76,5,23,0,152,4,22,0,0,3.6
234.274,7.4,0.373684,232.363,7.33158,0.342105,3,7,87,2,23,1,171,0,0,0,8,1.6
212.077,7.5,0.380282,227.704,6.97887,0.316901,5,12,115,3,32,1,265,4,0,0,22,4.8
223.373,7.09016,0.344262,227.578,7.47541,0.385246,63,70,83,0,32,1,0,4,32,0,0,3.6
218.438,7.70625,0.4,211.106,7.05,0.325,14,30,85,4,19,1,226,4,0,0,14,4.4
239.627,7.69737,0.372807,232.079,7.23246,0.337719,21,19,93,7,20,2,0,4,14,0,8,3.6
212.077,7.5,0.380282,227.704,6.97887,0.316901,57,44,92,4,36,0,316,4,26,0,12,4
212.077,7.5,0.380282,227.704,6.97887,0.316901,25,28,92,4,36,0,316,4,8,0,4,1.6
218.438,7.70625,0.4,211.106,7.05,0.325,4,7,89,2,16,2,0,4,0,0,8,3.6
237.176,7.17647,0.289593,230.633,7.45701,0.384615,60,77,95,2,21,0,256,4,28,0,0,2.8
242.378,7.15058,0.339768,244.568,7.12741,0.30888,0,0,130,0,31,1,242,4,0,0,0,2
212.077,7.5,0.380282,227.704,6.97887,0.316901,31,47,60,3,37,0,0,4,14,0,16,4.4
212.077,7.5,0.380282,227.704,6.97887,0.316901,48,58,60,3,37,0,0,4,24,0,0,0.8
219.527,7.65455,0.290909,202.727,7.56364,0.4,9,21,91,3,19,0,0,4,0,0,0,1.6
223.373,7.09016,0.344262,227.578,7.47541,0.385246,22,68,60,3,13,1,0,4,4,0,0,0
218.438,7.70625,0.4,211.106,7.05,0.325,1,14,81,3,8,1,184,4,0,0,0,0.8
218.438,7.70625,0.4,211.106,7.05,0.325,0,0,81,3,8,1,184,0,0,0,0,0
239.627,7.69737,0.372807,232.079,7.23246,0.337719,57,61,102,3,30,0,208,4,24,1,4,4.4
217.33,7.15909,0.3125,225.278,7.57386,0.380682,20,10,157,5,39,2,245,0,16,0,0,9.2
234.274,7.4,0.373684,232.363,7.33158,0.342105,36,50,70,2,30,0,0,0,14,0,0,4
234.274,7.4,0.373684,232.363,7.33158,0.342105,40,72,70,2,30,0,0,4,16,0,0,1.6
242.378,7.15058,0.339768,244.568,7.12741,0.30888,2,4,88,3,18,1,219,4,0,0,0,0
239.627,7.69737,0.372807,232.079,7.23246,0.337719,43,51,91,2,31,0,178,4,22,1,8,3.2
222.621,7.38389,0.393365,235.517,7.54976,0.336493,4,5,107,1,18,1,0,4,0,0,10,4
223.373,7.09016,0.344262,227.578,7.47541,0.385246,9,8,97,1,29,1,296,4,6,0,0,1.6
223.373,7.09016,0.344262,227.578,7.47541,0.385246,33,43,79,2,38,0,271,4,10,0,12,5.2
223.373,7.09016,0.344262,227.578,7.47541,0.385246,9,14,87,3,32,1,209,4,4,0,0,1.6
222.621,7.38389,0.393365,235.517,7.54976,0.336493,72,67,114,1,20,1,217,4,44,0,12,2.4
223.373,7.09016,0.344262,227.578,7.47541,0.385246,0,0,97,1,12,1,224,4,0,0,0,0.8
222.621,7.38389,0.393365,235.517,7.54976,0.336493,49,66,68,2,23,1,0,4,30,0,8,3.2
222.621,7.38389,0.393365,235.517,7.54976,0.336493,2,10,68,2,23,1,0,1,0,0,0,0
212.077,7.5,0.380282,227.704,6.97887,0.316901,53,57,85,3,32,0,199,4,22,1,8,5.6
222.621,7.38389,0.393365,235.517,7.54976,0.336493,0,6,69,1,17,0,0,4,0,0,0,0
212.077,7.5,0.380282,227.704,6.97887,0.316901,1,5,71,5,12,1,137,3,0,1,0,0
233.745,7.39674,0.36413,227.951,7.30435,0.353261,6,22,63,6,13,0,0,0,0,1,4,1.6
217.33,7.15909,0.3125,225.278,7.57386,0.380682,21,17,79,5,29,2,135,0,18,0,20,6.4
217.33,7.15909,0.3125,225.278,7.57386,0.380682,6,4,79,5,29,2,135,0,0,0,4,3.2
217.33,7.15909,0.3125,225.278,7.57386,0.380682,26,38,123,2,17,1,0,1,8,0,4,0.8
233.745,7.39674,0.36413,227.951,7.30435,0.353261,32,47,85,2,22,0,0,4,4,1,0,1.6
233.745,7.39674,0.36413,227.951,7.30435,0.353261,9,14,105,1,23,1,0,4,4,1,4,1.6
242.378,7.15058,0.339768,244.568,7.12741,0.30888,0,0,99,2,25,1,268,0,0,0,0,3.6
233.745,7.39674,0.36413,227.951,7.30435,0.353261,52,84,82,1,32,0,0,4,20,1,8,6
233.745,7.39674,0.36413,227.951,7.30435,0.353261,42,57,82,1,32,0,0,4,10,1,8,5.6
242.378,7.15058,0.339768,244.568,7.12741,0.30888,0,0,58,2,40,0,0,4,0,0,0,0.8
233.745,7.39674,0.36413,227.951,7.30435,0.353261,39,53,95,2,28,0,276,4,20,1,16,4.4
242.378,7.15058,0.339768,244.568,7.12741,0.30888,48,79,84,2,20,1,0,4,22,0,0,3.6
242.378,7.15058,0.339768,244.568,7.12741,0.30888,0,0,84,2,20,1,0,4,0,0,0,0.8
237.176,7.17647,0.289593,230.633,7.45701,0.384615,17,34,75,3,11,2,157,4,8,1,4,2.4
237.176,7.17647,0.289593,230.633,7.45701,0.384615,0,0,89,1,14,2,0,0,0,1,0,0
242.378,7.15058,0.339768,244.568,7.12741,0.30888,15,24,88,2,24,0,220,4,4,0,0,0.8
237.176,7.17647,0.289593,230.633,7.45701,0.384615,29,58,56,3,22,0,0,4,8,1,0,0
237.176,7.17647,0.289593,230.633,7.45701,0.384615,36,56,88,3,16,0,0,4,20,1,4,3.6
242.378,7.15058,0.339768,244.568,7.12741,0.30888,3,13,79,3,16,1,249,4,0,0,4,4.8
237.176,7.17647,0.289593,230.633,7.45701,0.384615,47,59,98,1,16,2,0,1,16,1,10,8
223.373,7.09016,0.344262,227.578,7.47541,0.385246,3,3,96,4,20,4,130,1,0,0,4,1.6
223.373,7.09016,0.344262,227.578,7.47541,0.385246,32,49,68,1,26,0,0,4,8,0,0,0.8
237.176,7.17647,0.289593,230.633,7.45701,0.384615,7,13,61,7,19,1,91,3,4,1,0,3.2
223.373,7.09016,0.344262,227.578,7.47541,0.385246,51,77,97,1,30,0,0,4,16,0,0,0.8
237.176,7.17647,0.289593,230.633,7.45701,0.384615,40,61,75,2,21,1,284,4,4,1,0,3.6
237.176,7.17647,0.289593,230.633,7.45701,0.384615,0,0,75,2,21,1,284,4,0,1,0,0
237.176,7.17647,0.289593,230.633,7.45701,0.384615,0,0,75,2,21,1,284,0,0,1,0,0
237.176,7.17647,0.289593,230.633,7.45701,0.384615,1,6,93,1,19,2,0,4,0,1,6,4
233.745,7.39674,0.36413,227.951,7.30435,0.353261,25,32,57,3,24,0,191,0,16,0,10,8
223.373,7.09016,0.344262,227.578,7.47541,0.385246,1,4,114,4,24,1,0,0,0,1,0,0.8
217.33,7.15909,0.3125,225.278,7.57386,0.380682,0,0,103,3,20,0,0,1,0,0,0,0
242.378,7.15058,0.339768,244.568,7.12741,0.30888,0,0,92,2,19,0,0,0,0,1,0,0.8
217.33,7.15909,0.3125,225.278,7.57386,0.380682,59,70,102,2,33,1,280,4,34,0,0,5.6
234.274,7.4,0.373684,232.363,7.33158,0.342105,18,25,84,4,23,0,194,4,8,1,0,0
234.274,7.4,0.373684,232.363,7.33158,0.342105,0,0,84,4,23,0,194,0,0,1,0,2.4
234.274,7.4,0.373684,232.363,7.33158,0.342105,0,0,86,1,24,1,244,4,0,1,4,1.2
218.438,7.70625,0.4,211.106,7.05,0.325,0,0,112,3,7,1,162,0,0,1,0,0.8
218.438,7.70625,0.4,211.106,7.05,0.325,0,0,109,3,17,1,215,0,0,1,0,5.2
218.438,7.70625,0.4,211.106,7.05,0.325,2,2,80,2,33,1,0,1,0,1,0,1.6
219.527,7.65455,0.290909,202.727,7.56364,0.4,7,12,71,3,17,1,0,4,0,0,0,0
223.373,7.09016,0.344262,227.578,7.47541,0.385246,9,21,62,3,11,0,0,4,8,0,4,2.8
222.621,7.38389,0.393365,235.517,7.54976,0.336493,2,6,96,3,23,1,272,4,0,0,6,5.2
218.438,7.70625,0.4,211.106,7.05,0.325,52,70,88,2,20,0,0,4,30,1,0,4.4
242.378,7.15058,0.339768,244.568,7.12741,0.30888,17,29,87,2,29,0,270,4,6,0,4,6.4
242.378,7.15058,0.339768,244.568,7.12741,0.30888,45,47,84,1,28,0,0,4,22,0,0,2.4
242.378,7.15058,0.339768,244.568,7.12741,0.30888,0,0,84,1,28,0,0,4,0,0,0,1.2
223.373,7.09016,0.344262,227.578,7.47541,0.385246,0,0,91,1,29,0,258,4,0,0,0,1.6
222.621,7.38389,0.393365,235.517,7.54976,0.336493,42,79,90,0,16,3,317,4,20,0,12,7.6
222.621,7.38389,0.393365,235.517,7.54976,0.336493,31,66,54,3,25,0,0,4,12,0,0,0.8
217.33,7.15909,0.3125,225.278,7.57386,0.380682,18,34,54,5,27,1,0,3,6,0,0,1.6
217.33,7.15909,0.3125,225.278,7.57386,0.380682,0,0,54,5,27,1,0,0,0,0,4,1.6
217.33,7.15909,0.3125,225.278,7.57386,0.380682,6,12,68,4,14,1,245,0,0,0,10,6.8
217.33,7.15909,0.3125,225.278,7.57386,0.380682,30,33,97,3,38,0,219,1,10,0,6,7.6
222.621,7.38389,0.393365,235.517,7.54976,0.336493,62,72,94,0,29,0,0,4,26,0,0,2.4
239.627,7.69737,0.372807,232.079,7.23246,0.337719,26,55,91,3,16,0,203,4,12,0,0,2.8
223.373,7.09016,0.344262,227.578,7.47541,0.385246,44,49,113,2,21,2,219,4,12,1,4,2.8
223.373,7.09016,0.344262,227.578,7.47541,0.385246,3,13,105,2,21,1,0,4,0,1,0,2.8
234.274,7.4,0.373684,232.363,7.33158,0.342105,77,74,102,3,16,2,168,4,40,0,0,5.6
218.438,7.70625,0.4,211.106,7.05,0.325,5,14,73,2,21,1,0,4,0,0,0,0
218.438,7.70625,0.4,211.106,7.05,0.325,46,69,73,2,21,1,0,4,16,0,4,3.6
234.274,7.4,0.373684,232.363,7.33158,0.342105,0,0,93,3,27,0,0,0,0,0,0,0.8
212.077,7.5,0.380282,227.704,6.97887,0.316901,35,74,81,3,5,1,0,4,16,1,4,1.6
234.274,7.4,0.373684,232.363,7.33158,0.342105,5,4,99,2,46,1,166,0,4,0,4,2.8
239.627,7.69737,0.372807,232.079,7.23246,0.337719,11,29,96,1,15,0,0,0,4,0,8,2.4
239.627,7.69737,0.372807,232.079,7.23246,0.337719,0,0,96,1,15,0,0,4,0,0,0,0
234.274,7.4,0.373684,232.363,7.33158,0.342105,56,62,115,2,30,0,319,4,24,0,8,4
234.274,7.4,0.373684,232.363,7.33158,0.342105,74,68,105,0,36,1,0,4,34,0,0,1.6
212.077,7.5,0.380282,227.704,6.97887,0.316901,24,34,77,4,26,0,163,4,6,1,12,3.2
212.077,7.5,0.380282,227.704,6.97887,0.316901,0,0,79,2,8,2,188,4,0,1,8,5.2
234.274,7.4,0.373684,232.363,7.33158,0.342105,51,60,73,3,21,2,204,4,26,0,8,1.6
239.627,7.69737,0.372807,232.079,7.23246,0.337719,51,77,77,3,21,0,0,4,20,0,0,0
239.627,7.69737,0.372807,232.079,7.23246,0.337719,0,0,77,3,21,0,0,4,0,0,0,0.8
234.274,7.4,0.373684,232.363,7.33158,0.342105,0,0,106,1,9,1,218,4,0,0,4,2.8
222.621,7.38389,0.393365,235.517,7.54976,0.336493,56,69,92,3,18,1,0,4,34,0,4,4
233.745,7.39674,0.36413,227.951,7.30435,0.353261,0,0,103,1,17,1,240,4,0,0,0,1.6
233.745,7.39674,0.36413,227.951,7.30435,0.353261,1,1,106,1,15,1,0,4,0,0,4,0.8
233.745,7.39674,0.36413,227.951,7.30435,0.353261,10,18,84,2,23,0,0,4,0,0,0,2.8
233.745,7.39674,0.36413,227.951,7.30435,0.353261,2,10,126,3,29,1,181,0,0,0,8,1.6
233.745,7.39674,0.36413,227.951,7.30435,0.353261,0,0,126,3,29,1,181,0,0,0,4,1.6
239.627,7.69737,0.372807,232.079,7.23246,0.337719,55,62,98,1,26,0,0,4,24,0,0,0.8
239.627,7.69737,0.372807,232.079,7.23246,0.337719,0,0,97,2,9,1,198,1,0,0,0,3.2
237.176,7.17647,0.289593,230.633,7.45701,0.384615,34,51,103,3,31,0,292,4,14,1,4,1.6
222.621,7.38389,0.393365,235.517,7.54976,0.336493,7,18,114,3,13,0,228,4,0,0,4,0
222.621,7.38389,0.393365,235.517,7.54976,0.336493,1,1,55,5,19,3,0,3,0,0,4,2.8
222.621,7.38389,0.393365,235.517,7.54976,0.336493,0,0,55,5,19,3,0,3,0,0,0,0.8
233.745,7.39674,0.36413,227.951,7.30435,0.353261,33,28,77,5,39,0,0,0,20,1,0,4.4
233.745,7.39674,0.36413,227.951,7.30435,0.353261,0,0,77,5,39,0,0,0,0,1,0,0.8
233.745,7.39674,0.36413,227.951,7.30435,0.353261,0,0,77,5,39,0,0,0,0,1,0,0.8
233.745,7.39674,0.36413,227.951,7.30435,0.353261,36,49,107,5,25,0,213,0,16,1,18,8
223.373,7.09016,0.344262,227.578,7.47541,0.385246,63,66,97,1,29,1,244,4,36,0,0,4
233.745,7.39674,0.36413,227.951,7.30435,0.353261,61,79,107,1,42,0,0,4,32,1,6,3.6
223.373,7.09016,0.344262,227.578,7.47541,0.385246,62,70,103,0,22,2,0,4,32,1,8,6.4
237.176,7.17647,0.289593,230.633,7.45701,0.384615,13,15,71,4,32,0,0,4,4,0,0,0
223.373,7.09016,0.344262,227.578,7.47541,0.385246,0,0,109,3,21,1,0,1,0,1,4,0.8
237.176,7.17647,0.289593,230.633,7.45701,0.384615,23,29,124,2,28,3,230,4,4,0,4,4.4
223.373,7.09016,0.344262,227.578,7.47541,0.385246,27,31,89,2,27,0,248,4,8,1,8,4
223.373,7.09016,0.344262,227.578,7.47541,0.385246,42,66,92,3,12,0,0,4,16,1,4,0.8
223.373,7.09016,0.344262,227.578,7.47541,0.385246,43,65,71,1,17,0,0,4,20,1,22,10
239.627,7.69737,0.372807,232.079,7.23246,0.337719,0,0,95,2,16,1,0,0,0,1,4,2.4
234.274,7.4,0.373684,232.363,7.33158,0.342105,0,0,101,5,18,0,138,1,0,0,4,2.4
234.274,7.4,0.373684,232.363,7.33158,0.342105,0,0,111,1,25,0,249,0,0,0,0,1.6
242.378,7.15058,0.339768,244.568,7.12741,0.30888,26,33,80,3,31,0,0,0,12,0,12,8
242.378,7.15058,0.339768,244.568,7.12741,0.30888,62,81,80,3,31,0,0,4,30,0,4,3.2
239.627,7.69737,0.372807,232.079,7.23246,0.337719,77,74,100,2,37,0,228,4,44,1,4,2.8
237.176,7.17647,0.289593,230.633,7.45701,0.384615,92,82,118,1,30,1,0,4,44,0,0,1.6
242.378,7.15058,0.339768,244.568,7.12741,0.30888,4,14,81,0,11,1,0,4,0,0,0,4
239.627,7.69737,0.372807,232.079,7.23246,0.337719,39,46,71,4,31,0,0,0,24,1,4,3.6
218.438,7.70625,0.4,211.106,7.05,0.325,6,16,66,4,23,0,0,4,0,1,4,2
212.077,7.5,0.380282,227.704,6.97887,0.316901,22,40,69,4,27,0,175,3,4,0,4,3.2
212.077,7.5,0.380282,227.704,6.97887,0.316901,0,0,69,4,27,0,175,4,0,0,0,2.4
212.077,7.5,0.380282,227.704,6.97887,0.316901,0,0,105,2,5,2,0,3,0,0,0,0
242.378,7.15058,0.339768,244.568,7.12741,0.30888,8,23,90,4,14,0,183,4,0,1,0,0.8
242.378,7.15058,0.339768,244.568,7.12741,0.30888,0,0,90,4,14,0,183,1,0,1,0,0.8
217.33,7.15909,0.3125,225.278,7.57386,0.380682,0,0,89,1,22,0,214,4,0,0,0,1.6
217.33,7.15909,0.3125,225.278,7.57386,0.380682,7,18,68,2,12,1,253,1,0,0,0,4
242.378,7.15058,0.339768,244.568,7.12741,0.30888,73,77,83,0,54,0,0,4,50,1,10,4
242.378,7.15058,0.339768,244.568,7.12741,0.30888,64,76,83,0,54,0,0,4,34,1,26,12.8
223.373,7.09016,0.344262,227.578,7.47541,0.385246,0,0,98,3,23,1,177,4,0,0,0,1.2
223.373,7.09016,0.344262,227.578,7.47541,0.385246,14,14,98,3,23,1,177,4,8,0,4,1.6
223.373,7.09016,0.344262,227.578,7.47541,0.385246,28,42,83,3,28,0,0,4,10,0,4,3.6
223.373,7.09016,0.344262,227.578,7.47541,0.385246,52,64,81,2,28,1,0,4,20,0,4,5.2
223.373,7.09016,0.344262,227.578,7.47541,0.385246,0,0,81,2,28,1,0,4,0,0,4,1.6
242.378,7.15058,0.339768,244.568,7.12741,0.30888,23,29,86,2,33,0,0,4,8,1,0,1.6
242.378,7.15058,0.339768,244.568,7.12741,0.30888,48,63,100,2,24,0,278,4,28,1,10,8
237.176,7.17647,0.289593,230.633,7.45701,0.384615,0,0,91,1,45,0,0,0,0,0,0,0
237.176,7.17647,0.289593,230.633,7.45701,0.384615,0,0,101,3,27,0,0,0,0,0,4,2.8
234.274,7.4,0.373684,232.363,7.33158,0.342105,0,0,90,3,22,0,223,0,0,1,0,2.4
218.438,7.70625,0.4,211.106,7.05,0.325,0,0,85,5,23,1,0,1,0,1,0,1.6
234.274,7.4,0.373684,232.363,7.33158,0.342105,25,33,90,2,22,0,158,0,12,0,6,6.8
218.438,7.70625,0.4,211.106,7.05,0.325,71,71,112,2,26,0,161,4,44,1,14,4
234.274,7.4,0.373684,232.363,7.33158,0.342105,0,5,84,4,25,1,0,0,0,1,0,0
233.745,7.39674,0.36413,227.951,7.30435,0.353261,3,4,83,1,19,1,216,1,0,0,8,3.2
218.438,7.70625,0.4,211.106,7.05,0.325,20,15,65,2,36,0,0,4,12,1,4,2.4
218.438,7.70625,0.4,211.106,7.05,0.325,56,82,65,2,36,0,0,4,28,1,12,4.8
222.621,7.38389,0.393365,235.517,7.54976,0.336493,0,0,100,2,30,0,242,0,0,0,12,4.8
222.621,7.38389,0.393365,235.517,7.54976,0.336493,56,74,96,1,17,1,0,4,20,0,12,8.4
222.621,7.38389,0.393365,235.517,7.54976,0.336493,8,12,96,1,17,1,0,4,0,0,6,3.2
222.621,7.38389,0.393365,235.517,7.54976,0.336493,25,30,92,2,28,0,254,4,12,0,0,4
223.373,7.09016,0.344262,227.578,7.47541,0.385246,5,3,143,2,18,3,280,0,4,1,8,2.4
223.373,7.09016,0.344262,227.578,7.47541,0.385246,3,8,90,1,23,1,0,4,0,1,0,1.6
222.621,7.38389,0.393365,235.517,7.54976,0.336493,9,14,112,3,26,2,197,0,4,0,8,4.4
222.621,7.38389,0.393365,235.517,7.54976,0.336493,74,74,108,0,46,0,0,4,44,1,4,2.8
212.077,7.5,0.380282,227.704,6.97887,0.316901,29,34,106,2,28,0,328,4,4,0,12,3.2
218.438,7.70625,0.4,211.106,7.05,0.325,8,12,102,3,23,1,224,0,4,1,8,6
212.077,7.5,0.380282,227.704,6.97887,0.316901,0,4,68,2,16,2,234,4,0,1,12,4.8
233.745,7.39674,0.36413,227.951,7.30435,0.353261,7,11,91,1,26,1,0,0,0,0,0,0.8
212.077,7.5,0.380282,227.704,6.97887,0.316901,0,1,79,0,20,2,220,4,0,1,0,0
212.077,7.5,0.380282,227.704,6.97887,0.316901,10,13,79,0,20,2,220,4,8,1,10,4.4
212.077,7.5,0.380282,227.704,6.97887,0.316901,0,0,79,0,20,2,220,4,0,1,10,4.4
242.378,7.15058,0.339768,244.568,7.12741,0.30888,68,81,86,1,26,0,0,4,32,0,6,3.2
239.627,7.69737,0.372807,232.079,7.23246,0.337719,20,16,114,2,27,0,288,4,12,1,0,3.2
239.627,7.69737,0.372807,232.079,7.23246,0.337719,53,67,121,0,19,0,0,4,16,1,24,12.4
239.627,7.69737,0.372807,232.079,7.23246,0.337719,71,67,97,3,31,1,0,4,32,1,8,4.4
242.378,7.15058,0.339768,244.568,7.12741,0.30888,9,12,132,1,25,1,324,4,4,0,8,6.8
237.176,7.17647,0.289593,230.633,7.45701,0.384615,62,71,109,1,23,0,0,4,28,0,12,7.2
222.621,7.38389,0.393365,235.517,7.54976,0.336493,0,0,51,5,16,0,170,1,0,0,0,0.8
242.378,7.15058,0.339768,244.568,7.12741,0.30888,38,56,107,1,18,0,282,4,12,1,4,3.6
234.274,7.4,0.373684,232.363,7.33158,0.342105,50,51,102,2,35,1,221,4,24,0,0,1.6
242.378,7.15058,0.339768,244.568,7.12741,0.30888,0,1,126,2,44,2,220,4,0,1,4,1.6
242.378,7.15058,0.339768,244.568,7.12741,0.30888,0,0,126,2,44,2,220,0,0,1,0,0
233.745,7.39674,0.36413,227.951,7.30435,0.353261,0,0,107,3,21,0,0,0,0,1,0,0
233.745,7.39674,0.36413,227.951,7.30435,0.353261,41,37,130,2,45,1,0,4,22,1,0,3.6
239.627,7.69737,0.372807,232.079,7.23246,0.337719,13,21,94,4,24,0,188,0,4,0,18,8.4
233.745,7.39674,0.36413,227.951,7.30435,0.353261,0,0,107,1,37,0,247,4,0,1,0,0.8
233.745,7.39674,0.36413,227.951,7.30435,0.353261,0,0,107,1,37,0,247,4,0,1,0,0.8
223.373,7.09016,0.344262,227.578,7.47541,0.385246,58,60,127,1,36,0,213,4,26,1,0,0.8
223.373,7.09016,0.344262,227.578,7.47541,0.385246,0,0,102,3,29,1,171,1,0,1,0,1.2
222.621,7.38389,0.393365,235.517,7.54976,0.336493,0,3,72,3,22,1,0,0,0,0,0,0
212.077,7.5,0.380282,227.704,6.97887,0.316901,0,0,58,3,25,0,122,4,0,1,0,2
212.077,7.5,0.380282,227.704,6.97887,0.316901,31,50,75,1,22,0,0,3,0,1,4,1.6
212.077,7.5,0.380282,227.704,6.97887,0.316901,0,0,75,1,22,0,0,4,0,1,4,2.4
212.077,7.5,0.380282,227.704,6.97887,0.316901,49,64,88,0,18,2,0,1,26,1,6,4.8
212.077,7.5,0.380282,227.704,6.97887,0.316901,0,0,88,0,18,2,0,1,0,1,0,0
212.077,7.5,0.380282,227.704,6.97887,0.316901,45,61,93,2,20,1,216,4,12,1,4,3.6
219.527,7.65455,0.290909,202.727,7.56364,0.4,67,71,75,1,27,1,0,0,36,0,0,3.2
212.077,7.5,0.380282,227.704,6.97887,0.316901,0,0,102,2,27,0,251,1,0,1,4,1.6
212.077,7.5,0.380282,227.704,6.97887,0.316901,48,62,51,3,26,0,0,4,32,1,0,3.6
212.077,7.5,0.380282,227.704,6.97887,0.316901,13,27,63,4,11,0,124,4,0,0,12,3.2
212.077,7.5,0.380282,227.704,6.97887,0.316901,14,16,69,3,20,1,161,4,10,0,0,0
212.077,7.5,0.380282,227.704,6.97887,0.316901,20,46,69,3,20,1,161,4,6,0,0,2.4
212.077,7.5,0.380282,227.704,6.97887,0.316901,40,52,107,3,24,1,212,4,12,0,4,4
